1602	Bronze Bastard Sword	青铜手半剑
1603	Viking Sword	青铜维京剑
1604	Ash Macuahuitl	梣木石刃棒
1605	Bronze Spatha	青铜骑兵剑
1607	Brass Bastard Sword	黄铜手半剑
1609	Brass Viking Sword	黄铜维京剑
1611	Carnage Sword	残戮剑
1614	Iron Shortsword	黑铁短剑
1622	Iron Spatha	黑铁骑兵剑
1625	Steel Broadsword	白钢宽刃剑
1627	Elm Macuahuitl	榆木石刃棒
1633	Steel Falchion	白钢弯刃刀
1635	Vintage Bastard Sword	古典手半剑
1637	Walnut Macuahuitl	胡桃石刃棒
1639	Steel Longsword	白钢长剑
1642	Goblin Scimitar	哥布林弯刀
1643	Mythril Broadsword	秘银宽刃剑
1648	Vintage Viking Sword	古典维京剑
1649	Goblin Longsword	哥布林长剑
1650	Plumed Oak Macuahuitl	白羽橡木石刃棒
1657	Cobalt Katzbalger	钴铁斗剑
1659	Cobalt Shamshir	钴铁赛施尔长刀
1663	Cobalt Winglet	钴铁翼剑
1666	Giantsgall Longsword	巨胆长剑
1670	Aeolian Scimitar	神风弯刀
1673	Mailbreaker	破甲锋
1681	Bone Hora	兽骨骨拳
1682	Leather Himantes	鞣革护拳
1683	Ramhorn Claws	牡羊角爪
1684	Bronze Knuckles	青铜指虎
1685	Hard Leather Himantes	硬革护拳
1686	Brass Knuckles	黄铜指虎
1688	Goatskin Cesti	硬革钢拳
1694	Spiked Knuckles	铁甲指虎
1697	Toadskin Cesti	蟾蜍钢拳
1699	Steel Claws	白钢爪
1706	Crabshell Hora	蟹甲骨拳
1708	Boarskin Himantes	野猪护拳
1711	Mythril Claws	秘银爪
1716	Tortoiseshell Hora	龟甲骨拳
1723	Cobalt Knuckles	钴铁指虎
1728	Peisteskin Cesti	毒蜥蜴革钢拳
1732	Vintage Hora	古典骨拳
1733	Cobalt Claws	钴铁爪
1736	Giantsgall Claws	巨胆利爪
1740	Wildling's Cesti	野性钢拳
1743	Avengers	复仇烈拳
1750	Bronze War Axe	青铜战斧
1751	Bronze Labrys	青铜双刃斧
1752	Cloud Axe	阴云战斧
1753	Spiked Bronze Labrys	青铜刺柄双刃斧
1754	Iron War Axe	黑铁战斧
1756	Iron Labrys	黑铁双刃斧
1758	Inferno Axe	业火战斧
1764	Iron Bill	黑铁钩斧
1766	Thunderstorm Axe	雷暴战斧
1769	Spiked Steel Labrys	白钢刺柄双刃斧
1776	Steel Bardiche	白钢巨斧
1778	Steel Bhuj	白钢长刃斧
1781	Spiked Mythril Labrys	秘银刺柄双刃斧
1786	Mythril Bhuj	秘银长刃斧
1796	Buccaneer's Bardiche	海盗巨斧
1800	Vintage Bill	古典钩斧
1801	Demilune Bhuj	半月长刃斧
1803	Spiked Cobalt Labrys	钴铁刺柄双刃斧
1806	Giantsgall War Axe	巨胆战斧
1810	Barbarian's Bardiche	野蛮巨斧
1813	Rampager	暴怒震斧
1820	Bone Harpoon	兽骨渔枪
1821	Bronze Spear	青铜长枪
1822	Ramhorn Harpoon	牡羊角渔枪
1823	Feathered Harpoon	犬牙渔枪
1824	Brass Spear	黄铜长枪
1825	Iron Spear	黑铁长枪
1827	Iron Lance	黑铁骑枪
1833	Iron Guisarme	黑铁战戈
1836	Silver Battle Fork	白银战叉
1838	Steel Halberd	黑铁战戟
1845	Steel Spear	白钢长枪
1847	Heavy Steel Lance	白钢重骑枪
1850	Yarzonshell Harpoon	蟹甲渔枪
1855	Mythril Lance	秘银骑枪
1862	Cobalt Halberd	钴铁战戟
1867	Cobalt Trident	三尖枪
1871	Vintage Guisarme	古典战戈
1872	Hart Guisarme	雄鹿战戈
1875	Giantsgall Trident	巨胆三尖枪
1879	Champion's Lance	冠军骑枪
1882	Obelisk	方尖枪
1891	Maple Shortbow	枫木短弓
1892	Maple Longbow	枫木长弓
1893	Plumed Maple Shortbow	白羽枫木短弓
1894	Wrapped Maple Longbow	革装枫木长弓
1895	Ash Shortbow	梣木短弓
1897	Elm Longbow	榆木长弓
1899	Elm Velocity Bow	高速榆木短弓
1905	Wrapped Elm Longbow	革装榆木长弓
1908	Ash Composite Bow	梣木复合弓
1915	Ash Cavalry Bow	梣木骑兵弓
1917	Oak Longbow	橡木长弓
1920	Mythril Cavalry Bow	秘银骑兵弓
1925	Oak Composite Bow	橡木复合弓
1932	Cobalt Cavalry Bow	钴铁骑兵弓
1937	Yew Longbow	紫杉长弓
1941	Vintage Bow	古典战弓
1942	Crab Bow	蟹甲战弓
1945	Giantsgall Longbow	巨胆长弓
1949	Longarm's Composite Bow	长臂复合弓
1953	Sarnga	萨伦伽光弓
1958	Maple Wand	枫木幻杖
1959	Whispering Maple Wand	低语枫木幻杖
1960	Budding Maple Wand	绿叶枫木幻杖
1961	Ash Wand	梣木幻杖
1963	Budding Ash Wand	绿叶梣木幻杖
1965	Whispering Ash Wand	低语梣木幻杖
1967	Yew Wand	紫杉幻杖
1969	Budding Yew Wand	绿叶紫杉幻杖
1971	Budding Oak Wand	绿叶橡木幻杖
1974	Wand of Frost	冰华幻杖
1976	Wand of Tremors	土华幻杖
1978	Wand of Tides	水华幻杖
1981	Wand of Flames	火华幻杖
1983	Wand of Gales	风华幻杖
1985	Wand of Storms	雷华幻杖
1987	Budding Rosewood Wand	绿叶紫檀幻杖
1996	Maple Cane	枫木牧杖
1997	Maple Crook	枫木手杖
1998	Ash Radical	梣木根杖
2000	Elm Cane	榆木牧杖
2002	Elm Crook	榆木手杖
2004	Yew Radical	紫杉根杖
2010	Pastoral Yew Cane	铜铃紫杉牧杖
2011	Yew Crook	紫杉手杖
2015	Walnut Cane	胡桃木牧杖
2021	Plumed Yew Crook	黑羽手杖
2023	Oak Radical	橡木根杖
2026	Pastoral Oak Cane	铜铃橡木牧杖
2030	Sprouting Rosewood Radical	萌芽紫檀根杖
2039	Jade Crook	翡翠手杖
2041	Vintage Cane	古典牧杖
2044	Pastoral Mahogany Cane	铜铃红木牧杖
2047	Tane Mahuta	树灵神
2048	Giantsgall Cane	巨胆牧杖
2049	Madman's Whispering Rod	狂人低语
2051	Alkalurops	七公六杖
2056	Bone Brand	兽骨咒角
2057	Copper Scepter	红铜咒杖
2058	Bronze Scepter	青铜咒杖
2059	Brass Cudgel	黄铜咒锤
2061	Decorated Copper Scepter	黄铜咒杖
2063	Wind Brand	风华咒角
2066	Ice Brand	冰华咒角
2069	Silver Scepter	白银咒杖
2071	Earth Brand	土华咒角
2076	Decorated Silver Scepter	熏银咒杖
2078	Fire Brand	火华咒角
2083	Lightning Brand	雷华咒角
2088	Electrum Scepter	绿金咒杖
2093	Vintage Cudgel	古典咒锤
2094	Water Brand	水华咒角
2097	Jade Scepter	翡翠咒杖
2102	Sanguine Scepter	染血咒杖
2106	Bone Staff	兽骨长杖
2107	Ramhorn Staff	牡羊角长杖
2108	Decorated Bone Staff	蟹甲兽骨长杖
2109	Toothed Ramhorn Staff	兽齿牡羊角长杖
2111	Staghorn Staff	羚羊角长杖
2116	Sanguine Horn Staff	血角长杖
2118	Toothed Staghorn Staff	兽齿羚羊角长杖
2121	Goathorn Staff	山羊角长杖
2123	Toothed Goathorn Staff	兽齿山羊角长杖
2125	Horn Staff	兽角长杖
2130	Black Horn Staff	黑角长杖
2133	Ivory Staff	白牙长杖
2136	Giantsgall Longstaff	巨胆长杖
2139	Astrolabe	星盘杖
2143	Leather Grimoire	鞣革魔导书
2144	Maple Picatrix	枫木巫书
2145	Engraved Leather Grimoire	雕花鞣革魔导书
2146	Ash Picatrix	梣木巫书
2147	Hard Leather Grimoire	硬革魔导书
2149	Engraved Hard Leather Grimoire	雕花硬革魔导书
2151	Yew Picatrix	紫杉巫书
2156	Goatskin Grimoire	山羊革魔导书
2160	Engraved Goatskin Grimoire	雕花山羊革魔导书
2166	Book of Silver	白银之书
2169	Embossed Book of Silver	雕花白银之书
2174	Book of Mythril	秘银之书
2184	Vintage Picatrix	古典巫书
2185	Book of Electrum	绿金之书
2189	Embossed Book of Electrum	雕花绿金之书
2193	Cantamina Thavnaria	萨维奈魔咒书
2194	Medica Thavnaria	萨维奈愈咒书
2201	Erudite's Picatrix of Healing	博学治愈巫书
2202	Erudite's Picatrix of Casting	博学咏咒巫书
2211	Deus Ex Verbis	神言集
2212	Deus Ex Gratia	神恩集
2219	Square Maple Shield	枫木方盾
2220	Company Escutcheon	部队纹章盾
2226	Bronze Hoplon	青铜重盾
2228	Round Shield	圆盾
2229	Leather Targe	鞣革皮盾
2230	Bronze Scutum	青铜步兵盾
2231	Bronze Buckler	青铜小圆盾
2233	Square Ash Shield	梣木方盾
2236	Iron Hoplon	黑铁重盾
2238	Vintage Square Shield	古典方盾
2239	Ironclad Bronze Buckler	镶铁小圆盾
2241	Iron Lantern Shield	黑铁机关盾
2242	Iron Scutum	黑铁步兵盾
2244	Vintage Hoplon	古典重盾
2246	Viper-crested Round Shield	蛇纹圆盾
2248	Iron Kite Shield	黑铁鸢盾
2250	Goatskin Targe	山羊革皮盾
2257	Bull Hoplon	公牛重盾
2260	Decorated Buckler	镶银小圆盾
2262	Decorated Iron Scutum	镶银步兵盾
2264	Vintage Buckler	古典小圆盾
2268	Bladed Lantern Shield	双剑机关盾
2270	Raptorskin Targe	盗龙革皮盾
2278	Vintage Scutum	古典步兵盾
2279	Cobalt Scutum	钴铁步兵盾
2287	Eagle-crested Round Shield	鹰纹圆盾
2289	Vintage Round Shield	古典圆盾
2294	Kite Shield	鸢盾
2296	Cobalt Bladed Lantern Shield	钴铁双剑机关盾
2298	Oxblood Targe	牛血皮盾
2300	Vintage Kite Shield	古典鸢盾
2302	Darksteel Scutum	玄钢步兵盾
2303	Darksteel Buckler	玄钢小圆盾
2304	Spruce Round Shield	云杉圆盾
2315	Bronze Saw	青铜手锯
2316	Amateur's Saw	业余手锯
2317	Chocobotail Saw	陆行鸟手锯
2318	Initiate's Saw	新来者手锯
2319	Bas-relief Iron Saw	黑铁雕纹手锯
2320	Iron Chocobotail Saw	黑铁陆行鸟手锯
2321	Bas-relief Steel Saw	白钢雕纹手锯
2322	Crosscut Saw	横切手锯
2323	Mythril Saw	秘银手锯
2324	Mythril Chocobotail Saw	秘银陆行鸟手锯
2325	Bas-relief Cobalt Saw	钴铁雕纹手锯
2328	Amateur's Claw Hammer	业余羊角锤
2329	Bronze Claw Hammer	青铜羊角锤
2331	Iron Claw Hammer	黑铁羊角锤
2332	Initiate's Claw Hammer	新来者羊角锤
2334	Steel Claw Hammer	白钢羊角锤
2335	Wrapped Steel Claw Hammer	革柄白钢羊角锤
2337	Mythril Claw Hammer	秘银羊角锤
2338	Cobalt Claw Hammer	钴铁羊角锤
2339	Militia Claw Hammer	民兵羊角锤
2341	Bronze Cross-pein Hammer	青铜横头锤
2342	Amateur's Cross-pein Hammer	业余横头锤
2343	Birdsbeak Hammer	青铜鸟嘴锤
2344	Iron Cross-pein Hammer	黑铁横头锤
2345	Initiate's Cross-pein Hammer	新来者横头锤
2346	Crowsbeak Hammer	黑铁鸟嘴锤
2347	Heavy Crowsbeak Hammer	加重鸟嘴锤
2348	Steel Cross-pein Hammer	白钢横头锤
2349	Steel Crowsbeak Hammer	白钢鸟嘴锤
2350	Wrapped Crowsbeak Hammer	革柄白钢鸟嘴锤
2351	Cobalt Cross-pein Hammer	钴铁横头锤
2352	Wrapped Hawksbeak Hammer	革柄鸟嘴锤
2355	Amateur's File	业余锉刀
2356	Bronze File	青铜锉刀
2358	Iron File	黑铁锉刀
2359	Initiate's File	新来者锉刀
2361	Steel File	白钢锉刀
2363	Mythril File	秘银锉刀
2364	Cobalt File	钴铁锉刀
2365	Militia File	民兵锉刀
2367	Bronze Doming Hammer	青铜铸甲锤
2368	Amateur's Doming Hammer	业余铸甲锤
2369	Bronze Raising Hammer	青铜圆头锤
2370	Iron Doming Hammer	黑铁铸甲锤
2371	Initiate's Doming Hammer	新来者铸甲锤
2372	Iron Raising Hammer	黑铁圆头锤
2373	Wrapped Iron Raising Hammer	革柄圆头锤
2374	Steel Doming Hammer	白钢铸甲锤
2375	Steel Raising Hammer	白钢圆头锤
2376	Cobalt Doming Hammer	钴铁铸甲锤
2377	Cobalt Raising Hammer	钴铁圆头锤
2380	Amateur's Pliers	业余手钳
2381	Bronze Pliers	青铜手钳
2383	Iron Pliers	黑铁手钳
2384	Initiate's Pliers	新来者手钳
2386	Steel Pliers	白钢手钳
2388	Mythril Pliers	秘银手钳
2389	Cobalt Pliers	钴铁手钳
2390	Militia Pliers	民兵手钳
2392	Bronze Chaser Hammer	青铜雕金锤
2393	Amateur's Chaser Hammer	业余雕金锤
2394	Bronze Ornamental Hammer	青铜装饰锤
2395	Iron Chaser Hammer	黑铁雕金锤
2396	Initiate's Chaser Hammer	新来者雕金锤
2397	Iron Ornamental Hammer	黑铁装饰锤
2398	Steel Chaser Hammer	白钢雕金锤
2399	Steel Ornamental Hammer	白钢装饰锤
2400	Mythril Ornamental Hammer	秘银装饰锤
2401	Mythril Lapidary Hammer	秘银工艺锤
2402	Electrum Lapidary Hammer	绿金工艺锤
2405	Amateur's Grinding Wheel	业余砂轮机
2406	Ragstone Grinding Wheel	砂岩砂轮机
2408	Mudstone Grinding Wheel	泥岩砂轮机
2409	Initiate's Grinding Wheel	新来者砂轮机
2411	Siltstone Grinding Wheel	粉岩砂轮机
2413	Garnet Grinding Wheel	宝石砂轮机
2414	Basilisk Grinding Wheel	石蜥蜴砂轮机
2415	Militia Grinding Wheel	民兵砂轮机
2417	Bronze Head Knife	青铜裁皮刀
2418	Amateur's Head Knife	业余裁皮刀
2419	Brass Head Knife	黄铜裁皮刀
2420	Initiate's Head Knife	新来者裁皮刀
2421	Iron Round Knife	黑铁圆革刀
2422	Iron Head Knife	黑铁裁皮刀
2423	Silver Head Knife	白银裁皮刀
2424	Steel Round Knife	白钢圆革刀
2425	Mythril Head Knife	秘银裁皮刀
2426	Mythril Round Knife	秘银圆革刀
2427	Electrum Head Knife	绿金裁皮刀
2430	Amateur's Awl	业余平斩
2431	Bronze Awl	青铜平斩
2433	Iron Awl	黑铁平斩
2434	Initiate's Awl	新来者平斩
2436	Steel Awl	白钢平斩
2437	Wrapped Steel Awl	革柄白钢平斩
2439	Mythril Awl	秘银平斩
2440	Cobalt Awl	钴铁平斩
2441	Militia Awl	民兵平斩
2443	Copper Needle	红铜缝针
2444	Bat Fang Needle	蝠牙缝针
2445	Amateur's Needle	业余缝针
2446	Brass Needle	黄铜缝针
2447	Initiate's Needle	新来者缝针
2448	Silver Needle	白银缝针
2449	Worm Fang Needle	虫牙针
2450	Mythril Needle	秘银缝针
2451	Wolf Fang Needle	狼牙缝针
2452	Thousand Needle	仙人针
2453	Electrum Needle	绿金缝针
2456	Amateur's Spinning Wheel	业余纺车
2457	Ash Spinning Wheel	梣木纺车
2459	Initiate's Spinning Wheel	新来者纺车
2460	Elm Spinning Wheel	榆木纺车
2462	Walnut Spinning Wheel	胡桃纺车
2464	Mahogany Spinning Wheel	红木纺车
2465	Rosewood Spinning Wheel	紫檀纺车
2466	Militia Spinning Wheel	民兵纺车
2468	Bronze Alembic	青铜蒸馏器
2469	Amateur's Alembic	业余蒸馏器
2470	Brass Alembic	黄铜蒸馏器
2471	Initiate's Alembic	新来者蒸馏器
2472	Iron Alembic	黑铁蒸馏器
2473	Conical Alembic	特制蒸馏器
2474	Steel Alembic	白钢蒸馏器
2475	Silver Alembic	白银蒸馏器
2476	Mythril Alembic	秘银蒸馏器
2477	Electrum Alembic	绿金蒸馏器
2478	Thermal Alembic	热能蒸馏器
2481	Amateur's Mortar	业余研钵
2482	Bronze Mortar	青铜研钵
2484	Iron Mortar	黑铁研钵
2485	Initiate's Mortar	新来者研钵
2487	Steel Mortar	白钢研钵
2488	Heavy Steel Mortar	重钢研钵
2490	Mythril Mortar	秘银研钵
2491	Cobalt Mortar	钴铁研钵
2492	Militia Mortar	民兵研钵
2494	Bronze Skillet	青铜平底锅
2495	Amateur's Skillet	业余平底锅
2496	Iron Skillet	黑铁平底锅
2497	Initiate's Skillet	新来者平底锅
2498	Iron Frypan	黑铁煎锅
2499	Bomb Frypan	爆弹煎锅
2500	Steel Skillet	白钢平底锅
2501	White Skillet	纯白平底锅
2502	Steel Frypan	白钢煎锅
2503	Cobalt Skillet	钴铁平底锅
2504	Hells' Kitchen	地狱厨锅
2507	Amateur's Culinary Knife	业余厨刀
2508	Bronze Culinary Knife	青铜厨刀
2510	Iron Culinary Knife	黑铁厨刀
2511	Initiate's Culinary Knife	新来者厨刀
2513	Steel Culinary Knife	白钢厨刀
2514	Wrapped Steel Culinary Knife	革柄白钢厨刀
2516	Mythril Culinary Knife	秘银厨刀
2517	Cobalt Culinary Knife	钴铁厨刀
2518	Militia Culinary Knife	民兵厨刀
2520	Bronze Pickaxe	青铜鹤嘴锄
2521	Amateur's Pickaxe	业余鹤嘴锄
2522	Plumed Bronze Pickaxe	白羽鹤嘴锄
2523	Iron Pickaxe	黑铁鹤嘴锄
2524	Initiate's Pickaxe	新来者鹤嘴锄
2525	Iron Dolabra	黑铁鹤嘴镐
2526	Steel Pickaxe	白钢鹤嘴锄
2527	Steel Dolabra	白钢鹤嘴镐
2528	Plumed Mythril Pickaxe	秘银鹤嘴锄
2529	Cobalt Dolabra	钴铁鹤嘴镐
2530	Egret Dolabra	小鹰鹤嘴镐
2534	Bronze Sledgehammer	青铜碎石锤
2536	Initiate's Sledgehammer	新来者碎石锤
2537	Iron Sledgehammer	黑铁碎石锤
2539	Steel Sledgehammer	白钢碎石锤
2540	Wrapped Steel Sledgehammer	革柄白钢碎石锤
2542	Mythril Sledgehammer	秘银碎石锤
2543	Cobalt Sledgehammer	钴铁碎石锤
2544	Militia Sledgehammer	民兵碎石锤
2546	Bronze Hatchet	青铜手斧
2547	Amateur's Hatchet	业余手斧
2548	Iron Hatchet	黑铁手斧
2549	Initiate's Hatchet	新来者手斧
2550	Brass Hatchet	黄铜手斧
2551	Plumed Iron Hatchet	黑铁陆行鸟手斧
2552	Steel Hatchet	白钢手斧
2553	Plumed Steel Hatchet	白钢陆行鸟手斧
2554	Mythril Hatchet	秘银手斧
2555	Cobalt Hatchet	钴铁手斧
2556	Horned Hatchet	兽角手斧
2560	Bronze Scythe	青铜镰刀
2562	Iron Scythe	黑铁镰刀
2563	Initiate's Scythe	新来者镰刀
2565	Steel Scythe	白钢镰刀
2566	Wrapped Steel Scythe	革柄白钢镰刀
2568	Mythril Scythe	秘银镰刀
2569	Cobalt Scythe	钴铁镰刀
2570	Militia Scythe	民兵镰刀
2572	Maple Fishing Rod	柳木钓竿
2573	Amateur's Fishing Rod	业余钓竿
2574	Elm Fishing Rod	榆木钓竿
2575	Initiate's Fishing Rod	新来者钓竿
2576	Yew Fishing Rod	紫杉钓竿
2577	Staghorn Fishing Rod	羚羊角钓竿
2578	Walnut Fishing Rod	胡桃钓竿
2579	Horn Fishing Rod	兽角钓竿
2580	Mahogany Fishing Rod	红木钓竿
2581	Rosewood Fishing Rod	紫檀钓竿
2582	Gilded Rosewood Fishing Rod	镀金紫檀钓竿
2588	Crayfish Ball	蝲蛄丸子
2589	Goby Ball	虾虎丸子
2593	Crab Ball	螃蟹丸子
2595	Bass Ball	鲈鱼丸子
2598	Herring Ball	鲱鱼丸子
2610	Chocobo Fly	陆行鸟拟饵
2611	Floating Minnow	漂浮诱饵鱼
2612	Brass Spoon Lure	黄铜勺形鱼饵
2614	Crow Fly	乌鸦拟饵
2615	Silver Spoon Lure	白银勺形鱼饵
2616	Steel Jig	铁板钩
2617	Sinking Minnow	下沉诱饵鱼
2618	Snurble Fly	毛球拟饵
2619	Heavy Steel Jig	重铁板钩
2620	Spinner	旋转亮片
2622	Mythril Spoon Lure	秘银勺形鱼饵
2623	Wildfowl Fly	雉鸡拟饵
2624	Topwater Frog	漂浮诱饵蛙
2625	Rainbow Spoon Lure	彩虹勺形鱼饵
2626	Spinnerbait	复合亮片
2627	Streamer	羽毛拟饵
2628	Yumizuno	弓角
2629	Hempen Coif	草布兜帽
2630	Hempen Coif of Gathering	草布大地兜帽
2631	Leather Calot	鞣革突骑帽
2650	Company Hat	部队帽
2652	Hempen Bandana	草布头巾
2653	Leather Eyepatch	鞣革眼罩
2654	Hard Leather Pot Helm	硬革盔帽
2655	Hempen Hat	草布宽边帽
2656	Bronze Chain Coif	青铜锁甲头罩
2658	Straw Hat	草帽
2660	Amateur's Headgear	业余头甲
2661	Amateur's Hempen Coif	业余兜帽
2662	Bronze Sallet	青铜角盔
2663	Stablemaid's Hat	马仆草帽
2664	Bronze Barbut	红铜开面盔
2665	Cotton Turban	棉布包头巾
2666	Stablehand's Hat	马倌草帽
2668	Brass Spectacles	黄铜眼镜
2669	Hard Leather Eyepatch	硬革眼罩
2670	Cotton Scarf	棉布围巾
2672	Hard Leather Skullcap	硬革小帽
2673	Bronze Celata	青铜头盔
2675	Ash Mask	梣木假面
2677	Hunting Hat	狩猎帽
2680	Decorated Bronze Barbut	黄铜开面盔
2685	Brass Circlet (Sunstone)	黄铜头冠（日长石）
2687	Brass Circlet (Danburite)	黄铜头冠（赛黄晶）
2689	Brass Circlet (Malachite)	黄铜头冠（孔雀石）
2691	Brass Circlet (Sphene)	黄铜头冠（榍石）
2693	Brass Circlet (Fluorite)	黄铜头冠（萤石）
2695	Brass Circlet (Lapis Lazuli)	黄铜头冠（天青石）
2697	Goatskin Pot Helm	山羊革盔帽
2699	Cotton Coif	棉布兜帽
2700	Cotton Coif of Gathering	棉布大地兜帽
2703	Ash Mask (Lapis Lazuli)	梣木假面（天青石）
2708	Iron Sallet	黑铁角盔
2710	Goatskin Eyepatch	山羊革眼罩
2712	Iron Celata	黑铁头盔
2714	Initiate's Headgear	新来者头甲
2719	Cotton Sugarloaf Hat	棉布圆锥帽
2723	Iron Elmo	黑铁骑兵头盔
2725	Reinforced Iron Sallet	加固角盔
2727	Velveteen Bandana	棉绒头巾
2728	Silver Spectacles	白银眼镜
2729	Velveteen Turban	棉绒包头巾
2731	Silver Magnifiers	白银作业眼镜
2733	Velveteen Wedge Cap of Crafting	棉绒巧匠无檐帽
2734	Velveteen Wedge Cap of Gathering	棉绒大地无檐帽
2735	Silver Circlet (Garnet)	白银头冠（石榴石）
2737	Silver Circlet (Goshenite)	白银头冠（透绿柱石）
2739	Silver Circlet (Peridot)	白银头冠（橄榄石）
2741	Silver Circlet (Heliodor)	白银头冠（金绿柱石）
2743	Silver Circlet (Amethyst)	白银头冠（紫水晶）
2745	Silver Circlet (Aquamarine)	白银头冠（海蓝石）
2750	Velveteen Beret	棉绒贝雷帽
2753	Steel Sallet	白钢角盔
2755	Steel Celata	白钢头盔
2757	Vintage Celata	古典头盔
2758	Steel Goggles	白钢护目镜
2763	Velveteen Sugarloaf Hat	棉绒圆锥帽
2765	Steel Elmo	白钢骑兵头盔
2767	Skull Eyepatch	骷髅眼罩
2769	Mythril Magnifiers	秘银作业眼镜
2774	Mythril Spectacles	秘银眼镜
2776	Linen Turban	亚麻包头巾
2778	Angler's Hat	鮟鱇草帽
2779	Linen Hat	亚麻宽边帽
2785	Vintage Chef's Hat	古典厨帽
2786	Steel Barbut	白钢开面盔
2788	Boarskin Pot Helm	野猪革盔帽
2790	Mythril Circlet (Rubellite)	秘银头冠（红电气石）
2792	Mythril Circlet (Zircon)	秘银头冠（锆石）
2794	Mythril Circlet (Tourmaline)	秘银头冠（碧玺）
2796	Mythril Circlet (Amber)	秘银头冠（琥珀）
2798	Mythril Circlet (Spinel)	秘银头冠（尖晶石）
2800	Mythril Circlet (Turquoise)	秘银头冠（绿松石）
2802	Mythril Elmo	秘银骑兵头盔
2804	Linen Wedge Cap of Crafting	亚麻巧匠无檐帽
2805	Linen Wedge Cap of Gathering	亚麻大地无檐帽
2806	Woolen Coif	呢绒兜帽
2808	Woolen Coif of Gathering	呢绒大地兜帽
2810	Woolen Turban	呢绒包头巾
2812	Mythril Celata	秘银头盔
2814	Woolen Hat	呢绒宽边帽
2816	Linen Deerstalker	亚麻猎鹿帽
2817	Mythril Barbut	秘银开面盔
2819	Mythril Mesail	秘银口罩
2825	Ranger's Hat	呢绒狩猎帽
2827	Mythril Chain Coif	秘银锁甲头罩
2829	Woolen Beret	呢绒贝雷帽
2830	Reinforced Mythril Elmo	加固骑兵头盔
2832	Woolen Cavalier's Hat	呢绒骑士帽
2834	Cobalt Preserves	钴铁护目镜
2835	Felt Coif	纤维兜帽
2837	Felt Coif of Gathering	纤维大地兜帽
2850	Cobalt Elmo	钴铁骑兵头盔
2852	Felt Hat	纤维宽边帽
2854	Woolen Deerstalker	呢绒猎鹿帽
2855	Vintage Jester's Cap	古典小丑帽
2857	Electrum Monocle	绿金单眼镜
2859	Cobalt Barbut	钴铁开面盔
2861	Cobalt Mesail	钴铁口罩
2862	Raptorskin Pot Helm	盗龙革盔帽
2870	Electrum Circlet (Rubellite)	绿金头冠（红电气石）
2872	Electrum Circlet (Zircon)	绿金头冠（锆石）
2874	Electrum Circlet (Tourmaline)	绿金头冠（碧玺）
2876	Electrum Circlet (Amber)	绿金头冠（琥珀）
2878	Electrum Circlet (Spinel)	绿金头冠（尖晶石）
2880	Electrum Circlet (Turquoise)	绿金头冠（绿松石）
2882	Rainmaker's Hat	纤维狩猎帽
2884	Cobalt Chain Coif	钴铁锁甲头罩
2886	Felt Beret	纤维贝雷帽
2888	Vintage Coif	古典兜帽
2889	Cobalt Celata	钴铁头盔
2891	Felt Cavalier's Hat	纤维骑士帽
2893	Cobalt Sallet	钴铁角盔
2895	Patrician's Wedge Cap	显贵无檐帽
2911	Militia Barbut	民兵开面盔
2912	Militia Armet	民兵战盔
2913	Militia Hat	民兵宽边帽
2915	Silver Tricorne	白银三角帽
2920	Carpenter's Hood	木匠头巾帽
2921	Blacksmith's Goggles	铁匠护镜帽
2922	Armorer's Visor	甲匠遮面罩
2923	Goldsmith's Turban	金匠包头巾
2924	Leatherworker's Hat	革匠工作帽
2925	Weaver's Gibus	衣匠高礼帽
2926	Alchemist's Monocle	炼金单眼镜
2927	Culinarian's Hat	烹调高厨帽
2928	Hamlet Digger's Helmet	矿工头灯帽
2929	Hamlet Cutter's Hat	樵夫尖角帽
2930	Hamlet Puller's Hat	渔人休闲帽
2932	Rose Gold Circlet	玫瑰金头冠
2933	Imperial Operative Tricorne	特务三角帽
2934	Imperial Operative Hat	特务小丑帽
2938	Gryphonskin Bandana	骏鹰革头巾
2939	Gryphonskin Hat	骏鹰革狩猎帽
2940	Darksteel Chain Coif	玄钢锁甲头罩
2941	Vanya Hat of Casting	绢布咏咒宽边帽
2942	Vanya Hat of Healing	绢布治愈宽边帽
2958	Hempen Dalmatica	草布厚袍
2959	Hempen Dalmatica of Gathering	草布大地厚袍
2960	Hempen Tunic	草布束腰衣
2961	Hempen Kurta	草布无领衬衫
2993	Company Tabard	部队罩衣
2996	Hempen Undershirt	贴身背心
2997	Hempen Camise	紧身小背心
2999	Hempen Tabard	草布短袖罩衣
3000	Hempen Cowl	草布僧袍
3001	Hempen Shepherd's Tunic	草布束腰牧衣
3008	Hempen Acton	草布棉甲
3010	Hempen Halfrobe	草布短袍
3011	Bronze Haubergeon	青铜锁子铠
3013	Amateur's Doublet Vest	业余工作坎肩
3014	Amateur's Kurta	业余无领衬衫
3015	Amateur's Dalmatica	业余厚袍
3016	Leather Jacket	鞣革皮甲
3017	Hard Leather Harness	硬革格斗服
3018	Hempen Robe	草布长袍
3019	Hempen Doublet Vest of Crafting	草布巧匠工作坎肩
3020	Hempen Doublet Vest of Gathering	草布大地工作坎肩
3022	Cotton Shirt	棉布衬衫
3023	Cotton Shepherd's Tunic	棉布束腰牧衣
3024	Cotton Cowl	棉布僧袍
3026	Bronze Cuirass	青铜胸甲
3028	Cotton Tabard	棉布短袖罩衣
3036	Cotton Dalmatica	棉布厚袍
3038	Cotton Dalmatica of Gathering	棉布大地厚袍
3039	Cotton Acton	棉布棉甲
3041	Cotton Kurta	棉布无领衬衫
3043	Goatskin Jacket	山羊革皮甲
3045	Iron Cuirass	黑铁胸甲
3050	Cotton Halfrobe	棉布短袍
3052	Cotton Doublet Vest of Crafting	棉布巧匠工作坎肩
3053	Cotton Doublet Vest of Gathering	棉布大地工作坎肩
3057	Iron Scale Mail	黑铁鳞铠
3060	Cotton Trapper's Tunic	棉布束腰猎衣
3062	Cotton Robe	棉布长袍
3064	Initiate's Doublet Vest	新来者工作坎肩
3065	Initiate's Gown	新来者长外衣
3066	Velveteen Shirt	棉绒衬衫
3068	Heavy Iron Armor	黑铁重甲
3076	Vintage Coatee	古典短上衣
3077	Velveteen Coatee of Crafting	棉绒巧匠短上衣
3090	Velveteen Cowl	棉绒僧袍
3092	Velveteen Coatee of Gathering	棉绒大地短上衣
3096	Steel Chainmail	白钢链甲
3099	Toadskin Jerkin	巨蟾蜍革皮衣
3100	Toadskin Jacket	巨蟾蜍革皮甲
3102	Steel Cuirass	白钢胸甲
3104	Velveteen Gown	棉绒长外衣
3105	Vintage Doublet Vest	古典工作坎肩
3106	Velveteen Robe	棉绒短袍
3118	Steel Scale Mail	白钢鳞铠
3120	Velveteen Doublet Vest of Crafting	棉绒巧匠工作坎肩
3121	Velveteen Doublet Vest of Gathering	棉绒大地工作坎肩
3125	Linen Shirt	亚麻衬衫
3127	Heavy Steel Armor	白钢重甲
3131	Linen Robe	亚麻长袍
3137	Vintage Chef's Apron	古典围裙装
3138	Boarskin Harness	野猪革格斗服
3140	Linen Cowl	亚麻僧袍
3142	Horn Scale Mail	兽骨鳞铠
3144	Linen Coatee of Crafting	亚麻巧匠短上衣
3145	Linen Coatee of Gathering	亚麻大地短上衣
3146	Linen Bliaud	亚麻外袍
3147	Woolen Shirt	呢绒衬衫
3149	Mythril Cuirass	秘银胸甲
3160	Woolen Robe	呢绒长袍
3162	Linen Smock	亚麻围裙装
3163	Linen Doublet	亚麻工作服
3164	Vintage Scale Mail	古典鳞铠
3165	Peisteskin Harness	毒蜥蜴革格斗服
3172	Ranger's Tunic	呢绒束腰猎衣
3174	Mythril Haubergeon	秘银锁子铠
3176	Woolen Gown	呢绒长外衣
3177	Boarskin Jerkin	野猪革皮衣
3178	Woolen Bliaud	呢绒外袍
3180	High Mythril Armor	秘银重甲
3182	Vintage Seneschal Coatee	古典总管短上衣
3183	Tortoiseshell Scale Mail	龟甲鳞铠
3185	Felt Robe	纤维长袍
3187	Woolen Smock	呢绒围裙装
3188	Woolen Doublet	呢绒工作服
3191	Raptorskin Harness	盗龙革格斗服
3193	Woolen Cowl	呢绒僧袍
3201	Rainmaker's Tunic	纤维束腰猎衣
3203	Cobalt Haubergeon	钴铁锁子铠
3205	Felt Gown	纤维长外衣
3206	Raptorskin Jerkin	盗龙革皮衣
3208	Vintage Robe	古典长袍
3209	Cobalt Cuirass	钴铁胸甲
3211	Felt Bliaud	纤维外袍
3213	Raptorskin Jacket	盗龙革皮甲
3215	Patrician's Coatee	显贵短上衣
3218	Vintage Haubergeon	古典锁子铠
3229	Carpenter's Gown	木匠长外衣
3230	Blacksmith's Apron	铁匠围裙装
3231	Armorer's Gown	甲匠长外衣
3232	Goldsmith's Doublet	金匠工作服
3233	Leatherworker's Shirt	革匠工作衫
3234	Weaver's Swallowtail	衣匠燕尾服
3235	Alchemist's Coat	炼金大衣
3236	Culinarian's Apron	烹调围裙装
3237	Miner's Shirt	矿工工作衫
3238	Botanist's Doublet	樵夫工作服
3239	Fisher's Shirt	渔人休闲衫
3240	Militia Robe	民兵长袍
3241	Militia Cuirass	民兵胸甲
3242	Militia Harness	民兵格斗服
3243	Mosshorn Scale Mail	苔角鳞铠
3244	Dodore Doublet	邪鬼工作服
3249	Imperial Operative Dalmatica	特务厚袍
3256	Heavy Darksteel Armor	玄钢重甲
3257	Darksteel Haubergeon	玄钢锁子铠
3258	Gryphonskin Jerkin	骏鹰革皮衣
3259	Gryphonskin Tunic	骏鹰革束腰衣
3260	Vanya Robe of Casting	绢布咏咒长袍
3261	Vanya Robe of Healing	绢布治愈长袍
3274	Hempen Breeches	草布马裤
3275	Hempen Breeches of Crafting	草布巧匠马裤
3276	Hempen Shepherd's Slops	草布牧羊裤
3307	Hempen Underpants	草布内裤
3308	Hempen Pantalettes	草布热裤
3309	Hempen Chausses	草布裤袜
3310	Leather Culottes	鞣革及膝裤
3311	Hempen Sarouel	草布垮裤
3312	Hempen Tights	草布紧身裤
3313	Hempen Kecks	草布腿套
3314	Hempen Gaskins	草布束膝裤
3315	Amateur's Slops	业余工作裤
3316	Amateur's Breeches	业余马裤
3317	Hempen Bottoms	草布打底裤
3318	Hempen Trousers	草布软甲裤
3319	Hard Leather Subligar	硬革三角裤
3320	Striped Cotton Slops	棉布条纹工作裤
3321	Cotton Sarouel	棉布垮裤
3322	Cotton Shepherd's Slops	棉布牧羊裤
3324	Cotton Chausses	棉布裤袜
3325	Padded Hempen Trousers	内衬草布软甲裤
3327	Cotton Tights	棉布紧身裤
3332	Cotton Trousers	棉布软甲裤
3334	Cotton Breeches	棉布马裤
3336	Cotton Breeches of Crafting	棉布巧匠马裤
3337	Goatskin Brais	山羊革衬裤
3339	Padded Cotton Trousers	内衬棉布软甲裤
3341	Initiate's Slops	新来者工作裤
3343	Cotton Gaskins	棉布束膝裤
3345	Cotton Kecks	棉布腿套
3347	Goatskin Breeches	山羊革马裤
3348	Velveteen Chausses	棉绒裤袜
3349	Velveteen Sarouel	棉绒垮裤
3351	Velveteen Sarouel of Gathering	棉绒大地垮裤
3352	Heavy Iron Flanchard	黑铁重足铠
3354	Striped Velveteen Slops	棉绒条纹工作裤
3355	Velveteen Tights	棉绒紧身裤
3363	Velveteen Bottoms	棉绒打底裤
3365	Velveteen Trousers	棉绒软甲裤
3367	Toadskin Brais	巨蟾蜍革衬裤
3369	Toadskin Culottes	巨蟾蜍革及膝裤
3370	Padded Velveteen Trousers	内衬棉绒软甲裤
3372	Velveteen Gaskins	棉绒束膝裤
3377	Toadskin Breeches	巨蟾蜍革马裤
3379	Linen Chausses	亚麻裤袜
3383	Linen Sarouel	亚麻垮裤
3385	Linen Sarouel of Gathering	亚麻大地垮裤
3386	Heavy Steel Flanchard	白钢重足铠
3397	Linen Tights	亚麻紧身裤
3399	Linen Trousers	亚麻软甲裤
3402	Boarskin Subligar	野猪革三角裤
3404	Linen Bottoms	亚麻打底裤
3405	Boarskin Breeches	野猪革马裤
3406	Vintage Hose	古典骑兵裤
3407	Linen Gaskins	亚麻束膝裤
3408	Woolen Sarouel	呢绒垮裤
3410	Woolen Sarouel of Gathering	呢绒大地垮裤
3411	Padded Linen Trousers	内衬亚麻软甲裤
3413	Woolen Tights	呢绒紧身裤
3415	Linen Slops	亚麻工作裤
3416	Peisteskin Subligar	毒蜥蜴革三角裤
3421	Woolen Kecks	呢绒腿套
3423	Boarskin Skirt	野猪革短裙
3425	Woolen Chausses	呢绒裤袜
3426	Boarskin Culottes	野猪革及膝裤
3427	Woolen Trousers	呢绒软甲裤
3429	Woolen Gaskins	呢绒束膝裤
3431	High Mythril Flanchard	秘银重足铠
3442	Woolen Slops	呢绒工作裤
3443	Raptorskin Breeches	盗龙革马裤
3447	Raptorskin Subligar	盗龙革三角裤
3454	Felt Kecks	纤维腿套
3456	Felt Chausses	纤维裤袜
3457	Raptorskin Culottes	盗龙革及膝裤
3467	Felt Gaskins	纤维束膝裤
3469	Padded Woolen Trousers	内衬呢绒软甲裤
3471	Raptorskin Brais	盗龙革衬裤
3473	Felt Trousers	纤维软甲裤
3475	Patrician's Bottoms	显贵打底裤
3477	Militia Trousers	民兵软甲裤
3478	Militia Tights	民兵紧身裤
3479	Militia Subligar	民兵三角裤
3481	Carpenter's Slops	木匠工作裤
3482	Blacksmith's Slops	铁匠工作裤
3483	Armorer's Slops	甲匠工作裤
3484	Goldsmith's Trousers	金匠软甲裤
3485	Leatherworker's Trousers	革匠软甲裤
3486	Weaver's Trousers	衣匠软甲裤
3487	Alchemist's Trousers	炼金软裤
3488	Culinarian's Trousers	烹调工作裤
3489	Miner's Slops	矿工工作裤
3490	Botanist's Slops	樵夫工作裤
3491	Fisher's Gaskins	渔人休闲裤
3498	Heavy Darksteel Flanchard	玄钢重足铠
3499	Gryphonskin Trousers	骏鹰革软甲裤
3500	Gryphonskin Kecks	骏鹰革腿套
3501	Vanya Trousers	绢布软甲裤
3502	Vanya Breeches of Casting	绢布马裤
3503	Vanya Breeches of Healing	绢布治愈马裤
3515	Hempen Halfgloves	草布半指手套
3516	Leather Wristguards	鞣革护腕
3530	Fingerless Leather Gloves	鞣革半指护手
3531	Leather Lightmitts	鞣革连指轻手套
3532	Hempen Work Gloves	草布工作手套
3533	Hempen Shortgloves	草布短手套
3534	Leather Mitts	鞣革连指手套
3535	Leather Ringbands	鞣革手箍
3536	Amateur's Smithing Gloves	业余耐热手套
3537	Hard Leather Wristguards	硬革护腕
3538	Hempen Dress Gloves	草布礼服手套
3539	Hempen Bracers	草布弓术手套
3540	Bronze Mitt Gauntlets	青铜连指手铠
3541	Hard Leather Armguards	硬革护臂
3542	Hard Leather Lightmitts	硬革连指轻手套
3543	Cotton Halfgloves	棉布半指手套
3544	Bronze Gauntlets	青铜手铠
3546	Fingerless Hard Leather Gloves	硬革半指护手
3547	Hard Leather Ringbands	硬革手箍
3549	Goatskin Wristguards	山羊革护腕
3550	Decorated Bronze Mitt Gauntlets	强化连指手铠
3552	Goatskin Mitts	山羊革连指手套
3557	Iron Vambraces	黑铁臂甲
3559	Goatskin Armguards	山羊革护臂
3561	Cotton Work Gloves	棉布工作手套
3562	Initiate's Gloves	新来者手套
3563	Iron Gauntlets	黑铁手铠
3568	Cotton Dress Gloves	棉布礼服手套
3570	Cotton Bracers	棉布弓术手套
3572	Goatskin Lightmitts	山羊革连指轻手套
3574	Iron Scale Fingers	黑铁鳞指套
3575	Velveteen Halfgloves	棉绒半指手套
3576	Fingerless Goatskin Gloves	山羊革半指护手
3578	Fingerless Goatskin Gloves of Gathering	山羊革大地半指护手
3579	Heavy Iron Gauntlets	黑铁重手铠
3581	Goatskin Ringbands	山羊革手箍
3583	Velveteen Shortgloves	棉绒短手套
3586	Steel Vambraces	白钢臂甲
3597	Toadskin Armguards	巨蟾蜍革护臂
3599	Steel Gauntlets	白钢手铠
3601	Velveteen Work Gloves	棉绒工作手套
3603	Velveteen Dress Gloves	棉绒礼服手套
3605	Steel Scale Fingers	白钢鳞指套
3607	Linen Halfgloves	亚麻半指手套
3611	Fingerless Boarskin Gloves	野猪革半指护手
3613	Fingerless Boarskin Gloves of Gathering	野猪革大地半指护手
3614	Heavy Steel Gauntlets	白钢重手铠
3616	Boarskin Ringbands	野猪革手箍
3619	Steel Mitt Gauntlets	白钢连指手铠
3621	Linen Shortgloves	亚麻短手套
3622	Horn Scale Fingers	兽角鳞指套
3623	Mythril Vambraces	秘银臂甲
3625	Fingerless Peisteskin Gloves	毒蜥蜴革半指护手
3627	Fingerless Peisteskin Gloves of Gathering	毒蜥蜴革大地半指护手
3628	Mythril Gauntlets	秘银手铠
3639	Boarskin Smithy's Gloves	野猪革耐热手套
3640	Woolen Dress Gloves	呢绒礼服手套
3642	Mythril Mitt Gauntlets	秘银连指手铠
3645	Woolen Bracers	呢绒弓术手套
3647	Woolen Halfgloves	呢绒半指手套
3648	Woolen Work Gloves	呢绒工作手套
3649	High Mythril Gauntlets	秘银重手铠
3651	Fingerless Raptorskin Gloves	盗龙革半指护手
3653	Fingerless Raptorskin Gloves of Gathering	盗龙革大地半指护手
3654	Cobalt Vambraces	钴铁臂甲
3656	Boarskin Ringbands of Flames	野猪革火华手箍
3658	Boarskin Ringbands of Frost	野猪革冰华手箍
3660	Boarskin Ringbands of Gales	野猪革风华手箍
3662	Boarskin Ringbands of Tremors	野猪革土华手箍
3664	Boarskin Ringbands of Storms	野猪革雷华手箍
3666	Boarskin Ringbands of Tides	野猪革水华手箍
3668	Raptorskin Smithy's Gloves	盗龙革耐热手套
3669	Tortoiseshell Scale Fingers	龟甲鳞指套
3670	Cobalt Mitt Gauntlets	钴铁连指手铠
3678	Felt Bracers	纤维弓术手套
3680	Felt Halfgloves	纤维半指手套
3681	Felt Work Gloves	纤维工作手套
3691	Vintage Smithy's Gloves	古典耐热手套
3692	Cobalt Gauntlets	钴铁手铠
3694	Raptorskin Armguards	盗龙革护臂
3696	Felt Dress Gloves	纤维礼服手套
3698	Patrician's Gloves	显贵手套
3699	Militia Ringbands	民兵手箍
3700	Militia Gauntlets	民兵手铠
3701	Militia Mitt Gauntlets	民兵连指手铠
3706	Carpenter's Gloves	木匠手套
3707	Blacksmith's Gloves	铁匠手套
3708	Armorer's Gloves	甲匠手套
3709	Goldsmith's Gloves	金匠手套
3710	Leatherworker's Gloves	革匠手套
3711	Weaver's Gloves	衣匠手套
3712	Alchemist's Gloves	炼金手套
3713	Culinarian's Mitts	烹调连指手套
3714	Miner's Gloves	矿工手套
3715	Botanist's Gloves	樵夫手套
3716	Fisher's Gloves	渔人手套
3723	Heavy Darksteel Gauntlets	玄钢重手铠
3724	Darksteel Mitt Gauntlets	玄钢连指手铠
3725	Gryphonskin Bracers	骏鹰革弓术手套
3726	Gryphonskin Gloves	骏鹰革手套
3727	Vanya Gloves of Casting	绢布手套
3728	Vanya Gloves of Healing	绢布治愈手套
3740	Leather Duckbills	鞣革鸭嘴靴
3741	Leather Duckbills of Gathering	鞣革大地鸭嘴靴
3742	Maple Clogs	枫木木拖鞋
3761	Leather Shoes	鞣革皮靴
3762	Leather Crakows	鞣革尖头靴
3763	Maple Pattens	枫木木鞋
3764	Leather Sandals	鞣革凉鞋
3765	Leather Leggings	鞣革护腿
3766	Leather Boots	鞣革筒靴
3767	Bronze Sollerets	青铜锁甲靴
3768	Amateur's Thighboots	业余长靴
3769	Amateur's Duckbills	业余鸭嘴靴
3770	Leather Jackboots	鞣革长筒靴
3771	Hard Leather Shoes	硬革皮靴
3772	Hard Leather Caligae	硬革战靴
3773	Hard Leather Sandals	硬革凉鞋
3774	Hard Leather Espadrilles	硬革便鞋
3775	Bronze Sabatons	青铜铠靴
3777	Hard Leather Boots	硬革筒靴
3779	Ash Pattens	梣木木鞋
3780	Hard Leather Crakows	硬革尖头靴
3784	Goatskin Leggings	山羊革护腿
3788	Padded Leather Duckbills	内衬鞣革鸭嘴靴
3790	Padded Leather Duckbills of Gathering	内衬鞣革大地鸭嘴靴
3791	Goatskin Leg Guards	山羊革腿甲靴
3793	Iron Sabatons	黑铁铠靴
3795	Initiate's Thighboots	新来者长靴
3799	Goatskin Espadrilles	山羊革便鞋
3800	Cotton Dress Shoes	棉布礼鞋
3802	Iron-plated Jackboots	黑铁长筒靴
3804	Iron Scale Greaves	黑铁鳞胫甲
3805	Elm Pattens	榆木木鞋
3806	Goatskin Duckbills	山羊革鸭嘴靴
3808	Goatskin Crakows	山羊革尖头靴
3810	Goatskin Crakows of Gathering	山羊革大地尖头靴
3821	Goatskin Boots	山羊革筒靴
3823	Velveteen Gaiters	棉绒高跟鞋
3825	Steel Sabatons	白钢铠靴
3827	Toadskin Leg Guards	巨蟾蜍革腿甲靴
3829	Toadskin Workboots	巨蟾蜍革工作靴
3831	Velveteen Dress Shoes	棉绒礼鞋
3833	Steel-plated Jackboots	白钢长筒靴
3835	Steel Scale Greaves	白钢鳞胫甲
3837	Walnut Pattens	胡桃木鞋
3841	Boarskin Crakows	野猪革尖头靴
3843	Boarskin Crakows of Gathering	野猪革大地尖头靴
3844	Toadskin Duckbills	巨蟾蜍革鸭嘴靴
3847	Steel-plated Caligae	白钢战靴
3849	Linen Gaiters	亚麻高跟鞋
3850	Horn Scale Greaves	兽角鳞胫甲
3851	Peisteskin Crakows	毒蜥蜴革尖头靴
3853	Peisteskin Crakows of Gathering	毒蜥蜴革大地尖头靴
3854	Mythril Sabatons	秘银铠靴
3856	Boarskin Duckbills	野猪革鸭嘴靴
3858	Mythril-plated Jackboots	秘银长筒靴
3860	Boarskin Thighboots	野猪革长靴
3861	Mythril-plated Caligae	秘银战靴
3866	Boarskin Moccasins	野猪革狩猎靴
3868	Mythril Sollerets	秘银锁甲靴
3870	Oak Pattens	橡木木鞋
3871	Boarskin Workboots	野猪革工作靴
3881	Woolen Dress Shoes	呢绒礼鞋
3883	Cobalt-plated Jackboots	钴铁长筒靴
3885	Raptorskin Thighboots	盗龙革长靴
3886	Tortoiseshell Scale Greaves	龟甲鳞胫甲
3887	Cobalt-plated Caligae	钴铁战靴
3904	Hunting Moccasins	狩猎靴
3906	Cobalt Sollerets	钴铁锁甲靴
3908	Mahogany Pattens	红木木鞋
3909	Raptorskin Workboots	盗龙革工作靴
3911	Vintage Thighboots	古典长靴
3912	Cobalt Sabatons	钴铁铠靴
3914	Felt Dress Shoes	纤维礼鞋
3916	Raptorskin Leg Guards	盗龙革腿甲靴
3918	Patrician's Gaiters	显贵高跟鞋
3920	Militia Duckbills	民兵鸭嘴靴
3921	Militia Sabatons	民兵铠靴
3922	Militia Caligae	民兵战靴
3927	Carpenter's Workboots	木匠工作靴
3928	Blacksmith's Workboots	铁匠工作靴
3929	Armorer's Workboots	甲匠工作靴
3930	Goldsmith's Boots	金匠工作靴
3931	Leatherworker's Workboots	革匠工作靴
3932	Weaver's Thighboots	衣匠长靴
3933	Alchemist's Thighboots	炼金长靴
3934	Culinarian's Gaiters	烹调高跟鞋
3935	Miner's Workboots	矿工工作靴
3936	Botanist's Workboots	樵夫工作靴
3937	Fisher's Wading Boots	渔人休闲靴
3943	Darksteel Sollerets	玄钢锁甲靴
3944	Gryphonskin Thighboots	骏鹰革长靴
3945	Gryphonskin Moccasins	骏鹰革狩猎靴
3946	Vanya Crakows	绢布尖头靴
3947	Spruce Pattens	云杉木鞋
4091	Copper Wristlets	红铜手链
4092	Leather Wristbands	鞣革手环
4093	Bone Armillae	兽骨腕环
4094	Brass Wristlets	黄铜手链
4095	Brass Wristlets of Crafting	黄铜巧匠手链
4097	Hard Leather Wristbands	硬革手环
4099	Hard Leather Wristbands of Gathering	硬革大地手环
4100	Coral Armillae	白珊瑚腕环
4103	Silver Wristlets	白银手链
4105	Silver Wristlets of Crafting	白银巧匠手链
4106	Goatskin Wristbands	山羊革手环
4108	Goatskin Wristbands of Gathering	山羊革大地手环
4109	Sunstone Bracelet	日长石手镯
4111	Danburite Bracelet	赛黄晶手镯
4113	Malachite Bracelet	孔雀石手镯
4115	Sphene Bracelet	榍石手镯
4117	Fluorite Bracelet	萤石手镯
4119	Lapis Lazuli Bracelet	天青石手镯
4121	Horn Armillae	兽角腕环
4124	Mythril Wristlets	秘银手链
4126	Mythril Wristlets of Crafting	秘银巧匠手链
4130	Boarskin Wristbands	野猪革手环
4132	Boarskin Wristbands of Gathering	野猪革大地手环
4133	Garnet Bracelet	石榴石手镯
4135	Goshenite Bracelet	透绿柱石手镯
4137	Peridot Bracelet	橄榄石手镯
4139	Heliodor Bracelet	金绿柱石手镯
4141	Amethyst Bracelet	紫水晶手镯
4143	Aquamarine Bracelet	海蓝石手镯
4145	Pearl Bracelet	白珍珠手镯
4147	Red Coral Armillae	红珊瑚腕环
4150	Electrum Wristlets	绿金手链
4152	Electrum Wristlets of Crafting	绿金巧匠手链
4153	Raptorskin Wristbands	盗龙革手环
4155	Raptorskin Wristbands of Gathering	盗龙革大地手环
4156	Rubellite Bracelet	红电气石手镯
4158	Zircon Bracelet	锆石手镯
4160	Tourmaline Bracelet	碧玺手镯
4162	Amber Bracelet	琥珀手镯
4164	Spinel Bracelet	尖晶石手镯
4166	Turquoise Bracelet	绿松石手镯
4168	Black Pearl Bracelet	黑珍珠手镯
4170	Tortoiseshell Armillae	龟甲腕环
4172	Militia Bracelets	民兵腕环
4173	Militia Wristlets	民兵手链
4174	Imperial Operative Wristlets	特务手链
4181	Gryphonskin Wristbands	骏鹰革手环
4182	Astral Bracelet	星极手镯
4183	Rose Gold Bracelets	玫瑰金手链
4197	Copper Earrings	红铜耳环
4198	Copper Ear Cuffs	红铜耳夹
4204	Fang Earrings	兽牙耳坠
4205	Brass Earrings	黄铜耳环
4209	Brass Ear Cuffs	黄铜耳夹
4211	Horn Earrings	兽角耳坠
4213	Silver Earrings	白银耳环
4214	Sunstone Earrings	日长石耳坠
4216	Danburite Earrings	赛黄晶耳坠
4218	Malachite Earrings	孔雀石耳坠
4220	Sphene Earrings	榍石耳坠
4222	Fluorite Earrings	萤石耳坠
4224	Lapis Lazuli Earrings	天青石耳坠
4226	Silver Ear Cuffs	白银耳夹
4231	Wolf Earrings	狼牙耳坠
4232	Mythril Earrings	秘银耳环
4233	Garnet Earrings	石榴石耳坠
4235	Goshenite Earrings	透绿柱石耳坠
4237	Peridot Earrings	橄榄石耳坠
4239	Heliodor Earrings	金绿柱石耳坠
4241	Amethyst Earrings	紫水晶耳坠
4243	Aquamarine Earrings	海蓝石耳坠
4245	Pearl Earrings	白珍珠耳坠
4247	Mythril Ear Cuffs	秘银耳夹
4254	Red Coral Earrings	红珊瑚耳坠
4255	Electrum Earrings	绿金耳环
4258	Rubellite Earrings	红电气石耳坠
4260	Zircon Earrings	锆石耳坠
4262	Tourmaline Earrings	碧玺耳坠
4264	Amber Earrings	琥珀耳坠
4266	Spinel Earrings	尖晶石耳坠
4268	Turquoise Earrings	绿松石耳坠
4270	Black Pearl Earrings	黑珍珠耳坠
4272	Electrum Ear Cuffs	绿金耳夹
4277	Militia Earrings	民兵耳环
4284	Rose Gold Earrings	玫瑰金耳坠
4285	Rose Gold Ear Screws	玫瑰金耳夹
4286	Rose Gold Ear Cuffs	玫瑰金耳环
4304	Leather Choker	鞣革项环
4305	Copper Gorget	红铜冲锋项环
4306	Bone Necklace	兽骨项链
4307	Copper Choker	红铜工艺项环
4308	Hard Leather Choker	硬革项环
4309	Brass Gorget	黄铜冲锋项环
4311	Fang Necklace	兽牙项链
4313	Brass Choker	黄铜工艺项环
4314	Goatskin Choker	山羊革项环
4315	Silver Gorget	白银冲锋项环
4317	Horn Necklace	兽角项链
4320	Sunstone Choker	日长石项环
4322	Danburite Choker	赛黄晶项环
4324	Malachite Choker	孔雀石项环
4326	Sphene Choker	榍石项环
4328	Fluorite Choker	萤石项环
4330	Lapis Lazuli Choker	天青石项环
4332	Silver Choker	白银工艺项环
4333	Boarskin Choker	野猪革项环
4335	Mythril Gorget	秘银冲锋项环
4337	Wolf Necklace	狼牙项链
4339	Garnet Choker	石榴石项环
4341	Goshenite Choker	透绿柱石项环
4343	Peridot Choker	橄榄石项环
4345	Heliodor Choker	金绿柱石项环
4347	Amethyst Choker	紫水晶项环
4349	Aquamarine Choker	海蓝石项环
4351	Pearl Choker	白珍珠项环
4353	Mythril Choker	秘银工艺项环
4360	Raptorskin Choker	盗龙革项环
4361	Electrum Gorget	绿金冲锋项环
4363	Red Coral Necklace	红珊瑚项链
4365	Rubellite Choker	红电气石项环
4367	Zircon Choker	锆石项环
4369	Tourmaline Choker	碧玺项环
4371	Amber Choker	琥珀项环
4373	Spinel Choker	尖晶石项环
4375	Turquoise Choker	绿松石项环
4377	Black Pearl Choker	黑珍珠项环
4379	Electrum Choker	绿金工艺项环
4380	Militia Choker	民兵项环
4381	Imperial Operative Choker	特务项环
4388	Gryphonskin Choker	骏鹰革项环
4389	Astral Choker	星极项环
4390	Rose Gold Gorget	玫瑰金冲锋项环
4421	Bone Ring	兽骨戒指
4422	Copper Ring	红铜戒指
4430	Brass Ring	黄铜戒指
4431	Brass Ring of Crafting	黄铜巧匠戒指
4433	Coral Ring	白珊瑚戒指
4435	Goatskin Ring	山羊革戒指
4439	Silver Ring	白银戒指
4440	Silver Ring of Crafting	白银巧匠戒指
4442	Sunstone Ring	日长石戒指
4444	Danburite Ring	赛黄晶戒指
4446	Malachite Ring	孔雀石戒指
4448	Sphene Ring	榍石戒指
4450	Fluorite Ring	萤石戒指
4452	Lapis Lazuli Ring	天青石戒指
4454	Horn Ring	兽角戒指
4456	Toadskin Ring	巨蟾蜍戒指
4465	Mythril Ring	秘银戒指
4467	Mythril Ring of Crafting	秘银巧匠戒指
4468	Garnet Ring	石榴石戒指
4470	Goshenite Ring	透绿柱石戒指
4472	Peridot Ring	橄榄石戒指
4474	Heliodor Ring	金绿柱石戒指
4476	Amethyst Ring	紫水晶戒指
4478	Aquamarine Ring	海蓝石戒指
4480	Pearl Ring	白珍珠戒指
4482	Boarskin Ring	野猪革指环
4485	Red Coral Ring	红珊瑚戒指
4497	Electrum Ring	绿金戒指
4501	Electrum Ring of Crafting	绿金巧匠戒指
4502	Rubellite Ring	红电气石戒指
4504	Zircon Ring	锆石戒指
4506	Tourmaline Ring	碧玺戒指
4508	Amber Ring	琥珀戒指
4510	Spinel Ring	尖晶石戒指
4512	Turquoise Ring	绿松石戒指
4514	Black Pearl Ring	黑珍珠戒指
4516	Raptorskin Ring	盗龙革指环
4526	Gryphonskin Ring	骏鹰革指环
4527	Astral Ring	星极指环
4528	Rose Gold Ring	玫瑰金戒指
4551	Potion	恢复药
4552	Hi-Potion	高级恢复药
4553	Mega-Potion	超级恢复药
4554	X-Potion	特级恢复药
4555	Ether	以太药
4556	Hi-Ether	高级以太药
4557	Mega-Ether	超级以太药
4558	X-Ether	特级以太药
4559	Elixir	圣灵药
4560	Hi-Elixir	高级圣灵药
4564	Antidote	解毒药
4565	Eye Drops	眼药
4566	Echo Drops	山彦草药
4567	Smelling Salts	苏醒药
4568	Spine Drops	律动药
4569	Gold Needle	金针
4574	Weak Poisoning Potion	损血毒药
4575	Weak Blinding Potion	失明毒药
4576	Weak Silencing Potion	沉默毒药
4577	Weak Sleeping Potion	睡眠毒药
4578	Weak Paralyzing Potion	麻痹毒药
4579	Poisoning Potion	损血猛毒药
4580	Blinding Potion	失明猛毒药
4581	Silencing Potion	沉默猛毒药
4582	Sleeping Potion	睡眠猛毒药
4583	Paralyzing Potion	麻痹猛毒药
4584	Potent Poisoning Potion	损血剧毒药
4585	Potent Blinding Potion	失明剧毒药
4586	Potent Silencing Potion	沉默剧毒药
4587	Potent Sleeping Potion	睡眠剧毒药
4588	Potent Paralyzing Potion	麻痹剧毒药
4594	Potion of Strength	刚力之药
4595	Potion of Dexterity	巧力之药
4596	Potion of Vitality	耐力之药
4597	Potion of Intelligence	智力之药
4598	Potion of Mind	意力之药
4599	Hi-Potion of Strength	刚力之妙药
4600	Hi-Potion of Dexterity	巧力之妙药
4601	Hi-Potion of Vitality	耐力之妙药
4602	Hi-Potion of Intelligence	智力之妙药
4603	Hi-Potion of Mind	意力之妙药
4604	Mega-Potion of Strength	刚力之秘药
4605	Mega-Potion of Dexterity	巧力之秘药
4606	Mega-Potion of Vitality	耐力之秘药
4607	Mega-Potion of Intelligence	智力之秘药
4608	Mega-Potion of Mind	意力之秘药
4609	X-Potion of Strength	刚力之灵药
4610	X-Potion of Dexterity	巧力之灵药
4611	X-Potion of Vitality	耐力之灵药
4612	X-Potion of Intelligence	智力之灵药
4613	X-Potion of Mind	意力之灵药
4614	Fire Ward Potion	御火药
4615	Ice Ward Potion	御冰药
4616	Wind Ward Potion	御风药
4617	Earth Ward Potion	御土药
4618	Lightning Ward Potion	御雷药
4619	Water Ward Potion	御水药
4620	Fire Ward Hi-Potion	御火妙药
4621	Ice Ward Hi-Potion	御冰妙药
4622	Wind Ward Hi-Potion	御风妙药
4623	Earth Ward Hi-Potion	御土妙药
4624	Lightning Ward Hi-Potion	御雷妙药
4625	Water Ward Hi-Potion	御水妙药
4626	Fire Ward Mega-Potion	御火秘药
4627	Ice Ward Mega-Potion	御冰秘药
4628	Wind Ward Mega-Potion	御风秘药
4629	Earth Ward Mega-Potion	御土秘药
4630	Lightning Ward Mega-Potion	御雷秘药
4631	Water Ward Mega-Potion	御水秘药
4639	Marmot Steak	栗鼠肉排
4640	Grilled Dodo	渡渡鸟烤肉
4641	Mole Loaf	鼹鼠肉糕
4642	Meat Miq'abob	猫魅风味山珍烤串
4643	Antelope Steak	羚羊肉排
4644	Aldgoat Steak	山羊肉排
4645	Smoked Raptor	盗龙熏肉
4646	Jerked Beef	牛肉干
4647	Eft Steak	水蜥肉排
4648	Sauteed Coeurl	葡萄酒煎豹肉
4650	Boiled Egg	水煮蛋
4651	Dodo Omelette	渡渡鸟蛋煎蛋卷
4652	Mustard Eggs	芥末蛋
4653	Fried Egg	煎跳蜥蛋
4654	Scrambled Eggs	炒跳蜥蛋
4655	Deviled Eggs	辛辣蛋
4656	Apkallu Omelette	碧企鹅蛋卷
4657	Braised Pipira	红焖皮皮拉鱼
4658	Tree Toad Legs	绿树蟾蜍腿
4659	Boiled Crayfish	水煮蝲蛄
4660	Grilled Trout	盐烤公主鳟
4661	Grilled Carp	盐烤鲤鱼
4662	Salmon Meuniere	鲑鱼排
4663	Mugwort Carp	艾蒿烤鲤鱼
4664	Stuffed Cabbage	包心甘蓝
4665	Lava Toad Legs	熔岩蟾蜍腿
4666	Salt Cod	盐渍鳕鱼
4667	Raw Oyster	生鲜牡蛎
4668	Boiled Bream	水煮鲷鱼
4669	Baked Sole	烤黑鳎
4670	Tuna Miq'abob	猫魅风味海产烤串
4671	Salt Cod Puffs	油炸盐渍鳕鱼丸
4672	Pan-fried Mahi-mahi	油炸鲯鳅块
4673	Mutton Stew	清炖羊肉
4674	Lentils and Chestnuts	小扁豆煮山栗
4675	Antelope Stew	清炖羚羊肉
4676	Orobon Stew	清炖鬼鮟鱇
4677	Ratatouille	香烩时蔬
4678	Beef Stew	清炖牛肉
4679	Dzemael Gratin	泽梅尔家风味焗菜
4681	Jack-o'-lantern	杰克南瓜灯
4682	Parsnip Salad	高山萝卜沙拉
4683	Roasted Nopales	烤仙人掌叶
4684	Spinach Saute	煎菠菜
4685	Alligator Salad	鳄梨色拉
4686	Sauerkraut	酸泡菜
4687	Stuffed Artichoke	包心球蓟
4688	Landtrap Salad	陷阱草沙拉
4689	Chanterelle Saute	煎鸡油菌
4690	Chicken and Mushrooms	金钱蘑炒鸡肉
4691	Forest Miq'abob	猫魅风味森鲜烤串
4692	Raptor Stew	清炖盗龙肉
4693	Button Mushroom Saute	蒜炒草菇
4694	Buttons in a Blanket	草菇甘蓝卷
4695	Black Truffle Risotto	黑松露烩饭
4696	Flatbread	煎饼
4697	Walnut Bread	胡桃面包
4698	Honey Muffin	蜂蜜松饼
4699	Dark Pretzel	心形卷饼
4700	Cornbread	玉米面包
4701	Acorn Cookie	橡果饼干
4702	Knight's Bread	骑士面包
4703	La Noscean Toast	拉诺西亚吐司
4704	Finger Sandwich	俾斯麦鸡蛋三明治
4708	Rabbit Pie	兔形派
4709	Apple Tart	苹果挞
4710	Shepherd's Pie	牧羊人派
4711	Eel Pie	鳗鱼派
4712	Blood Currant Tart	血红奇异果挞
4713	Crowned Pie	王冠蛋糕
4714	Tomato Pie	番茄派
4715	Trapper's Quiche	猎人风味水蜥饼
4716	Frumenty	羊奶麦粥
4717	Stone Soup	石子汤
4718	Pea Soup	翡翠豆汤
4719	Cawl Cennin	盐韭洋葱汤
4720	Fish Soup	白鱼汤
4721	Bouillabaisse	五海杂烩汤
4722	Mashed Popotoes	新薯泥
4723	Cheese Risotto	奶酪烩饭
4724	Cheese Souffle	奶酪蛋奶酥
4725	Rolanberry Cheesecake	罗兰莓奶酪蛋糕
4726	Mint Lassi	薄荷酸奶昔
4727	Rolanberry Lassi	罗兰莓酸奶昔
4728	Raisins	葡萄干
4730	Dried Plums	梅干
4731	Ginger Cookie	生姜饼干
4732	Crumpet	小圆饼
4733	Pastry Fish	鱼糕
4734	Pineapple Ponzecake	菠萝蛋糕
4735	Bubble Chocolate	巧克力球
4736	Pearl Chocolate	巧克力珠
4745	Orange Juice	橙汁
4746	Grape Juice	葡萄汁
4747	Apple Juice	苹果汁
4748	Pineapple Juice	菠萝汁
4749	Chamomile Tea	甘菊茶
4750	Mulled Tea	香草茶
4754	Cottage Cheese	农家奶酪
4756	Cream Cheese	奶油奶酪
4757	Rolanberry Cheese	罗兰莓奶酪
4825	Rye Flour	黑麦粉
4826	Sunset Wheat Flour	小麦粉
4827	Cornmeal	玉米粉
4847	Table Salt	食盐
4848	Maple Sugar	枫糖
4849	Maple Syrup	枫糖浆
4850	Honey	蜂蜜
4852	Sweet Cream	奶油
4853	Smooth Butter	黄油
4854	Kukuru Butter	可可油
4855	Kukuru Powder	可可粉
4856	Clove Oil	丁香油
4857	Olive Oil	橄榄油
4858	Lavender Oil	薰衣草油
4859	Cider Vinegar	苹果醋
4860	Dark Vinegar	黑果醋
4861	Pie Dough	馅饼坯
4863	Gelatin	明胶
4865	Tomato Sauce	番茄汁
4867	Chicken Stock	鸡高汤
5056	Bronze Ingot	青铜锭
5057	Iron Ingot	黑铁锭
5058	Steel Ingot	白钢锭
5059	Cobalt Ingot	钴铁锭
5060	Darksteel Ingot	玄钢锭
5061	Darksteel Nugget	玄钢块
5062	Copper Ingot	红铜锭
5063	Brass Ingot	黄铜锭
5064	Silver Ingot	白银锭
5065	Mythril Ingot	秘银锭
5066	Electrum Ingot	绿金锭
5067	Rose Gold Ingot	玫瑰金锭
5068	Rose Gold Nugget	玫瑰金块
5069	Gold Ingot	黄金锭
5071	Bronze Plate	青铜板
5072	Iron Plate	黑铁板
5073	Steel Plate	白钢板
5074	Cobalt Plate	钴铁板
5075	Darksteel Plate	玄钢板
5079	Mythril Plate	秘银板
5081	Bronze Rings	青铜环
5082	Iron Rings	黑铁环
5083	Steel Rings	白钢环
5084	Cobalt Rings	钴铁环
5085	Darksteel Rings	玄钢环
5086	Copper Rings	红铜环
5087	Brass Rings	黄铜环
5088	Silver Rings	白银环
5089	Mythril Rings	秘银环
5090	Electrum Rings	绿金环
5091	Bronze Rivets	青铜铆钉
5092	Iron Rivets	黑铁铆钉
5093	Steel Rivets	白钢铆钉
5094	Cobalt Rivets	钴铁铆钉
5095	Darksteel Rivets	玄钢铆钉
5099	Mythril Rivets	秘银铆钉
5169	Sunstone	日长石
5170	Danburite	赛黄晶
5171	Malachite	孔雀石
5172	Sphene	榍石
5173	Fluorite	萤石
5174	Lapis Lazuli	天青石
5175	Garnet	石榴石
5176	Goshenite	透绿柱石
5177	Peridot	橄榄石
5178	Heliodor	金绿柱石
5179	Amethyst	紫水晶
5180	Aquamarine	海蓝石
5181	Rubellite	红电气石
5182	Zircon	锆石
5183	Tourmaline	碧玺
5184	Amber	琥珀
5185	Spinel	尖晶石
5186	Turquoise	绿松石
5187	Ruby	红宝石
5188	Diamond	钻石
5189	Emerald	祖母绿
5190	Topaz	黄玉
5191	Iolite	堇青石
5192	Sapphire	蓝宝石
5193	Pearl	白珍珠
5194	Black Pearl	黑珍珠
5196	Jadeite	翡翠硬玉
5198	Eye of Fire	火眼石
5199	Eye of Ice	冰眼石
5200	Eye of Wind	风眼石
5201	Eye of Earth	土眼石
5202	Eye of Lightning	雷眼石
5203	Eye of Water	水眼石
5204	Astral Eye	星眼石
5213	Radiant Astral Eye	星光石
5258	Ragstone Whetstone	砂岩磨刀石
5259	Mudstone Whetstone	泥岩磨刀石
5260	Siltstone Whetstone	粉砂岩磨刀石
5262	Basilisk Whetstone	蛋壳磨刀石
5275	Leather	鞣革
5276	Hard Leather	硬革
5277	Aldgoat Leather	山羊革
5280	Toad Leather	巨蟾蜍革
5282	Boar Leather	野猪革
5284	Peiste Leather	毒蜥蜴革
5285	Raptor Leather	盗龙革
5286	Dodore Leather	邪鬼革
5287	Uraeus Leather	圣蜥蜴革
5288	Hippogryph Leather	骏鹰革
5289	Hard Hippogryph Leather	骏鹰软革
5290	Coeurl Fur	长须豹裘皮
5324	Undyed Hempen Cloth	草布
5325	Undyed Cotton Cloth	棉布
5326	Undyed Velveteen	棉绒
5327	Undyed Linen	亚麻布
5328	Undyed Woolen Cloth	呢绒
5329	Undyed Felt	纤维布
5330	Vanya Silk	天蚕绢布
5333	Hempen Yarn	草线
5334	Cotton Yarn	棉线
5335	Dew Thread	露线
5336	Linen Yarn	亚麻线
5337	Woolen Yarn	羊毛线
5338	Silk Thread	天蚕丝
5361	Maple Lumber	枫木木材
5364	Ash Lumber	梣木木材
5366	Cedar Lumber	雪松木材
5367	Elm Lumber	榆木木材
5368	Yew Lumber	紫杉木材
5371	Walnut Lumber	胡桃木材
5372	Pine Lumber	松木木材
5373	Oak Lumber	橡木木材
5374	Mahogany Lumber	红木木材
5375	Teak Lumber	柚木木材
5376	Rosewood Lumber	紫檀木材
5377	Ebony Lumber	黑檀木材
5378	Spruce Lumber	云杉木材
5379	Treated Spruce Lumber	硬化云杉木材
5470	Growth Formula Alpha	植物成长剂1型
5471	Growth Formula Beta	植物成长剂2型
5472	Growth Formula Gamma	植物成长剂3型
5473	Growth Formula Delta	植物成长剂4型
5474	Growth Formula Delta Concentrate	植物成长剂4型浓缩液
5475	Enchanted Copper Ink	红铜附魔墨水
5476	Enchanted Iron Ink	黑铁附魔墨水
5477	Enchanted Silver Ink	白银附魔墨水
5478	Enchanted Mythril Ink	秘银附魔墨水
5479	Enchanted Electrum Ink	绿金附魔墨水
5480	Enchanted Gold Ink	黄金附魔墨水
5481	Enchanted Rose Gold Ink	玫瑰金附魔墨水
5482	Fish Oil	鱼油
5483	Jellyfish Humours	水母油
5484	Crab Oil	蟹油
5485	Linseed Oil	亚麻油
5486	Shark Oil	鲨油
5487	Distilled Water	蒸馏水
5489	Quicksilver	水银
5503	Animal Glue	黏胶
5504	Fish Glue	鱼胶
5505	Horn Glue	鬼胶
5506	Void Glue	黑胶
5507	Wing Glue	翼胶
5508	Scale Glue	鳞胶
5510	Rubber	橡胶
5512	Clear Glass Lens	玻璃板
5515	Beeswax	蜂蜡
5517	Lanolin	羊毛脂
5522	Natron	泡碱
5570	Mailbreaker Blade	破甲锋剑身
5571	Avenger Grips	复仇烈拳握柄
5572	Rampager Head	暴怒震斧斧头
5573	Obelisk Head	方尖枪枪尖
5574	Sarnga Limb	萨伦伽光弓弓背
5575	Suspended Trillium Flower	七公六杖延龄花
5576	Astrolabe Clinometer	星盘杖量表
5577	Vanya Silk Hat Lining	帽子绢布
5578	Vanya Silk Robe Lining	外套绢布
5579	Vanya Silk Glove Lining	手套绢布
5580	Vanya Silk Crakow Lining	绢布袜
5581	Gryphonskin Shoulder Guards	骏鹰革护肩
5582	Gryphonskin Shin Guards	骏鹰革护胫
5583	Gryphonskin Elbow Pads	骏鹰革护肘
5584	Gryphonskin Knee Pads	骏鹰革护膝
5585	Darksteel Breastplate	玄钢胸甲部件
5586	Darksteel Gauntlet Plates	玄钢手铠部件
5587	Darksteel Couters	玄钢足铠部件
5588	Rose Gold Clasps	玫瑰金耳饰
6139	Aetheryte Ring	以太指环
6141	Cordial	强心剂
6142	Grilled Warmwater Trout	盐烤暖水鳟
6143	Grilled Raincaller	盐烤求雨鱼
6144	Dagger Soup	海神汤
6183	Gravel Golem	砂砾小像兵
6190	Wind-up Dullahan	无头骑士模型
6200	Wind-up Aldgoat	小山羊玩偶
6204	Model Vanguard	魔导先锋追踪型
6214	Wind-up Qiqirn	卢恩人玩偶
6347	Riviera Cottage Roof (Wood)	木制海滨小屋房顶
6348	Riviera Cottage Roof (Composite)	混合制海滨小屋房顶
6349	Riviera Cottage Roof (Stone)	石制海滨小屋房顶
6350	Riviera House Roof (Wood)	木制海滨公馆房顶
6351	Riviera House Roof (Composite)	混合制海滨公馆房顶
6352	Riviera House Roof (Stone)	石制海滨公馆房顶
6353	Riviera Mansion Roof (Wood)	木制海滨别墅房顶
6354	Riviera Mansion Roof (Composite)	混合制海滨别墅房顶
6355	Riviera Mansion Roof (Stone)	石制海滨别墅房顶
6356	Glade Cottage Roof (Wood)	木制林间小屋房顶
6357	Glade Cottage Roof (Composite)	混合制林间小屋房顶
6358	Glade Cottage Roof (Stone)	石制林间小屋房顶
6359	Glade House Roof (Wood)	木制林间公馆房顶
6360	Glade House Roof (Composite)	混合制林间公馆房顶
6361	Glade House Roof (Stone)	石制林间公馆房顶
6362	Glade Mansion Roof (Wood)	木制林间别墅房顶
6363	Glade Mansion Roof (Composite)	混合制林间别墅房顶
6364	Glade Mansion Roof (Stone)	石制林间别墅房顶
6365	Oasis Cottage Roof (Wood)	木制绿洲小屋房顶
6366	Oasis Cottage Roof (Composite)	混合制绿洲小屋房顶
6367	Oasis Cottage Roof (Stone)	石制绿洲小屋房顶
6368	Oasis House Roof (Wood)	木制绿洲公馆房顶
6369	Oasis House Roof (Composite)	混合制绿洲公馆房顶
6370	Oasis House Roof (Stone)	石制绿洲公馆房顶
6371	Oasis Mansion Roof (Wood)	木制绿洲别墅房顶
6372	Oasis Mansion Roof (Composite)	混合制绿洲别墅房顶
6373	Oasis Mansion Roof (Stone)	石制绿洲别墅房顶
6374	Riviera Cottage Wall (Wood)	木制海滨小屋外墙
6375	Riviera Cottage Wall (Composite)	混合制海滨小屋外墙
6376	Riviera Cottage Wall (Stone)	石制海滨小屋外墙
6377	Riviera House Wall (Wood)	木制海滨公馆外墙
6378	Riviera House Wall (Composite)	混合制海滨公馆外墙
6379	Riviera House Wall (Stone)	石制海滨公馆外墙
6380	Riviera Mansion Wall (Wood)	木制海滨别墅外墙
6381	Riviera Mansion Wall (Composite)	混合制海滨别墅外墙
6382	Riviera Mansion Wall (Stone)	石制海滨别墅外墙
6383	Glade Cottage Wall (Wood)	木制林间小屋外墙
6384	Glade Cottage Wall (Composite)	混合制林间小屋外墙
6385	Glade Cottage Wall (Stone)	石制林间小屋外墙
6386	Glade House Wall (Wood)	木制林间公馆外墙
6387	Glade House Wall (Composite)	混合制林间公馆外墙
6388	Glade House Wall (Stone)	石制林间公馆外墙
6389	Glade Mansion Wall (Wood)	木制林间别墅外墙
6390	Glade Mansion Wall (Composite)	混合制林间别墅外墙
6391	Glade Mansion Wall (Stone)	石制林间别墅外墙
6392	Oasis Cottage Wall (Wood)	木制绿洲小屋外墙
6393	Oasis Cottage Wall (Composite)	混合制绿洲小屋外墙
6394	Oasis Cottage Wall (Stone)	石制绿洲小屋外墙
6395	Oasis House Wall (Wood)	木制绿洲公馆外墙
6396	Oasis House Wall (Composite)	混合制绿洲公馆外墙
6397	Oasis House Wall (Stone)	石制绿洲公馆外墙
6398	Oasis Mansion Wall (Wood)	木制绿洲别墅外墙
6399	Oasis Mansion Wall (Composite)	混合制绿洲别墅外墙
6400	Oasis Mansion Wall (Stone)	石制绿洲别墅外墙
6401	Riviera Arched Window	海滨拱窗
6402	Riviera Bay Window	海滨凸窗
6403	Riviera Oblong Window	海滨方窗
6404	Glade Classical Window	林间古典窗
6405	Glade Rounded Window	林间圆窗
6406	Glade Lancet Window	林间尖窗
6407	Oasis Oblong Window	绿洲方窗
6408	Oasis Lancet Window	绿洲尖窗
6409	Oasis Octagonal Window	绿洲八角窗
6410	Riviera Wooden Door	海滨木制门
6411	Riviera Studded Door	海滨镶钉门
6412	Riviera Ornate Door	海滨装饰门
6413	Glade Classical Door	林间古典门
6414	Glade Lancet Door	林间尖顶门
6415	Glade Arched Door	林间拱顶门
6416	Oasis Arched Door	绿洲拱顶门
6417	Oasis Crowned Door	绿洲冠型门
6418	Oasis Classical Door	绿洲古典门
6419	Riviera Rounded Chimney	海滨圆形烟囱
6420	Riviera Stone Chimney	海滨石制烟囱
6421	Glade Thatch Chimney	林间草顶烟囱
6422	Glade Rounded Chimney	林间圆形烟囱
6423	Oasis Stone Chimney	绿洲石制烟囱
6424	Oasis Rounded Chimney	绿洲圆形烟囱
6425	Chocobo Weathervane	风向陆行鸟
6426	Apkallu Weathervane	风向碧企鹅
6427	Cactuar Weathervane	风向仙人掌
6428	Riviera Wooden Awning	海滨木制遮蓬
6429	Riviera Awning	海滨遮蓬
6430	Glade Tiled Awning	林间瓦片遮蓬
6431	Glade Awning	林间遮蓬
6432	Oasis Wooden Awning	绿洲木制遮蓬
6433	Oasis Awning	绿洲遮蓬
6434	Riviera Wall Chimney	海滨侧壁烟囱
6435	Glade Wall Chimney	林间侧壁烟囱
6436	Oasis Wall Chimney	绿洲侧壁烟囱
6437	Riviera Placard	海滨门牌
6438	Glade Placard	林间门牌
6439	Oasis Placard	绿洲门牌
6440	Riviera Hanging Placard	海滨悬挂门牌
6441	Glade Hanging Placard	林间悬挂门牌
6442	Oasis Hanging Placard	绿洲悬挂门牌
6443	Riviera Banner	海滨标旗
6444	Glade Banner	林间标旗
6445	Oasis Banner	绿洲标旗
6446	Riviera Roofed Wall	海滨瓦顶围墙
6447	Riviera Picket Wall	海滨栅栏围墙
6448	Riviera Stone Wall	海滨石制围墙
6449	Glade Cobblestone Wall	林间石制围墙
6450	Glade Thatch Wall	林间草顶围墙
6451	Glade Roundpole Fence	林间圆弧围栏
6452	Oasis Wooden Wall	绿洲木制围墙
6453	Oasis Stone Wall	绿洲石制围墙
6454	Oasis Ornate Fence	绿洲装饰围墙
6455	Riviera Interior Wall	海滨内墙
6456	Glade Interior Wall	林间内墙
6457	Oasis Interior Wall	绿洲内墙
6458	Riviera Flooring	海滨地板
6459	Glade Flooring	林间地板
6460	Oasis Flooring	绿洲地板
6461	Riviera Pendant Lamp	海滨吊灯
6462	Deluxe Riviera Pendant Lamp	海滨豪华吊灯
6463	Riviera Chandelier	海滨枝形吊灯
6464	Glade Pendant Lamp	林间吊灯
6465	Deluxe Glade Pendant Lamp	林间豪华吊灯
6466	Glade Chandelier	林间枝形吊灯
6467	Oasis Pendant Lamp	绿洲吊灯
6468	Deluxe Oasis Pendant Lamp	绿洲豪华吊灯
6469	Oasis Chandelier	绿洲枝形吊灯
6473	Morbol Chandelier	魔界花枝形吊灯
6474	Illumination Module	照明系统
6475	Moogle Letter Box	莫古信箱
6476	Shroud Broadleaf	黑衣阔叶树
6477	Island Palm	海岛棕榈树
6478	Desert Ironwood	沙漠铁木树
6479	Unbreakable Rock	十分坚硬的庭院石
6480	Mossy Rock	布满苔藓的庭院石
6481	Campfire	篝火炉
6482	Linen Parasol	亚麻阳伞
6483	Lotus Parasol	莲叶阳伞
6484	Walnut Table	胡桃木庭院桌
6485	Mythril Table	秘银庭院桌
6486	Brass Bench	黄铜庭院长椅
6487	Oaken Bench	橡木庭院长椅
6488	Half Barrel Planter	半高盆栽
6489	Low Barrel Planter	低矮盆栽
6490	Riviera Lamppost	海滨路灯
6491	Crofter's Wain	农用货车
6492	Stump Stool	树桩凳
6494	Firewood	木柴
6497	Cragsoul Lamp	泰坦灯笼
6498	Titanic Cragsoul Lamp	土神灯笼
6499	Wavesoul Fount	利维亚桑喷泉
6500	Tidal Wavesoul Fount	水神喷泉
6501	Dark Divinity Falleth	斗神讨伐纪念碑
6502	Savage Arc of Triumph	次元刀凯旋门
6503	Blue Coral Formation	溶洞蓝珊瑚
6504	Bertha Cannon	四管对龙加农炮
6505	Cannonballs	对龙炮弹箱
6506	Stone Vigil Beacon	对龙城塞烽火笼
6507	Bloodblossoms	黄金谷鲜血草
6508	Death's Fingers	黄金谷白骨树
6509	Turnkey's Cups	千狱看守草
6510	Pyrepods	千狱火葬花
6511	Ghostmaws	千狱亡者草
6512	Amdapori Beacon	古堡火笼
6513	Riviera Chair	海滨座椅
6514	Glade Chair	林间座椅
6515	Oasis Chair	绿洲座椅
6516	Morbol Chair	魔界花座椅
6517	Ahriman Chair	冥鬼座椅
6518	Sylphic Chair	妖精座椅
6519	Manor Stool	庄园凳
6520	Manor Highback Chair	庄园座椅
6521	Knight Captain's Chair	对龙城塞指挥椅
6522	Seating Module	就坐系统
6523	Riviera Bench	海滨长椅
6524	Glade Bench	林间长椅
6525	Oasis Bench	绿洲长椅
6529	Riviera Armchair	海滨沙发
6530	Glade Armchair	林间沙发
6531	Oasis Armchair	绿洲沙发
6532	Riviera Couch	海滨长沙发
6533	Glade Couch	林间圆沙发
6534	Oasis Couch	绿洲拐沙发
6535	Manor Couch	庄园长椅
6536	Vortex Couch	迦楼罗沙发
6537	Raging Vortex Couch	风神沙发
6541	Message Book Stand	登记台
6542	Riviera Bed	海滨睡床
6543	Glade Bed	林间睡床
6544	Oasis Bed	绿洲睡床
6548	Ash Cabinet	木制柜橱
6549	Riviera Wardrobe	海滨衣柜
6550	Glade Wardrobe	林间衣柜
6551	Oasis Wardrobe	绿洲衣柜
6552	Manor Wardrobe	庄园衣柜
6559	Company Chest	部队储物柜
6560	Riviera Cupboard	海滨橱柜
6561	Glade Cupboard	林间橱柜
6562	Oasis Cupboard	绿洲橱柜
6563	Manor Cupboard	庄园橱柜
6564	Ahriman Cupboard	冥鬼橱柜
6565	Sylphic Cupboard	妖精橱柜
6566	Riviera Bookshelf	海滨书柜
6567	Glade Bookshelf	林间书柜
6568	Oasis Bookshelf	绿洲书柜
6569	Manor Bookshelf	庄园书柜
6570	Ahriman Bookshelf	冥鬼书柜
6571	Sylphic Bookshelf	妖精书柜
6572	Morbol Bookshelf	魔界花书柜
6573	Riviera Pillar	海滨立柱
6574	Glade Pillar	林间立柱
6575	Oasis Pillar	绿洲立柱
6576	Riviera Partition	海滨隔离墙
6577	Glade Partition	林间隔离墙
6578	Oasis Partition	绿洲隔离墙
6579	Mahogany Screen	木制屏风
6580	Ahriman Screen	冥鬼屏风
6581	Sylphic Screen	妖精屏风
6582	Morbol Screen	魔界花屏风
6583	Riviera Floor Lamp	海滨落地灯
6584	Glade Floor Lamp	林间落地灯
6585	Oasis Floor Lamp	绿洲落地灯
6586	Manor Candelabra	庄园烛台
6587	Tonberry Floor Lamp	冬贝利落地灯
6588	Mandragora Floor Lamp	蔓德拉落地灯
6589	Amigo Cactus Floor Lamp	仙人掌挚友
6590	Deluxe Manor Fireplace	庄园豪华暖炉
6591	Riviera Bathtub	海滨浴缸
6592	Glade Bathtub	林间浴缸
6593	Oasis Bathtub	绿洲浴缸
6594	Terracotta Pot	素陶壶
6595	Potted Maguey	盆栽龙舌兰
6596	Astroscope	天文望远镜
6597	Vodoriga Sculpture	石像魔雕像
6598	Gargoyle Sculpture	石像鬼雕像
6599	Llymlaen's Embrace	利姆莱茵的祝福
6601	Riviera Round Table	海滨圆桌
6602	Oasis Round Table	绿洲圆桌
6603	Glade Round Table	林间圆桌
6604	Ahriman Round Table	冥鬼圆桌
6605	Diagnostics Module	分析系统
6606	Riviera Table	海滨方桌
6607	Glade Table	林间方桌
6608	Oasis Table	绿洲方桌
6609	Sylphic Table	妖精方桌
6610	Riviera Dining Table	海滨餐桌
6611	Glade Dining Table	林间餐桌
6612	Oasis Dining Table	绿洲餐桌
6613	Walnut Dining Table	木制餐桌
6614	Sylphic Dining Table	妖精餐桌
6615	Manor Table	庄园桌子
6616	Riviera Desk	海滨书桌
6617	Oasis Desk	绿洲书桌
6618	Glade Desk	林间书桌
6619	Manor Desk	庄园书桌
6620	Knight Captain's Desk	对龙城塞指挥桌
6621	Walnut Cartonnier	木制文件柜
6622	Glade Cartonnier	林间文件柜
6623	Glade Sideboard	林间矮柜
6624	Glade Drawer Table	林间抽屉桌
6625	Manor Flower Stand	庄园花台
6626	Ahriman Sideboard	冥鬼矮柜
6627	Riviera Stall	海滨桌台
6628	Glade Stall	林间桌台
6629	Oasis Stall	绿洲桌台
6630	Riviera Counter	海滨柜台
6631	Glade Counter	林间柜台
6632	Oasis Counter	绿洲柜台
6633	Sylphic Counter	妖精柜台
6634	Manor Fireplace	庄园暖炉
6635	Brass Pricket	黄铜烛台
6636	Riviera Lantern	海滨台灯
6637	Glade Lantern	林间台灯
6638	Oasis Lantern	绿洲台灯
6639	Riviera Flower Vase	海滨花瓶
6640	Glade Flower Vase	林间花瓶
6641	Oasis Flower Vase	绿洲花瓶
6642	Sylphic Flower Vase	妖精花瓶
6643	Ahriman Flower Vase	冥鬼花瓶
6644	Potted Axilflower	水八角盆栽
6645	Potted Azalea	杜鹃花盆栽
6646	Potted Spider Plant	吊兰盆栽
6647	Table Chronometer	绿金台钟
6648	Ahriman Chronometer	冥鬼台钟
6649	Ink & Quill	文具一组
6650	Weighing Scale	天平
6651	Gemscope	显微镜
6652	Magitek Reaper Miniature	魔导死神模型
6653	Stuffed Moogle	毛绒绒莫古力
6654	Stuffed Chocobo	毛绒绒陆行鸟
6655	Drinking Apkallu	喝水碧企鹅
6663	Galleass Wheel	大型战船的舵盘
6664	Demon Wall Sculpture	恶魔墙雕像
6665	Inferno Wall Lamp	伊弗利特壁灯
6666	Blazing Inferno Wall Lamp	火神壁灯
6667	Sylphic Wall Lantern	妖精壁灯
6668	Nymian Wall Lantern	尼姆壁灯
6669	Amdapori Wall Lantern	无限城壁灯
6670	Belah'dian Crystal Lantern	贝拉哈迪亚水晶灯
6671	Wall Chronometer	绿金挂钟
6672	Behemoth Wall Trophy	贝希摩斯壁挂
6673	Riviera Rug	海滨地毯
6674	Riviera Fringed Rug	海滨流苏地毯
6675	Riviera Oval Rug	海滨椭圆地毯
6676	Glade Rug	林间地毯
6677	Glade Fringed Rug	林间流苏地毯
6678	Glade Blossom Rug	林间花簇地毯
6679	Oasis Rug	绿洲地毯
6680	Oasis Argyle Rug	绿洲菱形地毯
6681	Oasis Leaf Rug	绿洲四叶地毯
6682	Sheep Rug	绵羊地毯
6683	Goobbue Rug	古菩猩猩地毯
6684	Moogle Rug	莫古莫古地毯
6685	Morbol Rug	魔界花地毯
6978	Highland Hood	高地兜帽
6979	Highland Smock	高地罩衫
6980	Highland Mitts	高地连指手套
6981	Highland Boots	高地长靴
6982	Glacial Coat	冰河外套
6983	Glacial Boots	冰河长靴
7009	Cut Stone	切石
7013	Firebricks	砖块
7014	Clinker Bricks	烧结砖
7015	Roof Tile	瓦片
7016	Mortar	灰泥
7017	Varnish	清漆
7018	Iron Nails	黑铁钉
7019	Steel Nails	白钢钉
7020	Cobalt Nails	钴铁钉
7021	Iron Joint Plate	黑铁连接板
7022	Steel Joint Plate	白钢连接板
7023	Cobalt Joint Plate	钴铁连接板
7024	Steel Hinge	白钢折叶
7025	Cotton Canvas	棉布帆布
7026	Linen Canvas	亚麻帆布
7027	Felt Lining	纤维衬料
7059	Spiritbond Potion	精炼药
7064	Summoning Bell	传唤铃
7065	Woodworking Bench	木匠工作台
7066	Smithing Bench	铁匠工作台
7067	Armorcraft Forge	甲匠锻造炉
7068	Goldsmithing Bench	金匠工作台
7069	Leatherworking Bench	革匠工作台
7070	Clothcraft Loom	衣匠织布机
7071	Alchemy Furnace	炼金工作炉
7072	Cooking Stove	厨匠烹饪台
7073	Riviera Table Chronometer	碧海台钟
7074	Glade Wall Chronometer	密林挂钟
7075	Tonberry Round Table	冬贝利圆桌
7076	Tonberry Dining Table	冬贝利餐桌
7077	Tonberry Armchair	冬贝利沙发
7078	Tonberry Couch	冬贝利长沙发
7079	Tonberry Bookshelf	冬贝利书柜
7080	Tonberry Bed	冬贝利睡床
7081	Tonberry Screen	冬贝利屏风
7082	Tonberry Wall Lantern	冬贝利壁灯
7083	Tonberry Oval Rug	冬贝利椭圆地毯
7084	Lalafellin Step Stool	拉拉菲尔脚台
7085	Stuffed Ahriman	毛绒绒冥鬼之眼
7086	Ahriman Vase	冥鬼大口花瓶
7087	Carbuncle Round Table	宝石兽圆桌
7088	Carbuncle Armchair	宝石兽沙发
7089	Carbuncle Desk	宝石兽写字桌
7090	Carbuncle Chair	宝石兽座椅
7091	Carbuncle Wardrobe	宝石兽衣柜
7092	Carbuncle Rug	宝石兽地毯
7093	Carbuncle Chronometer	宝石兽挂钟
7094	Carbuncle Lantern	宝石兽台灯
7098	Looming Tonberry Screen	冬贝利头屏风
7099	Tonberry Square Rug	冬贝利方形地毯
7100	Projection Module	投射系统
7101	Purification Module	灭菌系统
7102	Eorzean Map Table	对龙城塞作战桌
7103	Dragon Piece	巨龙棋子
7104	Wyvern Piece	双足飞龙棋子
7105	Vigil Piece	城塞棋子
7106	Temple Knight Piece	神殿骑士棋子
7107	Dragoon Piece	龙骑士棋子
7108	Manor Harpsichord	庄园大键琴
7109	Manor Music Stool	庄园演奏椅
7110	Manor Timpani	庄园定音鼓
7111	Manor Marching Horn	庄园大号
7112	Manor Cello	庄园大提琴
7113	Manor Harp	庄园竖琴
7114	Manor Music Stand	庄园乐谱架
7115	Regal Letter Box	贤王信箱
7116	Carbuncle Garden Table	宝石兽庭院桌
7117	Carbuncle Garden Bench	宝石兽庭院长椅
7121	Alps Striking Dummy	高山木人
7131	Country Interior Wall	乡村内墙
7132	Stone Interior Wall	石制内墙
7136	Tiled Interior Wall	铺瓦内墙
7137	Metal Interior Wall	金属内墙
7138	Arbor Interior Wall	树林内墙
7139	Chocobo Interior Wall	陆行鸟内墙
7140	Moogle Interior Wall	莫古力内墙
7141	Country Flooring	乡村地板
7142	Stone Flooring	石制地板
7146	Tiled Flooring	铺瓦地板
7147	Metal Flooring	金属地板
7148	Arbor Flooring	树林地板
7149	Chocobo Flooring	陆行鸟地板
7150	Moogle Flooring	莫古力地板
7151	Tonberry Chandelier	冬贝利枝形吊灯
7480	Heavy Wolfram Helm	钨钢重头盔
7481	Heavy Wolfram Cuirass	钨钢重胸甲
7482	Heavy Wolfram Gauntlets	钨钢重手铠
7483	Heavy Wolfram Cuisses	钨钢重腿甲
7484	Heavy Wolfram Sabatons	钨钢重铠靴
7486	Wolfram Mask	钨钢面罩
7487	Wolfram Cuirass	钨钢胸甲
7488	Wolfram Gauntlets	钨钢手铠
7489	Saurian Trousers	蛟蜥软甲裤
7490	Wolfram Sabatons	钨钢铠靴
7492	Saurian Bandana of Striking	蛟蜥强袭头巾
7493	Saurian Shirt of Striking	蛟蜥强袭衬衫
7494	Saurian Gloves of Striking	蛟蜥强袭手套
7495	Cashmere Skirt of Striking	羊绒强袭短裙
7496	Saurian Boots of Striking	蛟蜥强袭长靴
7498	Cashmere Hat of Aiming	羊绒精准狩猎帽
7499	Saurian Tabard of Aiming	蛟蜥精准罩衣
7500	Saurian Gloves of Aiming	蛟蜥精准手套
7501	Cashmere Skirt of Aiming	羊绒精准短裙
7502	Saurian Boots of Aiming	蛟蜥精准筒靴
7504	Gold Spectacles	黄金眼镜
7505	Cashmere Robe of Healing	羊绒治愈长袍
7506	Saurian Gloves of Healing	蛟蜥治愈手套
7507	Cashmere Skirt of Healing	羊绒治愈短裙
7508	Saurian Boots of Healing	蛟蜥治愈长靴
7510	Cashmere Hat of Casting	羊绒咏咒宽边帽
7511	Cashmere Robe of Casting	羊绒咏咒长袍
7512	Saurian Gloves of Casting	蛟蜥咏咒手套
7513	Cashmere Breeches of Casting	羊绒咏咒马裤
7514	Saurian Crakows of Casting	蛟蜥咏咒尖头靴
7534	Coronal Straw Hat	盛花草帽
7535	Sailor Shirt	水手服
7536	Coronal Wristband	盛花腕带
7537	Sailor Brais	水手裤
7538	Sailor Deck Shoes	水手甲板鞋
7539	Spring Straw Hat	春意草帽
7540	Spring Dress	春意礼服
7541	Spring Skirt	春意长裙
7542	Spring Dress Shoes	春意礼鞋
7543	Cloche	花草帽
7546	Light Steel Galerus	轻钢肩甲
7547	Light Steel Subligar	轻钢三角裤
7548	Taffeta Shawl	平纹披肩
7549	Taffeta Loincloth	平纹腰布裙
7552	Tidal Barding	利维亚桑装甲
7559	Plush Cushion	软软垫子
7568	Magic Broom	魔法扫帚
7570	Steamed Catfish	酒香蒸鲶鱼
7571	Popoto Pancakes	新薯煎饼
7572	Roast Canard	香烤填鸭
7573	Sachertorte	萨赫蛋糕
7574	Chilled Popoto Soup	新薯冷汤
7575	Spinach Quiche	菠菜乳蛋饼
7606	Ancient Lumber	古神木材
7607	Wolfram Ingot	钨钢锭
7608	Saurian Leather	蛟蜥革
7609	Cashmere Cloth	羊绒布
7612	Spruce Plywood	云杉合板
7613	Darksteel Hook	玄钢钩
7614	Darksteel Wire	玄钢丝
7615	Rose Gold Cog	玫瑰金齿轮
7616	Gryphonskin Strap	骏鹰革细绳
7617	Silver Brocade	银丝织锦
7618	Spirits of Salt	盐酸
7619	Spicy Tomato Relish	番茄酱
7620	Diluted Vitriol	稀硫酸
7767	Fish Meal	鱼粉
7777	Jute Yarn	黄麻线
7807	Terminus Putty	终结油灰
7958	Riviera Wall Shelf	海滨墙架
7959	Gourmet Lunch	早餐组合
7960	Gourmet Supper	晚餐组合
7961	Afternoon Tea Set	午茶组合
7962	Assorted Fruit	水果拼盘
7963	Chilled Red	冰镇果汁
7966	Stuffed Goblin	毛绒绒哥布林
7970	Wall Planter	墙上盆栽
7972	Open Hearth	开放式火炉
7973	Riviera Half Partition	海滨隔离矮墙
7974	Potted Umbrella Fig	伞叶无花果盆栽
7975	Potted Dragon Tree	龙血树盆栽
7976	Model Star Globe	天球模型
7977	Tatami Mat	榻榻米
7978	Corner Counter	转角柜台
7979	Planter Partition	植物隔离矮墙
7980	Plasma Lamp	拉姆等离子灯
7981	Lord of Levin Lamp	雷神等离子灯
7982	Emperor's Throne	始皇宝座
7983	Riviera Doormat	海滨门垫
7984	Double Feather Bed	双人羽床
7985	Chocobo Pillar	陆行鸟立柱
7986	Riviera Cushion	海滨软垫
7987	Glade Cushion	林间软垫
7988	Oasis Cushion	绿洲软垫
7992	Rounded Shrub	球形灌木
7993	Lattice Planter	格子盆栽
7994	Water Lilies	睡莲水盆
7995	Garden Pond	庭院水塘
7996	Cast-iron Cookpot	吊锅
7997	Stepladder	活梯
7998	Straight Stepping Stones	直线踏脚石
7999	Curved Stepping Stones	弧形踏脚石
8000	Straight Stepping Stumps	直线踏脚木
8001	Curved Stepping Stumps	弧形踏脚木
8002	Planter Box	花坛
8004	Glade Hedgewall	林间树篱墙
8005	Oasis Fence	绿洲装饰石墙
8006	Riviera Fence	海滨铁围栏
8007	Riviera Flora Interior Wall	海滨叶纹内墙
8008	Glade Flora Interior Wall	林间叶纹内墙
8009	Oasis Flora Interior Wall	绿洲叶纹内墙
8010	Classic Interior Wall	古典内墙
8011	Striped Interior Wall	条纹内墙
8012	Mosaic Interior Wall	花纹内墙
8013	Bisque Flooring	素瓷地板
8014	Marble Flooring	大理石地板
8015	Ceramic Tile Flooring	陶瓷地板
8029	Wolfram Square	钨钢方板
8032	Reinforced Spruce Plywood	强化云杉合板
8033	Balanced Darksteel Hook	高精度玄钢钩
8034	Reinforced Darksteel Wire	强化玄钢丝
8035	Calibrated Rose Gold Cog	高精度玫瑰金齿轮
8036	Water-hardened Hippogryph Strap	强化骏鹰革细绳
8037	Intricate Silver Brocade	高级银丝织锦
8038	Concentrated Spirits of Salt	浓盐酸
8039	Rich Tomato Relish	浓厚番茄酱
8043	Gallant Armor Augmentation	英骑装备的改良材料
8044	Temple Attire Augmentation	昭武装备的改良材料
8045	Fighter's Armor Augmentation	勇战装备的改良材料
8046	Drachen Armor Augmentation	腾龙装备的改良材料
8047	Choral Attire Augmentation	咏诗装备的改良材料
8048	Wizard's Attire Augmentation	黑术装备的改良材料
8049	Healer's Attire Augmentation	白愈装备的改良材料
8050	Evoker's Attire Augmentation	唤灵装备的改良材料
8051	Scholar's Attire Augmentation	学士装备的改良材料
8091	Bladder Component	气囊元件
8092	Bladder Lining Component	气囊强化元件
8093	Starboard Hull Component	右舷船体元件
8094	Larboard Hull Component	左舷船体元件
8095	Gyrodrive Component	动力轮元件
8096	Rigging Component	索具元件
8097	Deck Component	甲板元件
8098	Engine Casing Component	引擎外壳元件
8099	Crafting Tool Component	加工工具
8100	Cockpit Exterior Component	驾驶席外部元件
8101	Cockpit Interior Component	驾驶席内部元件
8102	Ballast Component	压载物元件
8103	Instrument Panel Component	仪表元件
8104	Aerodynamo Component	空气动力元件
8105	Starboard Wing Component	右翼元件
8106	Larboard Wing Component	左翼元件
8107	Starboard Wing Control Component	右翼可动元件
8108	Larboard Wing Control Component	左翼可动元件
8109	Transmission Component	变速元件
8110	Heat Vent Component	散热元件
8112	Speaking Tube Component	传声元件
8113	Lamp Component	照明元件
8114	Exhaust Outlet Component	排气元件
8115	Disposal Unit Component	废品紧急处理元件
8117	Ceruleum Tank Component	青磷水箱元件
8118	Steering Mechanism Component	驾驶器元件
8120	Escape Flyer Component	紧急逃生工具
8121	Spare Tank Component	预备水箱元件
8122	Refabrication Component	轻量化元件
8123	Isolator Component	抗震元件
8125	Hyperconductor Component	高传导率元件
8126	Auxiliary Aerodynamo Component	辅助空气动力元件
8127	Decorative Plating Component	装饰元件
8129	Hull Interior Component	长风船体元件
8130	Propulsion Engine Component	长风引擎元件
8131	Engine Jointing Component	长风引擎结合部元件
8132	Helm Component	长风舵盘元件
8133	Finishing Component	长风重要元件
8134	Figurehead Component	长风羽饰元件
8168	Magicked Stable Broom	奇妙扫帚
8200	Nana Bear	娜娜珂小熊
8280	Ruby Earrings	红宝石耳坠
8281	Diamond Earrings	钻石耳坠
8282	Emerald Earrings	祖母绿耳坠
8283	Topaz Earrings	黄玉耳坠
8284	Iolite Earrings	堇青石耳坠
8285	Sapphire Earrings	蓝宝石耳坠
8286	Ruby Choker	红宝石项环
8287	Diamond Choker	钻石项环
8288	Emerald Choker	祖母绿项环
8289	Topaz Choker	黄玉项环
8290	Iolite Choker	堇青石项环
8291	Sapphire Choker	蓝宝石项环
8292	Ruby Bracelet	红宝石手镯
8293	Diamond Bracelet	钻石手镯
8294	Emerald Bracelet	祖母绿手镯
8295	Topaz Bracelet	黄玉手镯
8296	Iolite Bracelet	堇青石手镯
8297	Sapphire Bracelet	蓝宝石手镯
8298	Ruby Ring	红宝石戒指
8299	Diamond Ring	钻石戒指
8300	Emerald Ring	祖母绿戒指
8301	Topaz Ring	黄玉戒指
8302	Iolite Ring	堇青石戒指
8303	Sapphire Ring	蓝宝石戒指
8355	Inferno Blade	狱火神刀
8356	Inferno Claws	狱火神爪
8357	Inferno Battleaxe	狱火神斧
8358	Inferno Harpoon	狱火神枪
8359	Inferno Bow	狱火神弓
8360	Inferno Cane	狱火神杖
8361	Inferno Cudgel	狱火神锤
8362	Inferno Grimoire	狱火神书
8363	Inferno Codex	狱火神典
8364	Gaze of the Vortex	旋风神凝
8365	Talons of the Vortex	旋风神抓
8366	Scream of the Vortex	旋风神嚎
8367	Beak of the Vortex	旋风神喙
8368	Spine of the Vortex	旋风神刺
8369	Wile of the Vortex	旋风神诈
8370	Van of the Vortex	旋风神导
8371	Will of the Vortex	旋风神愿
8372	Embrace of the Vortex	旋风神怀
8373	Tremor Knuckles	厚土重拳
8374	Tremor Axe	厚土大斧
8375	Tremor Spear	厚土长枪
8376	Tremor Bow	厚土战弓
8377	Tremor Cane	厚土牧杖
8378	Tremor Cudgel	厚土咒锤
8379	The Greater Key of Tremors	厚土巨钥
8380	The Holy Key of Tremors	厚土圣钥
8381	Tremor Shield	厚土壁盾
8382	Morbid Moggle Mogblade	贤王莫古剑
8383	Murderous Moggle Mogfists	贤王莫古拳
8384	Malignant Moggle Mogaxe	贤王莫古斧
8385	Melancholy Moggle Mogfork	贤王莫古叉
8386	Mischievous Moggle Mogbow	贤王莫古弓
8387	Malevolent Moggle Mogwand	贤王莫古幻杖
8388	Maleficent Moggle Mogstaff	贤王莫古长杖
8389	Majestic Moggle Mogtome	贤王莫古书·莫古
8390	Munificent Moggle Mogtome	贤王莫古书·库啵
8449	Mosshorn Earrings	苔角耳坠
8450	Rose Gold Earrings of Gathering	玫瑰金大地耳环
8451	Rose Gold Choker	玫瑰金项环
8452	Dodore Choker	邪鬼项环
8453	Dodore Ring	邪鬼戒指
8454	Augmented Heavy Wolfram Cuirass	改良型钨钢重胸甲
8455	Augmented Wolfram Cuirass	改良型钨钢胸甲
8456	Augmented Saurian Shirt of Striking	改良型蛟蜥强袭衬衫
8457	Augmented Saurian Tabard of Aiming	改良型蛟蜥精准罩衣
8458	Augmented Cashmere Robe of Healing	改良型羊绒治愈长袍
8459	Augmented Cashmere Robe of Casting	改良型羊绒咏咒长袍
8540	Pearl Roselle Capeline	珍珠葵宽边草帽
8541	Straw Capeline	宽边草帽
8546	Coeurl Talisman	豹纹护身符
8547	Coeurl Beach Maro	豹纹男式海滩裙
8548	Coeurl Beach Briefs	豹纹男式短裤
8553	Coeurl Beach Halter	豹纹女式夏衣
8554	Coeurl Beach Pareo	豹纹女式海滩裙
8555	Coeurl Beach Tanga	豹纹女式夏裤
8557	Crescent Moon Cone	弦月长睡帽
8558	Crescent Moon Nightcap	弦月花睡帽
8559	Crescent Moon Nightgown	弦月睡袍
8560	Crescent Moon Bottoms	弦月睡裤
8561	Crescent Moon Slippers	弦月拖鞋
8563	Oval Spectacles	椭圆眼镜
8564	Shaded Spectacles	金边墨镜
8570	Levin Barding	拉姆装甲
8660	Bronze Baselards	青铜短刀
8661	Brass Knives	黄铜匕首
8662	Iron Daggers	黑铁小刀
8663	Iron Pugiones	黑铁辅剑
8664	Steel Knives	白钢匕首
8665	Steel Baselards	白钢短刀
8666	Mythril Knives	秘银匕首
8667	Mythril Pugiones	秘银辅剑
8668	Cobalt Baselards	钴铁短刀
8697	Flawless Band	无瑕戒指
8703	Contemporary Pince-nez	现代鼻眼镜
8704	Rimless Glasses	无框眼镜
8705	Thick-rimmed Glasses	粗框眼镜
8777	South Seas Armchair	南洋沙发
8778	South Seas Couch	南洋拐沙发
8779	Riviera Canopy Bed	海滨四柱床
8780	Glade Canopy Bed	林间四柱床
8781	Oasis Canopy Bed	绿洲四柱床
8782	Potted Oliphant's Ear	滴水海芋
8783	Shower Stand	淋浴器
8784	Head of the Dreadwyrm	龙神奖杯
8785	Syrcus Tower	水晶塔奖杯
8786	Riviera Stool	海滨小凳
8787	Glade Stool	林间小凳
8788	Oasis Stool	绿洲小凳
8789	Armoire	收藏柜
8790	Masonwork Stove	石砌壁炉
8793	Riviera Open-shelf Bookcase	海滨开架书柜
8794	Glade Open-shelf Bookcase	林间开架书柜
8795	Oasis Open-shelf Bookcase	绿洲开架书柜
8796	Shipping Crate	货运木箱
8797	Wine Barrel	酒桶
8798	Incensory	香炉
8802	Starlight Dodo	星芒节烤渡渡鸟
8804	Starlight Cake	星芒节蛋糕
8805	Wall Lantern	壁灯
8806	Manor Sofa	庄园沙发
8807	Stuffed Mazlaya Marlin	马兹拉雅枪鱼标本
8808	Megalodon Jaws	巨齿鲨的牙骨
8809	Stuffed Takitaro	泷太郎标本
8811	Towel Hanger	毛巾挂
8813	Glade Doormat	林间门垫
8814	Oasis Doormat	绿洲门垫
8815	Large Woven Rug	大型门垫
8816	Large Planter Box	大型花坛
8817	Riviera Path Light	海滨矮灯
8818	Glade Path Light	林间矮灯
8819	Oasis Path Light	绿洲矮灯
8820	Glade Lamppost	林间路灯
8821	Oasis Lamppost	绿洲路灯
8831	Masonwork Interior Wall	石砌内墙
8832	Masonwork Flooring	石砌地板
8833	Checkered Flooring	方砖地板
8834	Iron Plate Flooring	黑铁地板
8835	Ice Chandelier	希瓦枝形吊灯
8836	Diamond Chandelier	冰神枝形吊灯
8844	Grade 1 Wheel of Confrontation	1级教练以太转轮
8845	Grade 1 Wheel of Productivity	1级修炼以太转轮
8846	Grade 1 Wheel of Industry	1级锻炼以太转轮
8847	Grade 1 Wheel of Longeing	1级特训以太转轮
8848	Grade 1 Wheel of Rivalry	1级战绩以太转轮
8849	Grade 1 Wheel of Company	1级军功以太转轮
8850	Grade 1 Wheel of Initiation	1级新兵以太转轮
8851	Grade 1 Wheel of Capacity	1级达识以太转轮
8852	Grade 1 Wheel of Observation	1级博识以太转轮
8853	Grade 1 Wheel of Efficiency	1级名匠以太转轮
8854	Grade 1 Wheel of Precision	1级巨匠以太转轮
8855	Grade 1 Wheel of Dedication	1级精炼以太转轮
8856	Grade 1 Wheel of Nutriment	1级美食以太转轮
8857	Grade 1 Wheel of Permanence	1级耐久以太转轮
8858	Grade 1 Wheel of Swiftness	1级疾风以太转轮
8859	Grade 1 Wheel of Pilgrimage	1级旅人以太转轮
9026	Wootz Sallet	乌兹头盔
9027	Wootz Cuirass	乌兹胸甲
9028	Wootz Mitten Gauntlets	乌兹连指手铠
9029	Kirimu Breeches of Fending	奇蜥御敌马裤
9030	Wootz Sabatons	乌兹铠靴
9032	Platinum Bangles of Fending	白金御敌手镯
9033	Platinum Earrings of Fending	白金御敌耳坠
9034	Platinum Scarf of Fending	白金御敌围巾
9035	Platinum Ring of Fending	白金御敌戒指
9036	Wootz Mask	乌兹面罩
9037	Wootz Mail	乌兹战铠
9038	Wootz Gauntlets	乌兹手铠
9039	Kirimu Breeches of Maiming	奇蜥制敌马裤
9040	Wootz Sollerets	乌兹锁甲靴
9042	Arachne Bandana of Striking	织蛛强袭头巾
9043	Arachne Shirt of Striking	织蛛强袭衬衫
9044	Arachne Field Dressing of Striking	织蛛强袭缠手带
9045	Arachne Gaskins of Striking	织蛛强袭束膝裤
9046	Kirimu Sandals of Striking	奇蜥强袭凉鞋
9048	Platinum Bangles of Slaying	白金强攻手镯
9049	Platinum Earrings of Slaying	白金强攻耳坠
9050	Platinum Scarf of Slaying	白金强攻围巾
9051	Platinum Ring of Slaying	白金强攻戒指
9052	Kirimu Tricorne	奇蜥三角帽
9053	Kirimu Coat	奇蜥外套
9054	Kirimu Bracers	奇蜥弓术手套
9055	Kirimu Brais	奇蜥衬裤
9056	Kirimu Boots of Aiming	奇蜥精准长靴
9058	Platinum Bangles of Aiming	白金精准手镯
9059	Platinum Earrings of Aiming	白金精准耳坠
9060	Platinum Scarf of Aiming	白金精准围巾
9061	Platinum Ring of Aiming	白金精准戒指
9062	Platinum Circlet of Healing	白金治愈头饰
9063	Arachne Robe	织蛛长袍
9064	Kirimu Gloves of Healing	奇蜥治愈手套
9065	Arachne Culottes of Healing	织蛛治愈短裤
9066	Kirimu Boots of Healing	奇蜥治愈法靴
9068	Platinum Bangles of Healing	白金治愈手镯
9069	Platinum Earrings of Healing	白金治愈耳坠
9070	Platinum Scarf of Healing	白金治愈围巾
9071	Platinum Ring of Healing	白金治愈戒指
9072	Platinum Circlet of Casting	白金咏咒头饰
9073	Arachne Bolero	织蛛短外套
9074	Kirimu Gloves of Casting	奇蜥咏咒手套
9075	Arachne Culottes of Casting	织蛛咏咒短裤
9076	Kirimu Boots of Casting	奇蜥咏咒法靴
9078	Platinum Bangles of Casting	白金咏咒手镯
9079	Platinum Earrings of Casting	白金咏咒耳坠
9080	Platinum Scarf of Casting	白金咏咒围巾
9081	Platinum Ring of Casting	白金咏咒戒指
9082	Wootz Shield	乌兹盾
9083	Wootz Scimitar	乌兹弯刀
9084	Wootz Knuckles	乌兹指虎
9085	Wootz Bhuj	乌兹长刃斧
9086	Wootz Spear	乌兹长枪
9087	Ebony Longbow	黑檀长弓
9088	Wootz Daggers	乌兹小刀
9089	Ebony Cane	黑檀牧杖
9090	Ebony Staff	黑檀长杖
9091	Kirimu Grimoire	奇蜥魔导书
9092	Kirimu Codex	奇蜥魔典
9184	Bronze Daggers	青铜小刀
9185	Bronze Knives	青铜匕首
9186	Brass Daggers	黄铜小刀
9193	Steel Daggers	白钢小刀
9205	Maddening Daggers	狂热小刀
9209	Mythril Baselards	秘银短刀
9224	Vamper's Knives	吸血匕首
9225	Giantsgall Cleavers	巨胆屠刀
9226	Misericordes	仁慈短刺
9234	Inferno Kris	狱火神刺
9235	Plumes of the Vortex	旋风神羽
9236	Tremor Cleavers	厚土屠刀
9237	Mortal Moggle Mogknives	贤王莫古匕首
9256	Ninja Garb Augmentation	乱波装备的改良材料
9283	Best Man's Jacket	伴郎礼服
9284	Best Man's Slacks	伴郎礼裤
9285	Best Man's Gaiters	伴郎礼鞋
9286	Bridesmaid's Dress	伴娘礼裙
9287	Bridesmaid's Tights	伴娘长袜
9288	Bridesmaid's Sandals	伴娘凉鞋
9289	Plain Long Skirt	朴素长裙
9291	Gryphonskin Eyepatch	骏鹰眼罩
9297	Minstrel's Spectacles	艺术眼镜
9298	Classic Spectacles	经典眼镜
9300	Artisan's Mitts	工匠连指手套
9301	Artisan's Culottes	工匠及膝裤
9302	Artisan's Sandals	工匠凉鞋
9303	Forager's Vest	征粮工作服
9304	Forager's Wristguards	征粮护腕
9305	Forager's Slops	征粮工作裤
9306	Forager's Shoes	征粮工作靴
9307	Artisan's Claw Hammer	工匠羊角锤
9308	Artisan's File	工匠锉刀
9309	Artisan's Pliers	工匠手钳
9310	Artisan's Grinding Wheel	工匠砂轮机
9311	Artisan's Awl	工匠平斩
9312	Artisan's Spinning Wheel	工匠纺车
9313	Artisan's Mortar	工匠研钵
9314	Artisan's Culinary Knife	工匠厨刀
9315	Forager's Sledgehammer	征粮碎石锤
9316	Forager's Scythe	征粮镰刀
9330	Triple Cream Coffee	浓缩康宝蓝
9331	Bacon Bread	烟肉麦穗面包
9332	Flint Caviar	煌黑鱼子酱
9333	Shark Fin Soup	鱼翅汤
9334	Haddock Dip	黑线鳕沙拉
9335	Bacon Broth	烟肉汤
9355	Ice Barding	希瓦装甲
9358	Wootz Ingot	乌兹锭
9359	Platinum Nugget	白金块
9360	Platinum Ingot	白金锭
9361	Kirimu Leather	奇蜥革
9362	Arachne Velveteen	织蛛绒布
9373	Enchanted Platinum Ink	白金附魔墨水
9461	Misericorde Blades	仁慈短刺剑身
9485	Arachne Bandana of Scouting	织蛛游击头巾
9486	Arachne Shirt of Scouting	织蛛游击衬衫
9487	Arachne Field Dressing of Scouting	织蛛游击缠手带
9488	Arachne Gaskins of Scouting	织蛛游击束膝裤
9489	Kirimu Sandals of Scouting	奇蜥游击凉鞋
9510	Furnace Ring	熔火指环
9511	Perfect Firewood	高质的木柴
9512	Perfect Mortar	高质的研钵
9513	Perfect Pestle	高质的钵杵
9514	Perfect Vellum	高质的羊皮纸
9515	Perfect Pounce	高质的安定粉
9516	Tailor-made Eel Pie	秘制鳗鱼派
9517	Perfect Cloth	高质的古布料
9615	Grade 1 Feed - Speed Blend	1级速度饲料
9616	Grade 2 Feed - Speed Blend	2级速度饲料
9618	Grade 1 Feed - Acceleration Blend	1级加速饲料
9619	Grade 2 Feed - Acceleration Blend	2级加速饲料
9621	Grade 1 Feed - Balance Blend	1级适应饲料
9622	Grade 2 Feed - Balance Blend	2级适应饲料
9624	Grade 1 Feed - Endurance Blend	1级体力饲料
9625	Grade 2 Feed - Endurance Blend	2级体力饲料
9627	Grade 1 Feed - Stamina Blend	1级持久饲料
9628	Grade 2 Feed - Stamina Blend	2级持久饲料
9718	Longcase Chronometer	大型落地钟
9719	Oriental Bathtub	东方浴缸
9722	Kotatsu Table	被炉
9723	Wax Vegetables	一箱蔬菜
9724	Guildleve Counter	理符柜台
9726	Glade Tea Set	林间午茶组合
9727	Riviera Supper	海滨晚餐组合
9728	Oasis Breakfast	绿洲早餐组合
9730	Oriental Altar	东方祭坛
9733	Dead Man's Chest	聚灵棺
9734	Oak Low Barrel Planter	橡木低矮盆栽
9735	Valentione's Cake	恋人节蛋糕
9736	Royal Partition	王室隔板
9737	Order of Nald'thal Lectern	纳尔札尔教团讲台
9738	Green Tea Set	抹茶组合
9739	Dried Well	枯井
9740	Oriental Striking Dummy	东方木人
9744	Wild Banana Tree	野香蕉树
9745	Personal Astroscope	个人天文仪
9746	Riviera Garden Table Set	海滨庭院桌组合
9748	Retainer Cartonnier	雇员文件柜
9749	Retainer Counter	雇员柜台
9766	Spotted Interior Wall	圆点内墙
9767	Wavy Interior Wall	波纹内墙
9768	Tatami Flooring	榻榻米地板
9769	Monochrome Flooring	黑白方格地板
9770	Oasis Cobble Flooring	绿洲石路地板
9771	Star Chandelier	星月枝形吊灯
10049	Oval Reading Glasses	椭圆读书眼镜
10050	Coeurl Eyeglasses	豹目眼镜
10052	Artisan's Apron	工匠围裙装
10071	Model Magitek Bit	自律型魔导浮游炮
10086	Tinker's Calm	精密药
10100	Petrified Orb	硅化木宝珠
10101	Mummer's Daggers	杂技演员的小刀
10102	Lapdog Collar Bell	项圈铃
10103	Fluorite Lens	萤石透镜
10104	Patent Leather	蛟蜥漆皮
10105	Camlet	羽纱
10106	Enchanted Quicksilver	魔化水银
10107	Duck Broth	鸭高汤
10332	Battered Fish	炸鱼套餐
10346	Stained Crystal Interior Wall	水晶画内墙
10349	Magnificent Mogdelier	莫古莫古吊灯
10350	Hive Ceiling Fan	罗波那风扇灯
10351	Deep Hive Ceiling Fan	武神风扇灯
10373	Magitek Repair Materials	魔导机械修理材料
10387	Thavnairian Turban	萨维奈包头巾
10388	Thavnairian Bolero	萨维奈短外套
10389	Thavnairian Gloves	萨维奈手套
10390	Thavnairian Sarouel	萨维奈垮裤
10391	Thavnairian Babouches	萨维奈尖头鞋
10392	Thavnairian Headdress	萨维奈头纱
10393	Thavnairian Bustier	萨维奈舞裙
10394	Thavnairian Armlets	萨维奈臂纱
10395	Thavnairian Tights	萨维奈绑腿
10396	Thavnairian Sandals	萨维奈凉鞋
10401	Steel Zweihander	白钢双手剑
10402	Mythril Claymore	秘银大剑
10403	Mythril Zweihander	秘银双手剑
10404	Cobalt Claymore	钴铁大剑
10405	Cobalt Zweihander	钴铁双手剑
10406	Giantsgall Guillotine	巨胆断头剑
10407	Subduer	征服大剑
10408	Inferno Faussar	狱火大弯刀
10409	Pain of the Vortex	旋风神痛
10410	Tremor Guillotine	厚土断头剑
10411	Monstrous Moggle Mogsword	贤王莫古巨剑
10412	Wootz Faussar	乌兹大弯刀
10463	Steel-barreled Musketoon	白钢火枪
10464	Mythril-barreled Carbine	秘银步枪
10465	Mythril-barreled Musketoon	秘银火枪
10466	Cobalt-barreled Carbine	钴铁步枪
10467	Cobalt-barreled Musketoon	钴铁火枪
10468	Giantsgall Knifelock	巨胆刀锁
10469	Darksteel-barreled Blunderbuss	玄钢雷火炮
10470	Inferno Musketoon	狱火火枪
10471	Abandon of the Vortex	旋风神弃
10472	Menacing Moggle Mog Gun	贤王莫古火枪
10473	Tremor Culverin	厚土重炮
10474	Wootz Revolver	乌兹左轮枪
10525	Silver Star Globe	白银天球仪
10526	Mythril Star Globe	秘银天球仪
10527	Mythril Planisphere	秘银天星盘
10528	Electrum Star Globe	绿金天球仪
10529	Cobalt Planisphere	钴铁天星盘
10530	Giantsgall Star Globe	巨胆天球仪
10531	The Evening Star	昏星盘
10532	Inferno Star Globe	狱火天球仪
10533	Lift of the Vortex	旋风神提
10534	Tremor Star Globe	厚土天球仪
10535	Moonlit Moggle Moglobe	贤王莫古仪
10536	Platinum Planisphere	白金天星盘
10586	Mythrite Katzbalger	灵银斗剑
10587	Mythrite Flametongue	灵银火舌
10588	Titanium Bastard Sword	白钛手半剑
10589	Titanium Longsword	白钛长剑
10590	Adamantite Broadsword	精金宽刃剑
10591	Adamantite Winglet	精金翼剑
10592	Mythrite Patas	灵银拳剑
10593	Mythrite Jamadhars	灵银拳锋
10594	Titanium Jamadhars	白钛拳锋
10595	Titanium Knuckles	白钛指虎
10596	Adamantite Jamadhars	精金拳锋
10597	Adamantite Knuckles	精金指虎
10598	Mythrite War Axe	灵银战斧
10599	Mythrite Labrys	灵银双刃斧
10600	Titanium Axe	白钛大斧
10601	Titanium Battleaxe	白钛战斧
10602	Adamantite Bill	精金钩斧
10603	Adamantite Headsman's Axe	精金头人斧
10604	Mythrite Trident	灵银三尖枪
10605	Mythrite Pugil Stick	灵银角力棒
10606	Titanium Lance	白钛骑枪
10607	Titanium Fork	白钛战叉
10608	Adamantite Spear	精金长枪
10609	Adamantite Trident	精金三尖枪
10610	Cedar Longbow	雪松长弓
10611	Holy Cedar Composite Bow	圣雪松复合弓
10612	Dark Chestnut Longbow	暗栗木长弓
10613	Hallowed Chestnut Composite Bow	祝圣栗木长弓
10614	Birch Longbow	桦木长弓
10615	Birch Composite Bow	桦木复合弓
10616	Mythrite Pugiones	灵银辅剑
10617	Mythrite Stilettos	灵银刺刀
10618	Titanium Pugiones	白钛辅剑
10619	Titanium Kris	白钛波刃
10620	Adamantite Knives	精金匕首
10621	Adamantite Main Gauches	精金左手剑
10622	Mythrite Claymore	灵银大剑
10623	Mythrite Zweihander	灵银双手剑
10624	Titanium Claymore	白钛大剑
10625	Titanium Greatsword	白钛巨剑
10626	Adamantite Zweihander	精金双手剑
10627	Adamantite Greatsword	精金巨剑
10628	Mythrite-barreled Arquebus	灵银明火枪
10629	Mythrite-barreled Musketoon	灵银火枪
10630	Titanium-barreled Arquebus	白钛明火枪
10631	Titanium-barreled Snaphance	白钛燧发枪
10632	Adamantite Revolver	精金左轮枪
10633	Adamantite-barreled Culverin	精金重炮
10634	Cedar Crook	雪松手杖
10635	Holy Cedar Wand	圣雪松幻杖
10636	Dark Chestnut Rod	暗栗木法杖
10637	Hallowed Chestnut Wand	祝圣栗木幻杖
10638	Birch Signum	桦木符杖
10639	Birch Rod	桦木法杖
10640	Yeti Staff	雪人长杖
10641	Obsidian Longpole	黑曜石长玉杖
10642	Hardsilver Staff	硬银长杖
10643	Hardsilver Pole	硬银玉杖
10644	Aurum Regis Longpole	皇金长玉杖
10645	Aurum Regis Staff	皇金长杖
10646	Archaeoskin Grimoire	古鸟革魔导书
10647	Wyvernskin Grimoire	飞龙革魔导书
10648	Dhalmelskin Grimoire	长颈驼革魔导书
10649	Dragonskin Grimoire	巨龙革魔导书
10650	Book of Aurum Regis	皇金之书
10651	Noble Gold	贵族之书
10652	Archaeoskin Codex	古鸟革魔导典
10653	Wyvernskin Codex	飞龙革魔导典
10654	Dhalmelskin Codex	长颈驼革魔导典
10655	Dragonskin Codex	巨龙革魔导典
10656	Noble's Picatrix	皇金巫书
10657	Noble's Codex	贵族之典
10658	Mythrite Star Globe	灵银天球仪
10659	Mythrite Planisphere	灵银天星盘
10660	Hardsilver Star Globe	白钛天球仪
10661	Hardsilver Planisphere	白钛天星盘
10662	Aurum Regis Orrery	精金太阳仪
10663	Aurum Regis Planisphere	皇金天星盘
10664	Mythrite Scutum	灵银步兵盾
10665	Mythrite Bladed Lantern Shield	灵银双剑机关盾
10666	Titanium Kite Shield	白钛鸢盾
10667	Titanium Hoplon	白钛重盾
10668	Adamantite Scutum	精金步兵盾
10669	Adamantite Hoplon	精金重盾
10670	Mythrite Sallet of Fending	灵银御敌角盔
10671	Wyvernskin Mane of Fending	飞龙革御敌鬃盔
10672	Titanium Mask of Fending	白钛御敌面具
10673	Titanium Helm of Fending	白钛御敌头盔
10674	Adamantite Helm of Fending	精金御敌头盔
10675	Adamantite Circlet of Fending	精金御敌头冠
10676	Adamantite Barbut of Fending	精金御敌开面盔
10677	Mythrite Hauberk of Fending	灵银御敌锁子铠
10678	Holy Rainbow Shirt of Fending	圣虹御敌衬衫
10679	Titanium Mail of Fending	白钛御敌战铠
10680	Titanium Cuirass of Fending	白钛御敌胸甲
10681	Adamantite Armor of Fending	精金御敌重甲
10682	Adamantite Lorica of Fending	精金御敌兜甲
10683	Adamantite Pauldroncoat of Fending	精金御敌外套
10684	Mythrite Gauntlets of Fending	灵银御敌手铠
10685	Wyvernskin Gloves of Fending	飞龙革御敌手套
10686	Titanium Gauntlets of Fending	白钛御敌手铠
10687	Titanium Vambraces of Fending	白钛御敌臂甲
10688	Adamantite Gauntlets of Fending	精金御敌手铠
10689	Heavy Adamantite Gauntlets of Fending	重精金御敌手铠
10690	Adamantite Vambraces of Fending	精金御敌臂甲
10698	Archaeoskin Breeches of Fending	古鸟革御敌马裤
10699	Holy Rainbow Sarouel of Fending	圣虹御敌垮裤
10700	Dhalmelskin Breeches of Fending	长颈驼革御敌马裤
10701	Dragonskin Breeches of Fending	巨龙革御敌马裤
10702	Adamantite Chain Hose of Fending	精金御敌锁甲骑兵裤
10703	Chimerical Felt Breeches of Fending	奇美纤维御敌马裤
10704	Griffin Leather Skirt of Fending	狮鹫革御敌长裙
10705	Mythrite Sabatons of Fending	灵银御敌铠靴
10706	Wyvernskin Boots of Fending	飞龙革御敌长靴
10707	Titanium Sollerets of Fending	白钛御敌锁甲靴
10708	Titanium Sabatons of Fending	白钛御敌铠靴
10709	Adamantite Sabatons of Fending	精金御敌铠靴
10710	Adamantite Greaves of Fending	精金御敌胫甲
10711	Adamantite Sollerets of Fending	精金御敌锁甲靴
10712	Mythrite Sallet of Maiming	灵银制敌头盔
10713	Wyvernskin Pot Helm of Maiming	飞龙革制敌盔帽
10714	Titanium Sallet of Maiming	白钛制敌头盔
10715	Titanium Mask of Maiming	白钛制敌面具
10716	Adamantite Helm of Maiming	精金制敌头盔
10717	Serpentskin Helm of Maiming	安菲瑟龙革制敌头盔
10718	Adamantite Barbut of Maiming	精金制敌开面盔
10719	Mythrite Hauberk of Maiming	灵银制敌锁子铠
10720	Holy Rainbow Shirt of Maiming	圣虹制敌衬衫
10721	Titanium Cuirass of Maiming	白钛制敌胸甲
10722	Titanium Mail of Maiming	白钛制敌链甲
10723	Adamantite Armor of Maiming	精金制敌重甲
10724	Adamantite Mail of Maiming	精金制敌链甲
10725	Adamantite Pauldroncoat of Maiming	精金制敌外套
10726	Mythrite Gauntlets of Maiming	灵银制敌手铠
10727	Wyvernskin Gloves of Maiming	飞龙革制敌手套
10728	Titanium Mitt Gauntlets of Maiming	白钛制敌连指手铠
10729	Titanium Vambraces of Maiming	白钛制敌臂甲
10730	Adamantite Gauntlets of Maiming	精金制敌手铠
10731	Serpentskin Armguards of Maiming	安菲瑟龙革制敌护臂
10732	Adamantite Vambraces of Maiming	精金制敌臂甲
10740	Archaeoskin Breeches of Maiming	古鸟革制敌马裤
10741	Holy Rainbow Sarouel of Maiming	圣虹制敌垮裤
10742	Dhalmelskin Breeches of Maiming	长颈驼革制敌马裤
10743	Dragonskin Breeches of Maiming	巨龙革制敌马裤
10744	Adamantite Chain Hose of Maiming	精金制敌锁甲骑兵裤
10745	Serpentskin Hose of Maiming	安菲瑟龙革制敌骑兵裤
10746	Griffin Leather Skirt of Maiming	狮鹫革制敌长裙
10747	Mythrite Sabatons of Maiming	灵银制敌铠靴
10748	Wyvernskin Boots of Maiming	飞龙革制敌长靴
10749	Titanium Sabatons of Maiming	白钛制敌铠靴
10750	Titanium Sollerets of Maiming	白钛制敌锁甲靴
10751	Adamantite Sabatons of Maiming	精金制敌铠靴
10752	Adamantite Leg Guards of Maiming	精金制敌腿甲靴
10753	Adamantite Sollerets of Maiming	精金制敌锁甲靴
10754	Mythrite Circlet of Striking	灵银强袭头冠
10755	Wyvernskin Eyepatch of Striking	飞龙革强袭眼罩
10756	Titanium Mask of Striking	白钛强袭面具
10757	Titanium Headgear of Striking	白钛强袭头甲
10758	Chimerical Felt Cap of Striking	奇美纤维强袭无檐帽
10759	Chimerical Felt Coif of Striking	奇美纤维强袭兜帽
10760	Griffin Leather Tricorne of Striking	狮鹫革强袭三角帽
10761	Rainbow Bolero of Striking	虹布强袭外套
10762	Holy Rainbow Shirt of Striking	圣虹强袭衬衫
10763	Dhalmelskin Jacket of Striking	长颈驼革强袭短衣
10764	Titanium Mail of Striking	白钛强袭链甲
10765	Chimerical Felt Cyclas of Striking	奇美纤维强袭斗服
10766	Chimerical Felt Tabard of Striking	奇美纤维强袭罩衣
10767	Griffin Leather Coat of Striking	狮鹫革强袭外套
10768	Archaeoskin Gloves of Striking	古鸟革强袭手套
10769	Wyvernskin Gloves of Striking	飞龙革强袭手套
10770	Dhalmelskin Armguards of Striking	长颈驼革强袭护臂
10771	Titanium Vambraces of Striking	白钛强袭臂甲
10772	Serpentskin Armguards of Striking	安菲瑟龙革强袭护臂
10773	Serpentskin Bracers of Striking	安菲瑟龙革强袭手套
10774	Griffin Leather Bracers of Striking	狮鹫革强袭手套
10782	Rainbow Culottes of Striking	虹布强袭裙裤
10783	Holy Rainbow Sarouel of Striking	圣虹强袭垮裤
10784	Ramie Trousers of Striking	青麻强袭软甲裤
10785	Dragonskin Breeches of Striking	巨龙革强袭马裤
10786	Chimerical Felt Hose of Striking	奇美纤维强袭骑兵裤
10787	Serpentskin Brais of Striking	安菲瑟龙革强袭衬裤
10788	Griffin Leather Brais of Striking	狮鹫革强袭衬裤
10789	Archaeoskin Boots of Striking	古鸟革强袭长靴
10790	Wyvernskin Boots of Striking	飞龙革强袭长靴
10791	Dhalmelskin Leggings of Striking	长颈驼革强袭护腿
10792	Titanium Sabatons of Striking	白钛强袭铠靴
10793	Serpentskin Boots of Striking	安菲瑟龙革强袭长靴
10794	Serpentskin Thighboots of Striking	安菲瑟龙革强袭高筒靴
10795	Griffin Leather Boots of Striking	狮鹫革强袭长靴
10796	Rainbow Cap of Aiming	虹布精准小丑帽
10797	Holy Rainbow Hat of Aiming	圣虹精准狩猎帽
10798	Titanium Mask of Aiming	白钛精准口罩
10799	Hallowed Chestnut Mask of Aiming	祝圣栗木精准假面
10800	Chimerical Felt Cap of Aiming	奇美纤维精准无檐帽
10801	Chimerical Felt Coif of Aiming	奇美纤维精准兜帽
10802	Griffin Leather Blinder of Aiming	狮鹫革精准眼罩
10803	Rainbow Robe of Aiming	虹布精准长袍
10804	Holy Rainbow Shirt of Aiming	圣虹精准衬衫
10805	Dhalmelskin Jacket of Aiming	长颈驼革精准短衣
10806	Hallowed Ramie Doublet of Aiming	祝圣青麻精准工作服
10807	Chimerical Felt Cyclas of Aiming	奇美纤维精准斗服
10808	Chimerical Felt Tabard of Aiming	奇美纤维精准短袖罩衣
10809	Griffin Leather Longcoat of Aiming	狮鹫革精准作战服
10810	Archaeoskin Gloves of Aiming	古鸟革精准手套
10811	Wyvernskin Cuffs of Aiming	飞龙革精准护袖
10812	Dhalmelskin Armguards of Aiming	长颈驼革精准护臂
10813	Dragonskin Gloves of Aiming	巨龙革精准手套
10814	Serpentskin Armguards of Aiming	安菲瑟龙革精准护臂
10815	Serpentskin Bracers of Aiming	安菲瑟龙革精准手套
10816	Griffin Leather Gloves of Aiming	狮鹫革精准手套
10824	Rainbow Slops of Aiming	虹布精准长裤
10825	Holy Rainbow Sarouel of Aiming	圣虹精准垮裤
10826	Ramie Trousers of Aiming	青麻精准软甲裤
10827	Hallowed Ramie Gaskins of Aiming	祝圣青麻精准束膝裤
10828	Chimerical Felt Hose of Aiming	奇美纤维精准骑兵裤
10829	Serpentskin Brais of Aiming	安菲瑟龙革精准衬裤
10830	Astral Silk Slops of Aiming	星绢布精准长裤
10831	Archaeoskin Shoes of Aiming	古鸟革精准尖头靴
10832	Wyvernskin Boots of Aiming	飞龙革精准长靴
10833	Dhalmelskin Leggings of Aiming	长颈驼革精准护腿
10834	Dragonskin Boots of Aiming	巨龙革精准长靴
10835	Serpentskin Boots of Aiming	安菲瑟龙革精准长靴
10836	Serpentskin Thighboots of Aiming	安菲瑟龙革精准高筒靴
10837	Griffin Leather Thighboots of Aiming	狮鹫革精准高筒靴
10838	Rainbow Coif of Scouting	虹布游击兜帽
10839	Holy Rainbow Scarf of Scouting	圣虹游击围巾
10840	Titanium Mask of Scouting	白钛游击口罩
10841	Titanium Headgear of Scouting	白钛游击头甲
10842	Chimerical Felt Cap of Scouting	奇美纤维游击无檐帽
10843	Chimerical Felt Coif of Scouting	奇美纤维游击兜帽
10844	Griffin Leather Tricorne of Scouting	狮鹫革游击三角帽
10845	Rainbow Shirt of Scouting	虹布游击衬衫
10846	Holy Rainbow Shirt of Scouting	圣虹游击衬衫
10847	Dhalmelskin Jacket of Scouting	长颈驼革游击短衣
10848	Titanium Mail of Scouting	白钛游击链甲
10849	Chimerical Felt Cyclas of Scouting	奇美纤维游击斗服
10850	Chimerical Felt Tabard of Scouting	奇美纤维游击罩衣
10851	Griffin Leather Coat of Scouting	狮鹫革游击外套
10852	Rainbow Halfgloves of Scouting	虹布游击半指手套
10853	Wyvernskin Cuffs of Scouting	飞龙革游击护袖
10854	Dhalmelskin Armguards of Scouting	长颈驼革游击护臂
10855	Titanium Vambraces of Scouting	白钛游击臂甲
10856	Serpentskin Armguards of Scouting	安菲瑟龙革游击护臂
10857	Serpentskin Bracers of Scouting	安菲瑟龙革游击手套
10858	Griffin Leather Bracers of Scouting	狮鹫革游击手套
10866	Rainbow Sarouel of Scouting	虹布游击垮裤
10867	Holy Rainbow Sarouel of Scouting	圣虹游击垮裤
10868	Ramie Trousers of Scouting	青麻游击软甲裤
10869	Dragonskin Breeches of Scouting	巨龙革游击马裤
10870	Chimerical Felt Hose of Scouting	奇美纤维游击骑兵裤
10871	Serpentskin Brais of Scouting	安菲瑟龙革游击衬裤
10872	Griffin Leather Brais of Scouting	狮鹫革游击衬裤
10873	Archaeoskin Boots of Scouting	古鸟革游击短靴
10874	Wyvernskin Boots of Scouting	飞龙革游击长靴
10875	Dhalmelskin Leggings of Scouting	长颈驼革游击护腿
10876	Titanium Sabatons of Scouting	白钛游击铠靴
10877	Serpentskin Boots of Scouting	安菲瑟龙革游击长靴
10878	Serpentskin Thighboots of Scouting	安菲瑟龙革游击高筒靴
10879	Griffin Leather Boots of Scouting	狮鹫革游击长靴
10880	Rainbow Cap of Healing	虹布治愈小丑帽
10881	Holy Rainbow Hat of Healing	圣虹治愈骑士帽
10882	Hardsilver Monocle of Healing	硬银单眼镜
10883	Hallowed Chestnut Mask of Healing	祝圣栗木治愈假面
10884	Chimerical Felt Klobuk of Healing	奇美纤维治愈修道帽
10885	Aurum Regis Circlet of Healing	皇金治愈头冠
10886	Aurum Regis Crown of Healing	皇金治愈王冠
10887	Rainbow Robe of Healing	虹布治愈长袍
10888	Holy Rainbow Shirt of Healing	圣虹治愈衬衫
10889	Ramie Robe of Healing	青麻治愈长袍
10890	Hallowed Ramie Doublet of Healing	祝圣青麻治愈工作服
10891	Chimerical Felt Alb of Healing	奇美纤维治愈圣职衣
10892	Chimerical Felt Robe of Healing	奇美纤维治愈长袍
10893	Astral Silk Doublet of Healing	星绢布治愈工作服
10894	Archaeoskin Gloves of Healing	古鸟革治愈手套
10895	Wyvernskin Gloves of Healing	飞龙革治愈手套
10896	Ramie Halfgloves of Healing	青麻治愈半手套
10897	Dragonskin Gloves of Healing	巨龙革治愈手套
10898	Chimerical Felt Gloves of Healing	奇美纤维治愈手套
10899	Serpentskin Gloves of Healing	安菲瑟龙革治愈手套
10900	Astral Silk Gloves of Healing	星绢布治愈礼服手套
10908	Rainbow Slops of Healing	虹布治愈长裤
10909	Holy Rainbow Sarouel of Healing	圣虹治愈垮裤
10910	Ramie Tonban of Healing	青麻治愈灯笼裤
10911	Hallowed Ramie Gaskins of Healing	祝圣青麻治愈束膝裤
10912	Chimerical Felt Chausses of Healing	奇美纤维治愈裤袜
10913	Chimerical Felt Breeches of Healing	奇美纤维治愈马裤
10914	Astral Silk Bottoms of Healing	星绢布治愈打底裤
10915	Archaeoskin Shoes of Healing	古鸟革治愈尖头靴
10916	Wyvernskin Boots of Healing	飞龙革治愈长靴
10917	Dhalmelskin Crakows of Healing	长颈驼革治愈法靴
10918	Dragonskin Boots of Healing	巨龙革治愈长靴
10919	Serpentskin Thighboots of Healing	安菲瑟龙革治愈高筒靴
10920	Aurum Regis Sollerets of Healing	皇金治愈锁甲靴
10921	Griffin Leather Boots of Healing	狮鹫革治愈长靴
10922	Rainbow Cap of Casting	虹布咏咒小丑帽
10923	Wyvernskin Mask of Casting	飞龙革咏咒假面
10924	Hardsilver Magnifiers of Casting	硬银作业眼镜
10925	Hallowed Chestnut Mask of Casting	祝圣栗木咏咒假面
10926	Serpentskin Hat of Casting	安菲瑟龙革咏咒宽边帽
10927	Chimerical Felt Hat of Casting	奇美纤维咏咒魔术帽
10928	Aurum Regis Circlet of Casting	皇金咏咒头冠
10929	Rainbow Robe of Casting	虹布咏咒长袍
10930	Holy Rainbow Shirt of Casting	圣虹咏咒衬衫
10931	Ramie Robe of Casting	青麻咏咒长袍
10932	Hallowed Ramie Doublet of Casting	祝圣青麻咏咒工作服
10933	Chimerical Felt Robe of Casting	奇美纤维咏咒长袍
10934	Chimerical Felt Coat of Casting	奇美纤维咏咒魔术服
10935	Astral Silk Doublet of Casting	星绢布咏咒工作服
10936	Archaeoskin Gloves of Casting	古鸟革咏咒手套
10937	Wyvernskin Gloves of Casting	飞龙革咏咒手套
10938	Ramie Halfgloves of Casting	青麻咏咒半手套
10939	Dragonskin Gloves of Casting	巨龙革咏咒手套
10940	Serpentskin Dress Gloves of Casting	安菲瑟龙革咏咒礼服手套
10941	Serpentskin Gloves of Casting	安菲瑟龙革咏咒手套
10942	Astral Silk Dress Gloves of Casting	星绢布咏咒礼服手套
10950	Rainbow Slops of Casting	虹布咏咒长裤
10951	Holy Rainbow Sarouel of Casting	圣虹咏咒垮裤
10952	Ramie Tonban of Casting	青麻咏咒灯笼裤
10953	Hallowed Ramie Gaskins of Casting	祝圣青麻咏咒束膝裤
10954	Chimerical Felt Breeches of Casting	奇美纤维咏咒马裤
10955	Serpentskin Tights of Casting	安菲瑟龙革咏咒紧身裤
10956	Astral Silk Bottoms of Casting	星绢布咏咒打底裤
10957	Archaeoskin Shoes of Casting	古鸟革咏咒尖头靴
10958	Wyvernskin Boots of Casting	飞龙革咏咒长靴
10959	Dhalmelskin Crakows of Casting	长颈驼革咏咒法靴
10960	Dragonskin Boots of Casting	巨龙革咏咒长靴
10961	Serpentskin Thighboots of Casting	安菲瑟龙革咏咒高筒靴
10962	Serpentskin Bootlets of Casting	安菲瑟龙革咏咒高跟鞋
10963	Griffin Leather Boots of Casting	狮鹫革咏咒长靴
10964	Rainbow Ribbon of Fending	御敌虹布缎带
10965	Mythrite Necklace of Fending	灵银御敌项链
10966	Ramie Ribbon of Fending	御敌青麻缎带
10967	Opal Choker of Fending	蛋白石御敌项环
10968	Aurum Regis Necklace of Fending	皇金御敌项链
10969	Citrine Choker of Fending	黄水晶御敌项环
10970	Mythrite Bangle of Fending	灵银御敌手镯
10971	Mythrite Bracelet of Fending	灵银御敌手环
10972	Hardsilver Bangle of Fending	硬银御敌手镯
10973	Opal Bracelet of Fending	蛋白石御敌手镯
10974	Aurum Regis Bracelet of Fending	皇金御敌手镯
10975	Chrysolite Bracelet of Fending	贵橄榄石御敌手镯
10976	Mythrite Earrings of Fending	灵银御敌耳坠
10977	Mythrite Earblades of Fending	灵银御敌耳环
10978	Hardsilver Earrings of Fending	硬银御敌耳坠
10979	Opal Earrings of Fending	蛋白石御敌耳坠
10980	Aurum Regis Earrings of Fending	皇金御敌耳坠
10981	Chrysolite Earrings of Fending	贵橄榄石御敌耳坠
10982	Agate Ring of Fending	玛瑙御敌戒指
10983	Yeti Fang Ring of Fending	雪人利齿御敌戒指
10984	Mormorion Ring of Fending	烟晶御敌戒指
10985	Opal Ring of Fending	蛋白石御敌戒指
10986	Griffin Talon Ring of Fending	狮鹫利爪御敌戒指
10987	Chrysolite Ring of Fending	贵橄榄石御敌戒指
10988	Rainbow Ribbon of Slaying	强攻虹布缎带
10989	Mythrite Necklace of Slaying	灵银强攻项链
10990	Ramie Ribbon of Slaying	强攻青麻缎带
10991	Opal Choker of Slaying	蛋白石强攻项环
10992	Aurum Regis Necklace of Slaying	皇金强攻项链
10993	Citrine Choker of Slaying	黄水晶强攻项环
10994	Mythrite Bangle of Slaying	灵银强攻手镯
10995	Mythrite Bracelet of Slaying	灵银强攻手环
10996	Hardsilver Bangle of Slaying	硬银强攻手镯
10997	Opal Bracelet of Slaying	蛋白石强攻手镯
10998	Aurum Regis Bracelet of Slaying	皇金强攻手镯
10999	Chrysolite Bracelet of Slaying	贵橄榄石强攻手镯
11000	Mythrite Earrings of Slaying	灵银强攻耳坠
11001	Mythrite Earblades of Slaying	灵银强攻耳环
11002	Hardsilver Earrings of Slaying	硬银强攻耳坠
11003	Opal Earrings of Slaying	蛋白石强攻耳坠
11004	Aurum Regis Earrings of Slaying	皇金强攻耳坠
11005	Chrysolite Earrings of Slaying	贵橄榄石强攻耳坠
11006	Agate Ring of Slaying	玛瑙强攻戒指
11007	Yeti Fang Ring of Slaying	雪人利齿强攻戒指
11008	Mormorion Ring of Slaying	烟晶强攻戒指
11009	Opal Ring of Slaying	蛋白石强攻戒指
11010	Griffin Talon Ring of Slaying	狮鹫利爪强攻戒指
11011	Chrysolite Ring of Slaying	贵橄榄石强攻戒指
11012	Rainbow Ribbon of Aiming	精准虹布缎带
11013	Mythrite Necklace of Aiming	灵银精准项链
11014	Ramie Ribbon of Aiming	精准青麻缎带
11015	Opal Choker of Aiming	蛋白石精准项环
11016	Aurum Regis Necklace of Aiming	皇金精准项链
11017	Citrine Choker of Aiming	黄水晶精准项环
11018	Mythrite Bangle of Aiming	灵银精准手镯
11019	Mythrite Bracelet of Aiming	灵银精准手环
11020	Hardsilver Bangle of Aiming	硬银精准手镯
11021	Opal Bracelet of Aiming	蛋白石精准手镯
11022	Aurum Regis Bracelet of Aiming	皇金精准手镯
11023	Chrysolite Bracelet of Aiming	贵橄榄石精准手镯
11024	Mythrite Earrings of Aiming	灵银精准耳坠
11025	Mythrite Earblades of Aiming	灵银精准耳环
11026	Hardsilver Earrings of Aiming	硬银精准耳坠
11027	Opal Earrings of Aiming	蛋白石精准耳坠
11028	Aurum Regis Earrings of Aiming	皇金精准耳坠
11029	Chrysolite Earrings of Aiming	贵橄榄石精准耳坠
11030	Agate Ring of Aiming	玛瑙精准戒指
11031	Yeti Fang Ring of Aiming	雪人利齿精准戒指
11032	Mormorion Ring of Aiming	烟晶精准戒指
11033	Opal Ring of Aiming	蛋白石精准戒指
11034	Griffin Talon Ring of Aiming	狮鹫利爪精准戒指
11035	Chrysolite Ring of Aiming	贵橄榄石精准戒指
11036	Rainbow Ribbon of Healing	治愈虹布缎带
11037	Mythrite Necklace of Healing	灵银治愈项链
11038	Ramie Ribbon of Healing	治愈青麻缎带
11039	Opal Choker of Healing	蛋白石治愈项环
11040	Aurum Regis Necklace of Healing	皇金治愈项链
11041	Citrine Choker of Healing	黄水晶治愈项环
11042	Mythrite Bangle of Healing	灵银治愈手镯
11043	Mythrite Bracelet of Healing	灵银治愈手环
11044	Hardsilver Bangle of Healing	硬银治愈手镯
11045	Opal Bracelet of Healing	蛋白石治愈手镯
11046	Aurum Regis Bracelet of Healing	皇金治愈手镯
11047	Chrysolite Bracelet of Healing	贵橄榄石治愈手镯
11048	Mythrite Earrings of Healing	灵银治愈耳坠
11049	Mythrite Earblades of Healing	灵银治愈耳环
11050	Hardsilver Earrings of Healing	硬银治愈耳坠
11051	Opal Earrings of Healing	蛋白石治愈耳坠
11052	Aurum Regis Earrings of Healing	皇金治愈耳坠
11053	Chrysolite Earrings of Healing	贵橄榄石治愈耳坠
11054	Agate Ring of Healing	玛瑙治愈戒指
11055	Yeti Fang Ring of Healing	雪人利齿治愈戒指
11056	Mormorion Ring of Healing	烟晶治愈戒指
11057	Opal Ring of Healing	蛋白石治愈戒指
11058	Griffin Talon Ring of Healing	狮鹫利爪治愈戒指
11059	Chrysolite Ring of Healing	贵橄榄石治愈戒指
11060	Rainbow Ribbon of Casting	咏咒虹布缎带
11061	Mythrite Necklace of Casting	灵银咏咒项链
11062	Ramie Ribbon of Casting	咏咒青麻缎带
11063	Opal Choker of Casting	蛋白石咏咒项环
11064	Aurum Regis Necklace of Casting	皇金咏咒项链
11065	Citrine Choker of Casting	黄水晶咏咒项环
11066	Mythrite Bangle of Casting	灵银咏咒手镯
11067	Mythrite Bracelet of Casting	灵银咏咒手环
11068	Hardsilver Bangle of Casting	硬银咏咒手镯
11069	Opal Bracelet of Casting	蛋白石咏咒手镯
11070	Aurum Regis Bracelet of Casting	皇金咏咒手镯
11071	Chrysolite Bracelet of Casting	贵橄榄石咏咒手镯
11072	Mythrite Earrings of Casting	灵银咏咒耳坠
11073	Mythrite Earblades of Casting	灵银咏咒耳环
11074	Hardsilver Earrings of Casting	硬银咏咒耳坠
11075	Opal Earrings of Casting	蛋白石咏咒耳坠
11076	Aurum Regis Earrings of Casting	皇金咏咒耳坠
11077	Chrysolite Earrings of Casting	贵橄榄石咏咒耳坠
11078	Agate Ring of Casting	玛瑙咏咒戒指
11079	Yeti Fang Ring of Casting	雪人利齿咏咒戒指
11080	Mormorion Ring of Casting	烟晶咏咒戒指
11081	Opal Ring of Casting	蛋白石咏咒戒指
11082	Griffin Talon Ring of Casting	狮鹫利爪咏咒戒指
11083	Chrysolite Ring of Casting	贵橄榄石咏咒戒指
11871	Mythrite Halfheart Saw	灵银圆手锯
11872	Hardsilver Saw	硬银手锯
11873	Titanium Halfheart Saw	白钛圆手锯
11874	Adamantite Saw	精金手锯
11875	Mythrite Lump Hammer	灵银锻铁锤
11876	Titanium Cross-pein Hammer	白钛横头锤
11877	Titanium Lump Hammer	白钛锻铁锤
11878	Adamantite Cross-pein Hammer	精金横头锤
11879	Mythrite Raising Hammer	灵银圆头锤
11880	Titanium Ball-pein Hammer	白钛球顶锤
11881	Titanium Raising Hammer	白钛圆头锤
11882	Adamantite Ball-pein Hammer	精金球顶锤
11883	Mythrite Lapidary Hammer	灵银工艺锤
11884	Hardsilver Texture Hammer	硬银雕金锤
11885	Hardsilver Lapidary Hammer	硬银工艺锤
11886	Aurum Regis Texture Hammer	皇金雕金锤
11887	Mythrite Round Knife	灵银圆革刀
11888	Titanium Creasing Knife	白钛制革刀
11889	Hardsilver Round Knife	硬银圆革刀
11890	Aurum Regis Creasing Knife	皇金制革刀
11891	Mythrite Needle	灵银缝针
11892	Hardsilver Needle	硬银缝针
11893	Dragon Fang Needle	龙牙缝针
11894	Griffin Talon Needle	狮鹫缝针
11895	Mythrite Alembic	灵银蒸馏器
11896	Hardsilver Alembic	硬银蒸馏器
11897	Titanium Alembic	白钛蒸馏器
11898	Adamantite Alembic	精金蒸馏器
11899	Frypan Caliente	仙人刺煎锅
11900	Titanium Frypan	白钛煎锅
11901	Mandragoras Frypan	蔓德拉战队煎锅
11902	Adamantite Frypan	精金煎锅
11903	Mythrite Pickaxe	灵银鹤嘴锄
11904	Hardsilver Dolabra	硬银鹤嘴镐
11905	Titanium Pickaxe	白钛鹤嘴锄
11906	Adamantite Dolabra	精金鹤嘴镐
11907	Mythrite Hatchet	灵银手斧
11908	Titanium Hatchet	白钛手斧
11909	Hardsilver Hatchet	硬银手斧
11910	Adamantite Hatchet	精金手斧
11911	Cedar Fishing Rod	雪松钓竿
11912	Dark Chestnut Fishing Rod	暗栗木钓竿
11913	Hallowed Chestnut Fishing Rod	祝圣栗木钓竿
11914	Birch Fishing Rod	桦木钓竿
11915	Mythrite Claw Hammer	灵银羊角锤
11916	Titanium Claw Hammer	白钛羊角锤
11917	Adamantite Claw Hammer	精金羊角锤
11918	Fortified Claw Hammer	精金加固羊角锤
11919	Mythrite File	灵银锉刀
11920	Titanium File	白钛锉刀
11921	Adamantite File	精金锉刀
11922	Polished Adamantite File	精金加固锉刀
11923	Mythrite Pliers	灵银手钳
11924	Titanium Pliers	白钛手钳
11925	Adamantite Pliers	精金手钳
11926	Double-jointed Adamantite Pliers	精金加固手钳
11927	Astral Grinding Wheel	星极砂轮机
11928	Cloud Mica Grinding Wheel	白云母砂轮机
11929	Dragonscale Grinding Wheel	龙鳞砂轮机
11930	Sun Mica Grinding Wheel	金云母砂轮机
11931	Mythrite Awl	灵银平斩
11932	Titanium Awl	白钛平斩
11933	Adamantite Awl	精金平斩
11934	Sharpened Adamantite Awl	精金加固平斩
11935	Holy Cedar Spinning Wheel	圣雪松纺车
11936	Dark Chestnut Spinning Wheel	暗栗木纺车
11937	Birch Spinning Wheel	桦木纺车
11938	Astral Birch Spinning Wheel	星桦木纺车
11939	Mythrite Mortar	灵银研钵
11940	Titanium Mortar	白钛研钵
11941	Adamantite Mortar	精金研钵
11942	Heavy Adamantite Mortar	精金加固研钵
11943	Mythrite Culinary Knife	灵银厨刀
11944	Titanium Culinary Knife	白钛厨刀
11945	Adamantite Culinary Knife	精金厨刀
11946	Wrapped Adamantite Culinary Knife	精金加固厨刀
11947	Mythrite Sledgehammer	灵银碎石锤
11948	Titanium Sledgehammer	白钛碎石锤
11949	Adamantite Sledgehammer	精金碎石锤
11950	Weighted Adamantite Sledgehammer	精金加固碎石锤
11951	Mythrite Scythe	灵银镰刀
11952	Titanium Scythe	白钛镰刀
11953	Adamantite Scythe	精金镰刀
11954	Balanced Adamantite Scythe	精金加固镰刀
11955	Mythrite Goggles of Crafting	灵银巧匠护目镜
11956	Holy Rainbow Wedge Cap	圣虹布无檐帽
11957	Ramie Turban of Crafting	青麻巧匠包头巾
11959	Chimerical Felt Turban of Crafting	奇美纤维巧匠包头巾
11960	Archaeoskin Jackcoat of Crafting	古鸟革巧匠外套
11961	Holy Rainbow Coatee	圣虹布短上衣
11962	Ramie Doublet of Crafting	青麻巧匠工作坎肩
11964	Chimerical Felt Doublet of Crafting	奇美纤维巧匠工作坎肩
11965	Archaeoskin Gloves of Crafting	古鸟革巧匠手套
11966	Holy Rainbow Gloves	圣虹布礼服手套
11967	Dhalmelskin Halfgloves of Crafting	长颈驼革半指手套
11969	Serpentskin Halfgloves of Crafting	安菲瑟龙革半指手套
11973	Archaeoskin Breeches of Crafting	古鸟革巧匠马裤
11974	Holy Rainbow Bottoms	圣虹布打底裤
11975	Ramie Skirt	青麻短裙
11977	Chimerical Felt Skirt	奇美纤维短裙
11978	Archaeoskin Jackboots of Crafting	古鸟革巧匠长筒靴
11979	Holy Rainbow Shoes	圣虹布礼鞋
11980	Dhalmelskin Shoes	长颈驼革皮靴
11982	Serpentskin Shoes	安菲瑟龙革皮靴
11983	Mythrite Goggles of Gathering	灵银大地护目镜
11984	Holy Rainbow Hat	圣虹布草帽
11985	Dhalmelskin Bush Hat	长颈驼革翻边帽
11987	Serpentskin Bush Hat	安菲瑟龙革翻边帽
11988	Archaeoskin Jackcoat of Gathering	古鸟革大地外套
11989	Wyvernskin Jerkin	飞龙革皮衣
11990	Dhalmelskin Vest	长颈驼革坎肩
11992	Serpentskin Vest	安菲瑟龙革坎肩
11993	Archaeoskin Gloves of Gathering	古鸟革大地手套
11994	Holy Rainbow Work Gloves	圣虹布工作手套
11995	Dhalmelskin Gloves	长颈驼革手套
11997	Serpentskin Gloves	安菲瑟龙革手套
12001	Archaeoskin Breeches of Gathering	古鸟革大地马裤
12002	Wyvernskin Culottes	飞龙革及膝裤
12003	Ramie Trousers of Gathering	青麻大地软甲裤
12005	Chimerical Felt Trousers	奇美纤维软甲裤
12006	Archaeoskin Jackboots of Gathering	古鸟革大地长筒靴
12007	Wyvernskin Workboots	飞龙革工作靴
12008	Dhalmelskin Fringe Boots	长颈驼革流苏靴
12010	Serpentskin Fringe Boots	安菲瑟龙革流苏靴
12011	Holy Cedar Necklace	圣雪松项链
12012	Hallowed Chestnut Necklace	祝圣栗木项链
12013	Astral Birch Necklace	星桦木项链
12014	Holy Cedar Armillae	圣雪松腕环
12015	Hallowed Chestnut Armillae	祝圣栗木腕环
12016	Astral Birch Armillae	星桦木腕环
12017	Yeti Fang Earrings	雪人利齿耳坠
12018	Dragon Fang Earrings	龙牙耳坠
12019	Aurum Regis Earrings of Crafting	皇金巧匠耳环
12020	Holy Cedar Ring	圣雪松指环
12021	Hallowed Chestnut Ring	祝圣栗木指环
12022	Astral Birch Ring	星桦木指环
12023	Wyvernskin Choker	飞龙革项环
12024	Dragonskin Choker	巨龙革项环
12025	Griffin Leather Choker	狮鹫革项环
12026	Wyvernskin Wristbands	飞龙革手环
12027	Dragonskin Wristbands	巨龙革手环
12028	Griffin Leather Wristbands	狮鹫革手环
12029	Mythrite Earrings of Gathering	灵银大地耳环
12030	Hardsilver Earrings of Gathering	硬银大地耳环
12031	Aurum Regis Earrings of Gathering	皇金大地耳环
12032	Wyvernskin Ring	飞龙革指环
12033	Dragonskin Ring	巨龙革指环
12034	Griffin Leather Ring	狮鹫革指环
12051	Atrophied Atomos	小小阿托莫斯
12055	Clockwork Barrow	发条推车
12058	Iron Dwarf	铁小人
12062	Steam-powered Gobwalker G-VII	7号蒸汽小战车
12081	Highland Barding	高地装甲
12082	Expanse Barding	俾斯麦装甲
12083	Hive Barding	罗波那装甲
12084	Alpine Chair	山岳座椅
12085	Alpine Round Table	山岳圆桌
12086	Alpine Tea Set	山岳午茶组合
12087	Stuffed Carbuncle	招财宝
12088	Oriental Breakfast	东方早餐组合
12089	Nameday Cake	命名日蛋糕
12090	Cake Tray	蛋糕托盘
12091	Oriental Supper	东方晚餐组合
12092	Riviera Lunch	海滨午餐组合
12094	Toy Box	玩具箱
12095	Glade Half Partition	林间隔离矮墙
12096	Oasis Half Partition	绿洲隔离矮墙
12097	Cask Rack	酒桶架
12098	Display Stand	展示台
12100	Royal Plotting Table	王家会议桌
12101	Round Banquet Table	宴会圆桌
12103	Bearskin Rug	熊皮地毯
12104	Gordian Bureau	戈耳狄写字台
12105	Savage Gordian Bureau	戈耳狄零式写字台
12106	Gordian Chair	戈耳狄座椅
12107	Savage Gordian Chair	戈耳狄零式座椅
12108	Star Sapphire Music Box	星蓝石八音盒
12109	Star Ruby Music Box	星红石八音盒
12111	Expanse Fountain	俾斯麦灵泉
12112	Boundless Expanse Fountain	云神灵泉
12113	Topiary Moogle	莫古力绿雕
12114	Standing Signboard	看板
12115	Laundry Pole	晒衣杆
12214	Grade 1 Wheel of Recreation	1级游戏以太转轮
12231	Farreach Canvas	致远帆布
12232	Cassia Lumber	铁刀木木材
12233	High Allagan Chimera Leather	亚拉戈高位合成兽革
12234	Lupin Plot	鲁冰花丛
12235	Explorer's Campfire	探险家篝火
12518	Mythrite Nugget	灵银块
12519	Mythrite Ingot	灵银锭
12520	Hardsilver Nugget	硬银块
12521	Hardsilver Ingot	硬银锭
12522	Aurum Regis Nugget	皇金块
12523	Aurum Regis Ingot	皇金锭
12524	Titanium Nugget	白钛块
12525	Titanium Ingot	白钛锭
12526	Adamantite Nugget	精金块
12527	Adamantite Ingot	精金锭
12528	Mythrite Rivets	灵银铆钉
12529	Titanium Rivets	白钛铆钉
12530	Adamantite Rivets	精金铆钉
12541	Larimar	水淙石
12542	Tiger's Eye	虎眼石
12543	Agate	玛瑙
12544	Star Ruby	星红石
12545	Star Sapphire	星蓝石
12546	Opal	蛋白石
12547	Citrine	黄水晶
12548	Chrysolite	贵橄榄石
12549	Mormorion	烟晶
12550	Carnelian	红玉髓
12561	Cloud Mica Whetstone	白云母磨刀石
12562	Archaeornis Leather	古鸟革
12563	Wyvern Leather	飞龙革
12564	Dhalmel Leather	长颈驼革
12565	Dragon Leather	巨龙革
12566	Amphiptere Leather	安菲瑟龙革
12567	Griffin Leather	狮鹫革
12580	Holy Cedar Lumber	圣雪松材
12581	Dark Chestnut Lumber	暗栗木木材
12582	Hallowed Chestnut Lumber	祝圣栗木木材
12583	Birch Lumber	桦木木材
12584	Astral Birch Lumber	星桦木木材
12588	Rainbow Cloth	虹布
12589	Holy Rainbow Cloth	圣虹布
12590	Ramie Cloth	青麻布
12591	Hallowed Ramie Cloth	圣青麻布
12592	Chimerical Felt	奇美纤维
12593	Astral Silk	星绢布
12594	Rainbow Thread	虹线
12595	Ramie Thread	青麻线
12596	Crawler Silk	毛虫丝
12601	Enchanted Mythrite Ink	灵银附魔墨水
12602	Enchanted Hardsilver Ink	硬银附魔墨水
12603	Enchanted Aurum Regis Ink	皇金附魔墨水
12604	Holy Water	圣水
12605	Hallowed Water	祝圣水
12606	Astral Oil	星极油
12607	Growth Formula Epsilon	植物成长剂5型
12608	Growth Formula Zeta	植物成长剂6型
12610	Crystal Glass	水晶板
12611	Black Firesand	黑火药
12612	Grade 1 Strength Dissolvent	1级刚力炼金溶剂
12613	Grade 1 Dexterity Dissolvent	1级巧力炼金溶剂
12614	Grade 1 Vitality Dissolvent	1级耐力炼金溶剂
12615	Grade 1 Intelligence Dissolvent	1级智力炼金溶剂
12616	Grade 1 Mind Dissolvent	1级意力炼金溶剂
12617	Grade 2 Strength Dissolvent	2级刚力炼金溶剂
12618	Grade 2 Dexterity Dissolvent	2级巧力炼金溶剂
12619	Grade 2 Vitality Dissolvent	2级耐力炼金溶剂
12620	Grade 2 Intelligence Dissolvent	2级智力炼金溶剂
12621	Grade 2 Mind Dissolvent	2级意力炼金溶剂
12622	Draconian Potion of Strength	刚力之龙药
12623	Draconian Potion of Dexterity	巧力之龙药
12624	Draconian Potion of Vitality	耐力之龙药
12625	Draconian Potion of Intelligence	智力之龙药
12626	Draconian Potion of Mind	意力之龙药
12644	Aurum Regis Cylinder	皇金圆筒
12706	Goblin Jig	哥布林钓钩
12707	Bladed Steel Jig	叶片钓钩
12842	Ishgardian Tea	伊修加德奶茶
12843	Frozen Spirits	冻雾鸡尾酒
12844	Hot Chocolate	热巧克力
12845	Fig Bavarois	无花果奶冻
12846	Sohm Al Tart	索姆阿尔栗子蛋糕
12847	Marron Glace	栗子冰糕
12848	Creme Brulee	焦糖牛奶沙司
12849	Kaiser Roll	凯撒面包
12850	Ishgardian Muffin	伊修加德松饼
12851	Liver-cheese Sandwich	伊修加德三明治
12852	Almond Cream Croissant	扁桃仁牛角面包
12853	Sauteed Porcini	煎牛肝菌
12854	Morel Salad	蘑菇沙拉
12855	Grilled Sweetfish	盐烤香鱼
12856	Baked Pipira Pira	菌蒸皮皮拉鱼
12857	Urchin Loaf	香烤湖胆
12858	Cockatrice Meatballs	魔蛇鸟肉丸
12859	Royal Eggs	皇家蒸蛋
12860	Deep-fried Okeanis	俄刻阿尼斯炸肉排
12861	Baked Onion Soup	芝士焗洋葱汤
12862	Beet Soup	洛夫坦山羊汤
12863	Emerald Soup	绿宝石汤
12864	Clam Chowder	鲜贝羹
12865	Seafood Stew	炖番茄
12866	Stuffed Cabbage Rolls	菜包肉
12867	Dhalmel Gratin	千层长颈驼焗野菜
12868	Stuffed Chysahl	包心卡贝基
12869	Dhalmel Fricassee	千层长颈驼炖野菜
12870	Snurbleberry Tart	鲜红罗兰莓派
12881	Highland Flour	高地小麦粉
12890	Hollandaise Sauce	蛋黄酱
12892	Birch Syrup	桦木糖浆
12894	Sour Cream	牦牛奶油
12895	Fermented Butter	发酵黄油
12908	Vermicelli	高地干面
12912	Celestine	苍天石
12913	Garlond Steel	加隆德钢
12914	Deep-red Enchanted Ink	深红附魔墨水
12915	Superior Deep-red Enchanted Ink	深红高位附魔墨水
12916	Deep-green Enchanted Ink	翠绿附魔墨水
12917	Superior Deep-green Enchanted Ink	翠绿高位附魔墨水
12918	Deep-blue Enchanted Ink	碧蓝附魔墨水
12919	Superior Deep-blue Enchanted Ink	碧蓝高位附魔墨水
12991	Orthodox Barding	正教装甲
12996	Chivalric Coat of Fending	骑士御敌外套
12997	Chivalric Coat of Maiming	骑士制敌外套
12998	Chivalric Coat of Striking	骑士强袭外套
12999	Chivalric Longcoat of Aiming	骑士精准作战服
13000	Chivalric Coat of Scouting	骑士游击外套
13001	Chivalric Doublet of Healing	骑士治愈工作服
13002	Chivalric Doublet of Casting	骑士咏咒工作服
13005	Millmaster's Saw	珍木大师手锯
13006	Forgemaster's Hammer	镔铁大师鸟嘴锤
13007	Hammermaster's Beetle	戎甲大师圆头锤
13008	Gemmaster's Mallet	镂金大师工艺锤
13009	Hidemaster's Knife	精革大师裁皮刀
13010	Boltmaster's Needle	锦衣大师缝针
13011	Cauldronmaster's Alembic	炼真大师蒸馏器
13012	Galleymaster's Frypan	烹饪大师厨锅
13013	Millmaster's Cap	珍木大师皮帽
13014	Millmaster's Apron	珍木大师围裙
13015	Millmaster's Gloves	珍木大师手套
13016	Millmaster's Slops	珍木大师工作裤
13017	Millmaster's Workboots	珍木大师工作靴
13018	Forgemaster's Goggles	镔铁大师护目镜
13019	Forgemaster's Redingote	镔铁大师围裙
13020	Forgemaster's Gloves	镔铁大师手套
13021	Forgemaster's Slops	镔铁大师工作裤
13022	Forgemaster's Sandals	镔铁大师凉鞋
13023	Hammermaster's Visor	戎甲大师面罩
13024	Hammermaster's Waist Apron	戎甲大师围裙
13025	Hammermaster's Work Gloves	戎甲大师工作手套
13026	Hammermaster's Slops	戎甲大师工作裤
13027	Hammermaster's Workboots	戎甲大师工作靴
13028	Gemmaster's Coronal	镂金大师头冠
13029	Gemmaster's Gown	镂金大师外衣
13030	Gemmaster's Chaplets	镂金大师手甲
13031	Gemmaster's Trousers	镂金大师软甲裤
13032	Gemmaster's Sandals	镂金大师凉鞋
13033	Hidemaster's Cap	精革大师花帽
13034	Hidemaster's Apron	精革大师围裙
13035	Hidemaster's Gloves	精革大师手套
13036	Hidemaster's Trousers	精革大师软甲裤
13037	Hidemaster's Workboots	精革大师工作靴
13038	Boltmaster's Gibus	锦衣大师礼帽
13039	Boltmaster's Dreadnought	锦衣大师外套
13040	Boltmaster's Gloves	锦衣大师手套
13041	Boltmaster's Slacks	锦衣大师长裤
13042	Boltmaster's Top Boots	锦衣大师矮靴
13043	Cauldronmaster's Spectacles	炼真大师眼镜
13044	Cauldronmaster's Overcoat	炼真大师长袍
13045	Cauldronmaster's Gloves	炼真大师手套
13046	Cauldronmaster's Longkilt	炼真大师长裙
13047	Cauldronmaster's Jackboots	炼真大师长筒靴
13048	Galleymaster's Toque	烹饪大师厨帽
13049	Galleymaster's Whites	烹饪大师围裙
13050	Galleymaster's Gloves	烹饪大师手套
13051	Galleymaster's Trousers	烹饪大师软甲裤
13052	Galleymaster's Top Boots	烹饪大师矮靴
13061	Crystal Bell	美容师传唤铃
13069	The Unending Journey	旅行笔录
13070	Oriental Tea Set	东方午茶组合
13071	Manor Oven	庄园炉
13072	Manor Counter	庄园案板
13075	Oriental Round Table	东方圆桌
13076	Mhachi Coffin	玛哈之棺
13077	Funguar Chair	魔菇座椅
13078	Mahogany Partition Door	红木隔板门
13084	Topiary Chocobo	陆行鸟绿雕
13088	Sephirot Root	萨菲洛特之根
13089	Sephirot Tree	魔神之树
13090	Oriental Grass Plot	多玛芒草
13091	Dravanian Down Tree	龙堡绒树
13095	Cob Inner Wall	绿砂内墙
13096	Manor Flooring	庄园地板
13097	Faerie Chandelier	小仙女吊灯
13256	Flat Cap	平顶帽
13257	Red Beret	红色贝雷帽
13258	Green Beret	绿色贝雷帽
13259	White Beret	白色贝雷帽
13262	Elegant Rimless Glasses	典雅无框眼镜
13263	Reading Glasses	阅读眼镜
13266	High House Justaucorps	高贵紧身上衣
13267	High House Breeches	高贵马裤
13268	High House Boots	高贵筒靴
13269	High House Cloche	高贵钟形帽
13270	High House Bustle	高贵裙撑礼服
13271	High House Halfboots	高贵皮靴
13272	Falconer's Shirt	鹰猎人衬衫
13273	Punching Gloves	击拳手套
13276	Wind-up Illuminatus	青蓝小手
13284	Wind-up Ifrit	伊弗利特之形
13301	Camphorwood Necklace of Fending	樟木御敌项链
13302	Eikon Iron Earring of Fending	荒神钢御敌耳坠
13303	Camphorwood Armillae of Fending	樟木御敌腕环
13304	Eikon Iron Ring of Fending	荒神钢御敌指环
13305	Camphorwood Necklace of Slaying	樟木强攻项链
13306	Eikon Iron Earring of Slaying	荒神钢强攻耳坠
13307	Camphorwood Armillae of Slaying	樟木强攻腕环
13308	Eikon Iron Ring of Slaying	荒神钢强攻指环
13309	Camphorwood Necklace of Aiming	樟木精准项链
13310	Eikon Iron Earring of Aiming	荒神钢精准耳坠
13311	Camphorwood Armillae of Aiming	樟木精准腕环
13312	Eikon Iron Ring of Aiming	荒神钢精准指环
13313	Camphorwood Necklace of Healing	樟木治愈项链
13314	Eikon Iron Earring of Healing	荒神钢治愈耳坠
13315	Camphorwood Armillae of Healing	樟木治愈腕环
13316	Eikon Iron Ring of Healing	荒神钢治愈指环
13317	Camphorwood Necklace of Casting	樟木咏咒项链
13318	Eikon Iron Earring of Casting	荒神钢咏咒耳坠
13319	Camphorwood Armillae of Casting	樟木咏咒腕环
13320	Eikon Iron Ring of Casting	荒神钢咏咒指环
13589	Adamantite Francesca	精金投斧
13590	Pterodactyl Strap	翼手龙革细绳
13591	Titanium Alloy Mirror	钛合金镜
13592	Titanium Alloy Square	钛合金方板
13593	Dispelling Arrow	破魔箭
13594	Blessed Fletchings	受祝箭羽
13595	Kingcake	国王饼
13596	Moogle Miniature	迷你莫古力
13637	Max-Potion	顶级恢复药
13638	Max-Ether	顶级以太药
13640	Sky Pirate's Helm of Fending	空贼御敌头盔
13641	Sky Pirate's Coat of Fending	空贼御敌外套
13642	Sky Pirate's Gauntlets of Fending	空贼御敌手铠
13643	Sky Pirate's Gaskins of Fending	空贼御敌斗裤
13644	Sky Pirate's Boots of Fending	空贼御敌长靴
13646	Sky Pirate's Helm of Maiming	空贼制敌头盔
13647	Sky Pirate's Coat of Maiming	空贼制敌外套
13648	Sky Pirate's Gauntlets of Maiming	空贼制敌手铠
13649	Sky Pirate's Gaskins of Maiming	空贼制敌斗裤
13650	Sky Pirate's Boots of Maiming	空贼制敌长靴
13652	Sky Pirate's Mask of Striking	空贼强袭面具
13653	Sky Pirate's Jacket of Striking	空贼强袭短衣
13654	Sky Pirate's Gloves of Striking	空贼强袭手套
13655	Sky Pirate's Trousers of Striking	空贼强袭软甲裤
13656	Sky Pirate's Boots of Striking	空贼强袭长靴
13658	Sky Pirate's Beret of Aiming	空贼精准贝雷帽
13659	Sky Pirate's Vest of Aiming	空贼精准坎肩
13660	Sky Pirate's Gloves of Aiming	空贼精准手套
13661	Sky Pirate's Halfslops of Aiming	空贼精准五分裤
13662	Sky Pirate's Boots of Aiming	空贼精准筒靴
13664	Sky Pirate's Mask of Scouting	空贼游击面具
13665	Sky Pirate's Jacket of Scouting	空贼游击短衣
13666	Sky Pirate's Gloves of Scouting	空贼游击手套
13667	Sky Pirate's Trousers of Scouting	空贼游击软甲裤
13668	Sky Pirate's Boots of Scouting	空贼游击长靴
13670	Sky Pirate's Cap of Healing	空贼治愈航空帽
13671	Sky Pirate's Coat of Healing	空贼治愈长衣
13672	Sky Pirate's Gloves of Healing	空贼治愈手套
13673	Sky Pirate's Bottoms of Healing	空贼治愈打底裤
13674	Sky Pirate's Shoes of Healing	空贼治愈长筒靴
13676	Sky Pirate's Cap of Casting	空贼咏咒航空帽
13677	Sky Pirate's Coat of Casting	空贼咏咒长衣
13678	Sky Pirate's Gloves of Casting	空贼咏咒手套
13679	Sky Pirate's Bottoms of Casting	空贼咏咒打底裤
13680	Sky Pirate's Shoes of Casting	空贼咏咒长筒靴
13682	Rainbow Justaucorps	虹布紧身上衣
13683	Rainbow Breeches	虹布马裤
13684	Archaeoskin Boots	古鸟革筒靴
13685	Archaeoskin Cloche	古鸟革钟形帽
13686	Rainbow Bustle	虹布裙撑礼服
13687	Archaeoskin Halfboots	古鸟革皮靴
13688	Ramie Shirt	青麻衬衫
13726	Iron Clapper	黑铁钟锤
13742	Steamed Staff	清蒸风神鱼
13743	Sesame Cookie	芝麻饼干
13747	Titanium Alloy Ingot	钛合金锭
13748	Cloud Cloth	云布
13749	Pterodactyl Leather	翼手龙革
13758	Cassia Block	铁刀木角材
13769	Falconer's Bottoms	鹰猎人打底裤
13770	Falconer's Boots	鹰猎人矮靴
13771	Dragonskin Bottoms	巨龙革打底裤
13772	Dragonskin Boots	巨龙革矮靴
13790	Replica Allagan Blade	亚拉戈剑（复制品）
13791	Replica Allagan Baghnakhs	亚拉戈虎爪（复制品）
13792	Replica Allagan Battleaxe	亚拉戈战斧（复制品）
13793	Replica Allagan Spear	亚拉戈长枪（复制品）
13794	Replica Allagan Composite Bow	亚拉戈复合弓（复制品）
13795	Replica Allagan Cane	亚拉戈牧杖（复制品）
13796	Replica Allagan Scepter	亚拉戈咒杖（复制品）
13797	Replica Allagan Grimoire of Casting	亚拉戈咏咒魔导书（复制品）
13798	Replica Allagan Grimoire of Healing	亚拉戈治愈魔导书（复制品）
13799	Replica Allagan Daggers	亚拉戈小刀（复制品）
13800	Replica Allagan Guillotine	亚拉戈断头剑（复制品）
13801	Replica Allagan Pistol	亚拉戈手枪（复制品）
13802	Replica Allagan Star Globe	亚拉戈天球仪（复制品）
13803	Replica Allagan Round Shield	亚拉戈圆盾（复制品）
13804	Replica Allagan Helm	亚拉戈头盔（复制品）
13805	Replica Heavy Allagan Armor	亚拉戈重甲（复制品）
13806	Replica Heavy Allagan Gauntlets	亚拉戈重手铠（复制品）
13807	Replica Heavy Allagan Cuisses	亚拉戈重腿甲（复制品）
13808	Replica Heavy Allagan Sollerets	亚拉戈重锁甲靴（复制品）
13809	Replica Allagan Visor of Maiming	亚拉戈制敌面罩（复制品）
13810	Replica Allagan Cuirass of Maiming	亚拉戈制敌胸甲（复制品）
13811	Replica Allagan Gauntlets of Maiming	亚拉戈制敌手铠（复制品）
13812	Replica Allagan Trousers of Maiming	亚拉戈制敌软甲裤（复制品）
13813	Replica Allagan Sollerets of Maiming	亚拉戈制敌锁甲靴（复制品）
13814	Replica Allagan Visor of Striking	亚拉戈强袭面罩（复制品）
13815	Replica Allagan Cuirass of Striking	亚拉戈强袭胸甲（复制品）
13816	Replica Allagan Gauntlets of Striking	亚拉戈强袭手铠（复制品）
13817	Replica Allagan Trousers of Striking	亚拉戈强袭软甲裤（复制品）
13818	Replica Allagan Sollerets of Striking	亚拉戈强袭锁甲靴（复制品）
13819	Replica Allagan Visor of Aiming	亚拉戈精准面罩（复制品）
13820	Replica Allagan Cuirass of Aiming	亚拉戈精准胸甲（复制品）
13821	Replica Allagan Gauntlets of Aiming	亚拉戈精准手铠（复制品）
13822	Replica Allagan Trousers of Aiming	亚拉戈精准软甲裤（复制品）
13823	Replica Allagan Sollerets of Aiming	亚拉戈精准锁甲靴（复制品）
13824	Replica Allagan Circlet of Healing	亚拉戈治愈头冠（复制品）
13825	Replica Allagan Tunic of Healing	亚拉戈治愈束腰衣（复制品）
13826	Replica Allagan Gloves of Healing	亚拉戈治愈手套（复制品）
13827	Replica Allagan Breeches of Healing	亚拉戈治愈软甲裤（复制品）
13828	Replica Allagan Boots of Healing	亚拉戈治愈法靴（复制品）
13829	Replica Allagan Circlet of Casting	亚拉戈咏咒头冠（复制品）
13830	Replica Allagan Tunic of Casting	亚拉戈咏咒束腰衣（复制品）
13831	Replica Allagan Gloves of Casting	亚拉戈咏咒手套（复制品）
13832	Replica Allagan Breeches of Casting	亚拉戈咏咒软甲裤（复制品）
13833	Replica Allagan Boots of Casting	亚拉戈咏咒法靴（复制品）
13834	Replica High Allagan Kite Shield	亚拉戈高位鸢盾（复制品）
13835	Replica High Allagan Blade	亚拉戈高位长刀（复制品）
13836	Replica High Allagan Baghnakhs	亚拉戈高位虎爪（复制品）
13837	Replica High Allagan Battleaxe	亚拉戈高位战斧（复制品）
13838	Replica High Allagan Spear	亚拉戈高位长枪（复制品）
13839	Replica High Allagan Composite Bow	亚拉戈高位复合弓（复制品）
13840	Replica High Allagan Crook	亚拉戈高位手杖（复制品）
13841	Replica High Allagan Staff	亚拉戈高位长杖（复制品）
13842	Replica High Allagan Grimoire of Casting	亚拉戈高位咏咒魔导书（复制品）
13843	Replica High Allagan Grimoire of Healing	亚拉戈高位治愈魔导书（复制品）
13844	Replica High Allagan Cleavers	亚拉戈高位辉刀（复制品）
13845	Replica High Allagan Guillotine	亚拉戈高位断头剑（复制品）
13846	Replica High Allagan Pistol	亚拉戈高位手枪（复制品）
13847	Replica High Allagan Star Globe	亚拉戈高位天球仪（复制品）
13848	Replica High Allagan Circlet of Fending	亚拉戈高位御敌头冠（复制品）
13849	Replica Heavy High Allagan Coat	亚拉戈高位重长衣（复制品）
13850	Replica High Allagan Gauntlets of Fending	亚拉戈高位御敌手铠（复制品）
13851	Replica High Allagan Trousers of Fending	亚拉戈高位御敌软甲裤（复制品）
13852	Replica High Allagan Sabatons of Fending	亚拉戈高位御敌铠靴（复制品）
13853	Replica High Allagan Headgear of Maiming	亚拉戈高位制敌头甲（复制品）
13854	Replica High Allagan Cuirass of Maiming	亚拉戈高位制敌胸甲（复制品）
13855	Replica High Allagan Gauntlets of Maiming	亚拉戈高位制敌手铠（复制品）
13856	Replica High Allagan Trousers of Maiming	亚拉戈高位制敌软甲裤（复制品）
13857	Replica High Allagan Sabatons of Maiming	亚拉戈高位制敌铠靴（复制品）
13858	Replica High Allagan Headgear of Striking	亚拉戈高位强袭头甲（复制品）
13859	Replica High Allagan Cuirass of Striking	亚拉戈高位强袭胸甲（复制品）
13860	Replica High Allagan Gauntlets of Striking	亚拉戈高位强袭手铠（复制品）
13861	Replica High Allagan Trousers of Striking	亚拉戈高位强袭软甲裤（复制品）
13862	Replica High Allagan Sabatons of Striking	亚拉戈高位强袭铠靴（复制品）
13863	Replica High Allagan Mask of Aiming	亚拉戈高位精准口罩（复制品）
13864	Replica High Allagan Coat of Aiming	亚拉戈高位精准长衣（复制品）
13865	Replica High Allagan Gloves of Aiming	亚拉戈高位精准手套（复制品）
13866	Replica High Allagan Breeches of Aiming	亚拉戈高位精准马裤（复制品）
13867	Replica High Allagan Boots of Aiming	亚拉戈高位精准筒靴（复制品）
13868	Replica High Allagan Circlet of Healing	亚拉戈高位治愈头冠（复制品）
13869	Replica High Allagan Coat of Healing	亚拉戈高位治愈长衣（复制品）
13870	Replica High Allagan Gloves of Healing	亚拉戈高位治愈手套（复制品）
13871	Replica High Allagan Pantaloons of Healing	亚拉戈高位治愈喇叭裤（复制品）
13872	Replica High Allagan Thighboots of Healing	亚拉戈高位治愈长靴（复制品）
13873	Replica High Allagan Mask of Casting	亚拉戈高位咏咒口罩（复制品）
13874	Replica High Allagan Coat of Casting	亚拉戈高位咏咒长衣（复制品）
13875	Replica High Allagan Gloves of Casting	亚拉戈高位咏咒手套（复制品）
13876	Replica High Allagan Breeches of Casting	亚拉戈高位咏咒马裤（复制品）
13877	Replica High Allagan Boots of Casting	亚拉戈高位咏咒筒靴（复制品）
13892	Replica Dreadwyrm Coronet of Fending	龙神御敌战冠（复制品）
13893	Replica Dreadwyrm Armor of Fending	龙神御敌战甲（复制品）
13894	Replica Dreadwyrm Gauntlets of Fending	龙神御敌手铠（复制品）
13895	Replica Dreadwyrm Sarouel of Fending	龙神御敌垮裤（复制品）
13896	Replica Dreadwyrm Sabatons of Fending	龙神御敌铠靴（复制品）
13897	Replica Dreadwyrm Barbut of Maiming	龙神制敌开面盔（复制品）
13898	Replica Dreadwyrm Mail of Maiming	龙神制敌战铠（复制品）
13899	Replica Dreadwyrm Vambraces of Maiming	龙神制敌臂甲（复制品）
13900	Replica Dreadwyrm Breeches of Maiming	龙神制敌马裤（复制品）
13901	Replica Dreadwyrm Greaves of Maiming	龙神制敌胫甲（复制品）
13902	Replica Dreadwyrm Circlet of Striking	龙神强袭头冠（复制品）
13903	Replica Dreadwyrm Cyclas of Striking	龙神强袭斗服（复制品）
13904	Replica Dreadwyrm Bracers of Striking	龙神强袭手套（复制品）
13905	Replica Dreadwyrm Slops of Striking	龙神强袭长裤（复制品）
13906	Replica Dreadwyrm Boots of Striking	龙神强袭筒靴（复制品）
13907	Replica Dreadwyrm Chapeau of Aiming	龙神精准礼帽（复制品）
13908	Replica Dreadwyrm Tabard of Aiming	龙神精准罩衣（复制品）
13909	Replica Dreadwyrm Bracers of Aiming	龙神精准臂甲（复制品）
13910	Replica Dreadwyrm Breeches of Aiming	龙神精准马裤（复制品）
13911	Replica Dreadwyrm Greaves of Aiming	龙神精准胫甲（复制品）
13912	Replica Dreadwyrm Hood of Healing	龙神治愈兜帽（复制品）
13913	Replica Dreadwyrm Robe of Healing	龙神治愈长袍（复制品）
13914	Replica Dreadwyrm Gloves of Healing	龙神治愈手套（复制品）
13915	Replica Dreadwyrm Tonban of Healing	龙神治愈束脚裤（复制品）
13916	Replica Dreadwyrm Shoes of Healing	龙神治愈皮靴（复制品）
13917	Replica Dreadwyrm Petasos of Casting	龙神咏咒阔边帽（复制品）
13918	Replica Dreadwyrm Robe of Casting	龙神咏咒长袍（复制品）
13919	Replica Dreadwyrm Gloves of Casting	龙神咏咒手套（复制品）
13920	Replica Dreadwyrm Tonban of Casting	龙神咏咒灯笼裤（复制品）
13921	Replica Dreadwyrm Shoes of Casting	龙神咏咒法靴（复制品）
13922	Replica Dreadwyrm Circlet of Scouting	龙神游击头冠（复制品）
13923	Replica Dreadwyrm Cyclas of Scouting	龙神游击斗服（复制品）
13924	Replica Dreadwyrm Bracers of Scouting	龙神游击手套（复制品）
13925	Replica Dreadwyrm Slops of Scouting	龙神游击长裤（复制品）
13926	Replica Dreadwyrm Boots of Scouting	龙神游击筒靴（复制品）
14045	Orchestrion	管弦乐琴
14047	Stuffed Onion Prince	毛绒绒洋葱王子
14048	Pudding Floor Lamp	软糊怪落地灯
14049	Pudding Throw Rug	软糊怪地毯
14050	Pudding Settee	软糊怪沙发
14051	Pudding Desk	软糊怪圆桌
14052	Alpine Supper Set	伊修加德晚餐组合
14053	High House Supper Set	高贵晚餐组合
14058	Dinosaur Skull	古代野兽的头骨标本
14059	Dinosaur Skeleton	古代野兽的骨骼标本
14060	Dinosaur Tailbone	古代野兽的尾骨标本
14061	Topiary Sabotender	仙人刺绿雕
14064	Living Arch	绿荫拱桥
14065	Shishi-odoshi	添水
14066	Faust Striking Dummy	浮士德木人
14068	Alpine Chandelier	伊修加德枝形吊灯
14069	Alpine Flooring	伊修加德地板
14070	Alpine Inner Wall	伊修加德内墙
14080	Sephirotic Barding	萨菲洛特装甲
14093	Wind-up Garuda	迦楼罗之形
14094	Wind-up Titan	泰坦之形
14095	Wind-up Leviathan	利维亚桑之形
14134	Spiced Cider	果香特饮
14135	Apple Strudel	苹果卷
14136	Peperoncino	风味拌细面
14137	Boscaiola	山珍番茄面
14138	Loaghtan Steak	洛夫坦山羊排
14139	Oyster Confit	油封牡蛎
14140	Angler Stew	炖鮟鱇
14141	Sweet Gnomefish	糖沼鯥
14146	High Mythrite Ingot	光银锭
14149	Eikon Iron Ingot	荒神钢锭
14152	Eikon Cloth	荒神布
14155	Eikon Leather	荒神革
14157	Treated Camphorwood Lumber	硬化樟木木材
14158	Camphorwood Lumber	樟木木材
14161	Camphor	樟脑
14171	Grade 3 Strength Dissolvent	3级刚力炼金溶剂
14172	Grade 3 Dexterity Dissolvent	3级巧力炼金溶剂
14173	Grade 3 Vitality Dissolvent	3级耐力炼金溶剂
14174	Grade 3 Intelligence Dissolvent	3级智力炼金溶剂
14175	Grade 3 Mind Dissolvent	3级意力炼金溶剂
14176	Max-Potion of Strength	刚力之仙药
14177	Max-Potion of Dexterity	巧力之仙药
14178	Max-Potion of Vitality	耐力之仙药
14179	Max-Potion of Intelligence	智力之仙药
14180	Max-Potion of Mind	意力之仙药
14181	Blank Grade 1 Orchestrion Roll	1级空白管弦乐琴乐谱
14182	Blank Grade 2 Orchestrion Roll	2级空白管弦乐琴乐谱
14183	Blank Grade 3 Orchestrion Roll	3级空白管弦乐琴乐谱
14184	High Mythrite Nugget	光银块
14186	Sewing Needle	刺绣针
14187	Griffin Leather Strap	狮鹫革细绳
14188	Sewing Thread	刺绣线
14189	Powdered Horn	角粉
14229	Another Round Orchestrion Roll	管弦乐琴乐谱：再来一杯！
14230	Painted Foothills Orchestrion Roll	管弦乐琴乐谱：华彩的山麓
14231	Lost in the Clouds Orchestrion Roll	管弦乐琴乐谱：云中匿影
14234	The Only Path Orchestrion Roll	管弦乐琴乐谱：唯一的行路
14235	A World Apart Orchestrion Roll	管弦乐琴乐谱：走向世界
14239	Blood for Blood Orchestrion Roll	管弦乐琴乐谱：以血洗血
14240	Starved Orchestrion Roll	管弦乐琴乐谱：饿狼群集
14241	Riptide Orchestrion Roll	管弦乐琴乐谱：激潮
14242	Dark Vows Orchestrion Roll	管弦乐琴乐谱：漆黑的誓言
14243	The Dark's Embrace Orchestrion Roll	管弦乐琴乐谱：黑暗的拥抱
14244	A Light in the Storm Orchestrion Roll	管弦乐琴乐谱：风暴中的灯火
14245	Imagination Orchestrion Roll	管弦乐琴乐谱：异想天开
14246	Down the Up Staircase Orchestrion Roll	管弦乐琴乐谱：上下易位
14247	The Scars of Battle Orchestrion Roll	管弦乐琴乐谱：魔大战的伤痕
14250	The Maker's Ruin Orchestrion Roll	管弦乐琴乐谱：诸神已死
14251	Primal Judgment Orchestrion Roll	管弦乐琴乐谱：原始的审判
14252	Fallen Angel Orchestrion Roll	管弦乐琴乐谱：堕天使
14253	Under the Weight Orchestrion Roll	管弦乐琴乐谱：重压灭顶
14254	Heroes Orchestrion Roll	管弦乐琴乐谱：英杰
14255	Fiend Orchestrion Roll	管弦乐琴乐谱：魔神
14256	Hubris Orchestrion Roll	管弦乐琴乐谱：傲慢
14257	Tumbling Down Orchestrion Roll	管弦乐琴乐谱：一落千丈
14258	Out of the Labyrinth Orchestrion Roll	管弦乐琴乐谱：绚烂
14259	Now I Know the Truth Orchestrion Roll	管弦乐琴乐谱：多加与乌内之心
14260	Blind to the Dark Orchestrion Roll	管弦乐琴乐谱：暗淡
14261	Hunger Orchestrion Roll	管弦乐琴乐谱：最后的死斗
14262	Eternal Wind Orchestrion Roll	管弦乐琴乐谱：悠久之风
14263	Thunderer Orchestrion Roll	管弦乐琴乐谱：雷鸣
14264	Rise of the White Raven Orchestrion Roll	管弦乐琴乐谱：白银凶鸟展翅翱翔
14265	From the Ashes Orchestrion Roll	管弦乐琴乐谱：死灰复燃
14267	Answers Orchestrion Roll	管弦乐琴乐谱：Answers　-生死答问-
14712	High Mythrite Helm of Fending	光银御敌头盔
14713	High Mythrite Cuirass of Fending	光银御敌胸甲
14714	High Mythrite Gauntlets of Fending	光银御敌手铠
14715	Eikon Leather Breeches of Fending	荒神革御敌马裤
14716	High Mythrite Sabatons of Fending	光银御敌铠靴
14717	Eikon Leather Headgear of Maiming	荒神革制敌头甲
14718	Eikon Leather Corselet of Maiming	荒神革制敌护甲
14719	Eikon Leather Armguards of Maiming	荒神革制敌护臂
14720	Eikon Cloth Brais of Maiming	荒神布制敌衬裤
14721	Eikon Leather Leg Guards of Maiming	荒神革制敌腿甲靴
14722	Eikon Leather Headgear of Striking	荒神革强袭头甲
14723	Eikon Leather Corselet of Striking	荒神革强袭护甲
14724	Eikon Leather Armguards of Striking	荒神革强袭护臂
14725	Eikon Cloth Brais of Striking	荒神布强袭衬裤
14726	Eikon Leather Leg Guards of Striking	荒神革强袭腿甲靴
14727	Eikon Cloth Hat of Aiming	荒神布精准狩猎帽
14728	Eikon Cloth Acton of Aiming	荒神布精准棉甲
14729	Eikon Cloth Sleeves of Aiming	荒神布精准袖套
14730	Eikon Cloth Culottes of Aiming	荒神布精准及膝裤
14731	Eikon Leather Thighboots of Aiming	荒神革精准高筒靴
14732	Eikon Cloth Hat of Scouting	荒神布游击狩猎帽
14733	Eikon Cloth Acton of Scouting	荒神布游击棉甲
14734	Eikon Cloth Sleeves of Scouting	荒神布游击袖套
14735	Eikon Cloth Culottes of Scouting	荒神布游击及膝裤
14736	Eikon Leather Thighboots of Scouting	荒神革游击高筒靴
14737	Eikon Cloth Hat of Healing	荒神布治愈狩猎帽
14738	Eikon Cloth Acton of Healing	荒神布治愈棉甲
14739	Eikon Cloth Sleeves of Healing	荒神布治愈袖套
14740	Eikon Cloth Culottes of Healing	荒神布治愈长裙
14741	Eikon Leather Boots of Healing	荒神革治愈长靴
14742	Eikon Leather Headgear of Casting	荒神革咏咒头甲
14743	Eikon Leather Corselet of Casting	荒神革咏咒护甲
14744	Eikon Leather Armguards of Casting	荒神革咏咒护臂
14745	Eikon Cloth Brais of Casting	荒神布咏咒长裙
14746	Eikon Leather Boots of Casting	荒神革咏咒长靴
14830	Expeditioner's Coat	远征外套
14831	Expeditioner's Kecks	远征腿套
14832	Expeditioner's Moccasins	远征狩猎靴
14833	Expeditioner's Tabard	远征罩衣
14834	Expeditioner's Gloves	远征手套
14835	Expeditioner's Pantalettes	远征热裤
14836	Expeditioner's Thighboots	远征长靴
14841	Dried Red Oldrose	红色古典玫瑰头花
14842	Dried Blue Oldrose	蓝色古典玫瑰头花
14843	Dried Yellow Oldrose	黄色古典玫瑰头花
14844	Dried Green Oldrose	绿色古典玫瑰头花
14845	Dried Orange Oldrose	橙色古典玫瑰头花
14846	Dried Purple Oldrose	紫色古典玫瑰头花
14847	Dried White Oldrose	白色古典玫瑰头花
14848	Dried Black Oldrose	黑色古典玫瑰头花
14849	Oldrose Corsage	混色古典玫瑰头花
14850	Uraeus Body Armor	圣蜥蜴革背心
14851	Uraeus Breeches	圣蜥蜴革马裤
14852	Gryphonskin Breastguard	骏鹰革护胸
14853	Gryphonskin Pantalettes	骏鹰革短裤
14868	Uraeus Skirt	圣蜥蜴革短裙
14869	Uraeus Coat	圣蜥蜴革外套
14894	Dodore Boots	邪鬼长靴
14900	Stuffed Eggplant Knight	毛绒绒茄子骑士
14901	Stuffed Garlic Jester	毛绒绒蒜头明星
14902	Stuffed Tomato King	毛绒绒番茄国王
14903	Stuffed Mandragora Queen	毛绒绒蔓德拉王后
14924	Dhalmelskin Coat	长颈驼革外套
14925	Ramie Kecks	青麻腿套
14926	Dhalmelskin Moccasins	长颈驼革狩猎靴
14927	Ramie Tabard	青麻短袖罩衣
14928	Dark Dhalmelskin Gloves	暗长颈驼革手套
14929	Ramie Pantalettes	青麻热裤
14930	Dhalmelskin Thighboots	长颈驼革长靴
14935	Galvanized Garlond Steel	超硬加隆德钢
14939	Wind Silk Wedge Cap	风绢无檐帽
14940	Wind Silk Coatee	风绢短上衣
14941	Dinosaur Leather Gloves	恐龙革手套
14942	Wind Silk Bottoms	风绢打底裤
14943	Dinosaur Leather Shoes	恐龙革礼鞋
15097	Replica Allagan Rod	亚拉戈法杖（复制品）
15143	Staggered Shelf	博古架
15144	Washbasin	洗面台
15145	Stuffed Bear	毛绒绒小熊
15146	Alpine Breakfast	伊修加德早餐组合
15147	Hat Stand	衣帽架
15149	Indirect Lighting	间接照明
15150	Indirect Stand Lighting	直立型间接照明
15151	Chirurgeon's Curtain	外科室幕帘
15152	Nidhogg Miniature	尼德霍格模型
15157	Beach Chair	沙滩椅
15159	Large Garden Pond	大型庭院水塘
15160	Oriental Wood Bridge	东方木桥
15161	Oriental Deck	东方廊椅
15164	Sharlayan Flooring	萨雷安地板
15165	Bluesky Interior Wall	蓝天内墙
15425	Rolanberry Shaved Ice	罗兰莓刨冰
15427	Horde Barding	邪龙装甲
15436	Wind-up Ramuh	拉姆之形
15437	Wind-up Shiva	希瓦之形
15462	New World Headdress	新世界头饰
15463	New World Jacket	新世界外套
15464	New World Armlets	新世界臂环
15465	New World Hose	新世界喇叭裤
15466	New World Moccasins	新世界狩猎靴
15472	Survival Hat	幸存者牛仔帽
15473	Survival Shirt	幸存者衬衫
15474	Survival Halfslops	幸存者七分裤
15475	Survival Boots	幸存者矮靴
15476	Extreme Survival Shirt	极限幸存者衬衫
15477	Extreme Survival Slops	极限幸存者长裤
15505	Ironworks Cap of Gathering	加隆德大地皮帽
15506	Ironworks Vest of Gathering	加隆德大地坎肩
15507	Ironworks Gloves of Gathering	加隆德大地手套
15508	Ironworks Slops of Gathering	加隆德大地工作裤
15509	Ironworks Boots of Gathering	加隆德大地矮靴
15510	Carbonweave Cap of Gathering	碳纤布大地皮帽
15511	Carbonweave Vest of Gathering	碳纤布大地坎肩
15512	Carbonweave Gloves of Gathering	碳纤布大地手套
15513	Carbonweave Slops of Gathering	碳纤布大地工作裤
15514	Carbonweave Boots of Gathering	碳纤布大地矮靴
15515	Ironworks Cap of Crafting	加隆德巧匠无檐帽
15516	Ironworks Apron of Crafting	加隆德巧匠围裙
15517	Ironworks Sleeves of Crafting	加隆德巧匠袖套
15518	Ironworks Breeches of Crafting	加隆德巧匠马裤
15519	Ironworks Boots of Crafting	加隆德巧匠长靴
15520	Carbonweave Cap of Crafting	碳纤布巧匠无檐帽
15521	Carbonweave Apron of Crafting	碳纤布巧匠围裙
15522	Carbonweave Sleeves of Crafting	碳纤布巧匠袖套
15523	Carbonweave Breeches of Crafting	碳纤布巧匠马裤
15524	Carbonweave Boots of Crafting	碳纤布巧匠长靴
15525	Ironworks Necklace of Gathering	加隆德大地项链
15526	Ironworks Earring of Gathering	加隆德大地耳坠
15527	Ironworks Armillae of Gathering	加隆德大地腕环
15528	Ironworks Ring of Gathering	加隆德大地指环
15530	Ironworks Necklace of Crafting	加隆德巧匠项链
15531	Ironworks Earring of Crafting	加隆德巧匠耳坠
15532	Ironworks Armillae of Crafting	加隆德巧匠腕环
15533	Ironworks Ring of Crafting	加隆德巧匠指环
15535	High Mythrite Saw	光银手锯
15536	High Mythrite Cross-pein Hammer	光银横头锤
15537	High Mythrite Raising Hammer	光银圆头锤
15538	Eikon Iron Lapidary Hammer	荒神工艺锤
15539	High Mythrite Round Knife	光银圆革刀
15540	Eikon Iron Needle	荒神缝针
15541	High Mythrite Alembic	光银蒸馏器
15542	High Mythrite Frypan	光银平底锅
15543	High Mythrite Pickaxe	光银鹤嘴锄
15544	High Mythrite Hatchet	光银手斧
15545	Luminous Fiber Fishing Rod	光流钓竿
15546	High Mythrite Claw Hammer	光银羊角锤
15547	High Mythrite File	光银锉刀
15548	High Mythrite Pliers	光银手钳
15549	Eikon Iron Grinding Wheel	荒神砂轮机
15550	High Mythrite Awl	光银平斩
15551	Camphorwood Spinning Wheel	樟木纺车
15552	High Mythrite Mortar	光银研钵
15553	High Mythrite Culinary Knife	光银厨刀
15554	High Mythrite Sledgehammer	光银碎石锤
15555	High Mythrite Scythe	光银镰刀
15557	Mighty Thundercrack	惊雷万钧
15558	Mighty Thunderstorm	惊雷风暴
15559	Mighty Thunderbolt	惊雷霹雳
15560	Mighty Thunderdart	惊雷风行
15561	Mighty Thundersparks	惊雷烁光
15562	Mighty Thunderclap	惊雷惊天
15563	Mighty Thundershower	惊雷暴雨
15564	High Adjudicator's Gavel	惊雷轰鸣
15565	High Adjudicator's Staff	惊雷怒震
15566	Ona Ramuhda First Edition	惊雷咆哮
15567	The Law of Levin First Edition	惊雷电绕
15568	Mighty Thunderdome	惊雷观天
15571	Endless Expanse Patas	无尽云神拳刺
15572	Endless Expanse Battleaxe	无尽云神战斧
15573	Endless Expanse Partisan	无尽云神游击枪
15574	Endless Expanse Longbow	无尽云神长弓
15575	Endless Expanse Machetes	无尽云神匕首
15576	Endless Expanse Greatsword	无尽云神巨剑
15577	Endless Expanse Handgonne	无尽云神手炮
15578	Endless Expanse Cane	无尽云神牧杖
15579	Endless Expanse Longpole	无尽云神长玉杖
15580	Endless Expanse Grimoire	无尽云神魔导书
15581	Endless Expanse Codex	无尽云神魔导典
15582	Endless Expanse Astrometer	无尽云神量天仪
15585	Dead Hive Claws	偃武利爪
15586	Dead Hive Battleaxe	偃武战斧
15587	Dead Hive Spear	偃武长枪
15588	Dead Hive Bow	偃武长弓
15589	Dead Hive Kris	偃武匕首
15590	Dead Hive Claymore	偃武大剑
15591	Dead Hive Musketoon	偃武火枪
15592	Dead Hive Cane	偃武牧杖
15593	Dead Hive Longpole	偃武长玉杖
15594	Dead Hive Grimoire	偃武魔导书
15595	Dead Hive Codex	偃武魔导典
15596	Dead Hive Planisphere	偃武天星盘
15599	Knuckles of the Round	圆桌之拳
15600	Axe of the Round	圆桌之斧
15601	Halberd of the Round	圆桌之戟
15602	Bow of the Round	圆桌之弓
15603	Daggers of the Round	圆桌之刀
15604	Claymore of the Round	圆桌之大剑
15605	Fire of the Round	圆桌之火
15606	Cane of the Round	圆桌之幻杖
15607	Staff of the Round	圆桌之咒杖
15608	Grimoire of the Round	圆桌之书
15609	Codex of the Round	圆桌之典
15610	Astrometer of the Round	圆桌之仪
15645	Luminous Fiber	光流纤维
15650	Heavensegg Soup	苍穹鸡蛋汤
15651	Pasta Ortolano	田园番茄面
15720	Fake Kupo Nut	假果实
15721	Horn Component	超级喇叭部件
15722	Moogle Tool Component	莫古力用工具部件
15723	Statue Supplies	石像修复部件
15724	Tablet Supplies	名牌加工部件
15725	Training Supplies	训练用部件
15726	Repurposed Construction Component	再利用建筑资材
15727	Foundation Component	基建资材
15728	Basket Component	编织篮部件
15729	Wall Repair Supplies	墙壁修补部件
15730	Gathering Tool Component	采集工具修理部件
15731	Veneer Component	石砖加工用品
15732	Aetheric Shielding	绝灵容器
15733	Stonemasonry Supplies	调整后的石材
15734	Exploding Kupo Nut	烟雾果实
15735	Austere Offering	龙族报酬
15736	Shearing Machine Component	剪裁机部件
15737	Water Filter Component	泉水修补部件
15738	Mogstew Miscellany	烹调所需品
15739	Moogle Statuette	雕像样本
15740	Makeshift Toy Airship	飞空艇模型
15741	Dragonscale Rasp	龙鳞锉刀
15742	Cloudfish Lure	云海钓饵
15743	Ishgardian Cuisine Miscellany	晚餐所需品
15744	Treadwheel Crane Components	卷扬机部件
15745	Moogle Mollifier	特制奖励
15775	Tier 1 Aquarium	1级水族箱
15776	Tier 2 Aquarium	2级水族箱
15777	Tier 3 Aquarium	3级水族箱
15778	Tier 4 Aquarium	4级水族箱
15805	Against the Wind Orchestrion Roll	管弦乐琴乐谱：迎风
15806	Landlords Orchestrion Roll	管弦乐琴乐谱：人王
15807	Missing Pages Orchestrion Roll	管弦乐琴乐谱：缺失的书页
15819	Wreck to the Seaman Orchestrion Roll	管弦乐琴乐谱：水手遇难
15820	Through the Maelstrom Orchestrion Roll	管弦乐琴乐谱：混沌的漩涡
15821	Good King Moggle Mog XII Orchestrion Roll	管弦乐琴乐谱：贤王莫古尔·莫古十二世
15822	Revenge of the Horde Orchestrion Roll	管弦乐琴乐谱：绝命怒嚎
15823	Battle on the Big Bridge Orchestrion Roll	管弦乐琴乐谱：大桥上的死斗
15825	Engage Orchestrion Roll	管弦乐琴乐谱：苍翼
15913	Heart of the Vortex	旋风神心
15914	Mighty Moggle Mogrod	贤王莫古法杖
15915	Inferno Rod	狱火法杖
15916	Tremor Staff	厚土长杖
15921	Moonfire Hat	月火帽
15922	Moonfire Vest	月火男式坎肩
15923	Moonfire Trunks	月火男式短裤
15924	Moonfire Caligae	月火男式绑带凉鞋
15925	Moonfire Halter	月火女式夏衣
15926	Moonfire Tanga	月火女式夏裤
15927	Moonfire Sandals	月火女式绑带凉鞋
15928	Boarskin Survival Hat	野猪革幸存者牛仔帽
15929	Linen Survival Shirt	亚麻幸存者衬衫
15930	Linen Survival Halfslops	亚麻幸存者七分裤
15931	Boarskin Survival Boots	野猪革幸存者矮靴
15957	Tiny Bronco Miniature	野马级飞空艇模型
15958	Invincible Miniature	无敌级飞空艇模型
15959	Enterprise Miniature	企业级飞空艇模型
15960	Invincible II Miniature	无敌改级飞空艇模型
15961	Odyssey Miniature	奥德赛级飞空艇模型
15962	Tatanora Miniature	塔塔诺拉级飞空艇模型
15963	Viltgance Miniature	威尔特甘斯级飞空艇模型
15964	Sophia Miniature	索菲娅模型
15965	Alexander Miniature	亚历山大模型
15967	Stuffed Calca	卡尔克娃娃
15968	Stuffed Brina	布莉娜娃娃
15969	Mammet Lantern	魔法人偶台灯
15970	Mounted Box Shelf	壁挂格子置物架
15971	Knightly Round Table	苍穹骑士圆桌
15974	Mounted Bookshelf	壁式书柜
15975	Great Gubal Floor Lamp	迦巴勒落地灯
15976	Combed Wool Rug	精梳毛布地毯
16013	Crystal Chandelier	水晶吊灯
16557	Sophic Barding	索菲娅装甲
16596	Ramie Hood	青麻毛边帽
16597	Ramie Poncho	青麻斗篷
16598	Fur-lined Dhalmelskin Boots	长颈驼革毛边靴
16599	Cashmere Hood	羊绒毛边帽
16600	Cashmere Poncho	羊绒斗篷
16601	Fur-lined Saurian Boots	蛟蜥革毛边靴
16616	Red Viola Corsage	红色三色堇头花
16617	Blue Viola Corsage	蓝色三色堇头花
16618	Yellow Viola Corsage	黄色三色堇头花
16619	Green Viola Corsage	绿色三色堇头花
16620	Orange Viola Corsage	橙色三色堇头花
16621	Purple Viola Corsage	紫色三色堇头花
16622	White Viola Corsage	白色三色堇头花
16623	Black Viola Corsage	黑色三色堇头花
16624	Rainbow Viola Corsage	混色三色堇头花
16625	Astral Silk Robe	星绢布长袍
16626	Griffin Leather Cuffs	狮鹫革护袖
16627	Heavy Metal Longsword	重合金长剑
16628	Heavy Metal Claws	重合金爪
16629	Heavy Metal War Axe	重合金战斧
16630	Heavy Metal Lance	重合金骑枪
16631	Teak Composite Bow	柚木复合弓
16632	Heavy Metal Daggers	重合金小刀
16633	Heavy Metal Greatsword	重合金巨剑
16634	Heavy Metal Culverin	重合金重炮
16635	Teak Cane	柚木牧杖
16636	Scintillant Staff	闪烁长杖
16637	Hemiskin Grimoire	半熊革魔导书
16638	Hemiskin Codex	半熊革魔导典
16639	Scintillant Planisphere	闪烁天星盘
16640	Heavy Metal Kite Shield	重合金鸢盾
16641	Heavy Metal Coif of Fending	重合金御敌锁甲头罩
16642	Heavy Metal Cuirass of Fending	重合金御敌胸甲
16643	Heavy Metal Gauntlets of Fending	重合金御敌手铠
16644	Hemiskin Brais of Fending	半熊革御敌衬裤
16645	Heavy Metal Sabatons of Fending	重合金御敌铠靴
16647	Heavy Metal Coif of Maiming	重合金制敌锁甲头罩
16648	Heavy Metal Cuirass of Maiming	重合金制敌胸甲
16649	Heavy Metal Gauntlets of Maiming	重合金制敌手铠
16650	Hemiskin Brais of Maiming	半熊革制敌衬裤
16651	Heavy Metal Sabatons of Maiming	重合金制敌铠靴
16653	Scintillant Circlet of Striking	闪烁强袭头冠
16654	Star Velvet Tabard of Striking	星绒强袭罩衣
16655	Hemiskin Gloves of Striking	半熊革强袭手套
16656	Hemiskin Trousers of Striking	半熊革强袭软甲裤
16657	Hemiskin Leggings of Striking	半熊革强袭护腿
16659	Scintillant Circlet of Aiming	闪烁精准头冠
16660	Star Velvet Tabard of Aiming	星绒精准罩衣
16661	Hemiskin Gloves of Aiming	半熊革精准手套
16662	Hemiskin Trousers of Aiming	半熊革精准软甲裤
16663	Hemiskin Leggings of Aiming	半熊革精准护腿
16665	Scintillant Circlet of Scouting	闪烁游击头冠
16666	Star Velvet Tabard of Scouting	星绒游击罩衣
16667	Hemiskin Gloves of Scouting	半熊革游击手套
16668	Hemiskin Trousers of Scouting	半熊革游击软甲裤
16669	Hemiskin Leggings of Scouting	半熊革游击护腿
16671	Star Velvet Hood of Healing	星绒治愈兜帽
16672	Star Velvet Himation of Healing	星绒治愈长衫
16673	Star Velvet Long Gloves of Healing	星绒治愈长手套
16674	Star Velvet Bottoms of Healing	星绒治愈打底裤
16675	Hemiskin Open-toed Boots of Healing	半熊革露趾长靴
16677	Star Velvet Hood of Casting	星绒咏咒兜帽
16678	Star Velvet Himation of Casting	星绒咏咒长衫
16679	Star Velvet Long Gloves of Casting	星绒咏咒长手套
16680	Star Velvet Bottoms of Casting	星绒咏咒打底裤
16681	Hemiskin Open-toed Boots of Casting	半熊革咏咒露趾长靴
16683	Scintillant Earring of Fending	闪烁御敌耳坠
16684	Scintillant Earring of Slaying	闪烁强攻耳坠
16685	Scintillant Earring of Aiming	闪烁精准耳坠
16686	Scintillant Earring of Healing	闪烁治愈耳坠
16687	Scintillant Earring of Casting	闪烁咏咒耳坠
16688	Teak Choker of Fending	柚木御敌项环
16689	Teak Choker of Slaying	柚木强攻项环
16690	Teak Choker of Aiming	柚木精准项环
16691	Teak Choker of Healing	柚木治愈项环
16692	Teak Choker of Casting	柚木咏咒项环
16693	Teak Bracelet of Fending	柚木御敌手镯
16694	Teak Bracelet of Slaying	柚木强攻手镯
16695	Teak Bracelet of Aiming	柚木精准手镯
16696	Teak Bracelet of Healing	柚木治愈手镯
16697	Teak Bracelet of Casting	柚木咏咒手镯
16698	Scintillant Ring of Fending	闪烁御敌指环
16699	Scintillant Ring of Slaying	闪烁强攻指环
16700	Scintillant Ring of Aiming	闪烁精准指环
16701	Scintillant Ring of Healing	闪烁治愈指环
16702	Scintillant Ring of Casting	闪烁咏咒指环
16705	Heavy Metal Ingot	重合金锭
16706	Scintillant Ingot	闪烁锭
16707	Star Velvet	星绒
16708	Hemicyon Leather	半熊革
16709	Heavenly Eggnog	苍穹蛋奶酒
16710	Flaugnarde	苹果芙纽多
16711	Spaghetti Carbonara	烟肉蛋酱拌面
16712	Wildwood Scrambled Eggs	嫩炒蛋
16713	Spaghetti Pescatore	海鲜拌面
16714	Loaghtan Cordon Bleu	蓝带肉排
16715	Priestly Omelette	祭司蛋包饭
16716	Supramax-Potion of Strength	刚力之强化仙药
16717	Supramax-Potion of Dexterity	巧力之强化仙药
16718	Supramax-Potion of Vitality	耐力之强化仙药
16719	Supramax-Potion of Intelligence	智力之强化仙药
16720	Supramax-Potion of Mind	意力之强化仙药
16779	Indirect Wall Lighting	壁挂型间接照明
16781	Troupe Stage	豪华舞台
16782	Round Stage	圆形舞台
16806	Close to the Heavens Orchestrion Roll	管弦乐琴乐谱：天上世界
16819	Footsteps in the Snow Orchestrion Roll	管弦乐琴乐谱：雪上的足迹
16820	Oblivion Orchestrion Roll	管弦乐琴乐谱：忘却的彼岸
16821	Thunder Rolls Orchestrion Roll	管弦乐琴乐谱：电闪雷鸣
16822	Equilibrium Orchestrion Roll	管弦乐琴乐谱：平衡
16908	Tempered Glass	强化玻璃板
16909	Ramie Slops	青麻工作裤
16910	Cashmere Slops	羊绒工作裤
16911	Watered Cordial	轻型强心剂
16935	Grade 1 Picture Frame	1级画框
16936	Grade 2 Picture Frame	2级画框
16937	Grade 3 Picture Frame	3级画框
17013	Zurvan Miniature	祖尔宛模型
17014	Diabolos Miniature	迪亚波罗斯模型
17015	Scathach Miniature	斯卡哈模型
17020	Yarn Basket	毛线篮
17021	Riviera Breakfast	早餐蛋包饭
17023	Paissa Floor Lamp	猴面雀落地灯
17024	Merchant's Shelf	商店置物柜
17025	Ivy Pillar	常春藤石柱
17030	Topiary Paissa	猴面雀绿雕
17032	Fortemps Manor Interior Wall	福尔唐府邸内墙
17035	Tribunal Flooring	裁判所地板
17036	Pendant Lamp Planter	盆栽吊灯
17306	Sky Rat Mask of Fending	空鼠御敌面具
17307	Sky Rat Harness of Fending	空鼠御敌格斗服
17308	Sky Rat Hook of Fending	空鼠御敌铁钩护臂
17309	Sky Rat Breeches of Fending	空鼠御敌马裤
17310	Sky Rat Hookboots of Fending	空鼠御敌铁钩筒靴
17311	Sky Rat Mask of Maiming	空鼠制敌面具
17312	Sky Rat Harness of Maiming	空鼠制敌格斗服
17313	Sky Rat Hook of Maiming	空鼠制敌铁钩护臂
17314	Sky Rat Breeches of Maiming	空鼠制敌马裤
17315	Sky Rat Hookboots of Maiming	空鼠制敌铁钩筒靴
17316	Sky Rat Mask of Striking	空鼠强袭面具
17317	Sky Rat Harness of Striking	空鼠强袭格斗服
17318	Sky Rat Fingerless Gloves of Striking	空鼠强袭半指护手
17319	Sky Rat Breeches of Striking	空鼠强袭马裤
17320	Sky Rat Ironclad Boots of Striking	空鼠强袭黑铁筒靴
17321	Sky Rat Mask of Aiming	空鼠精准面具
17322	Sky Rat Harness of Aiming	空鼠精准格斗服
17323	Sky Rat Fingerless Gloves of Aiming	空鼠精准半指护手
17324	Sky Rat Breeches of Aiming	空鼠精准马裤
17325	Sky Rat Ironclad Boots of Aiming	空鼠精准黑铁筒靴
17326	Sky Rat Mask of Scouting	空鼠游击面具
17327	Sky Rat Harness of Scouting	空鼠游击格斗服
17328	Sky Rat Hook of Scouting	空鼠游击铁钩护臂
17329	Sky Rat Breeches of Scouting	空鼠游击马裤
17330	Sky Rat Hookboots of Scouting	空鼠游击铁钩筒靴
17331	Sky Rat Mask of Healing	空鼠治愈面具
17332	Sky Rat Harness of Healing	空鼠治愈格斗服
17333	Sky Rat Hook of Healing	空鼠治愈铁钩护臂
17334	Sky Rat Breeches of Healing	空鼠治愈马裤
17335	Sky Rat Hookboots of Healing	空鼠治愈铁钩筒靴
17336	Sky Rat Mask of Casting	空鼠咏咒面具
17337	Sky Rat Harness of Casting	空鼠咏咒格斗服
17338	Sky Rat Fingerless Gloves of Casting	空鼠咏咒半指护手
17339	Sky Rat Breeches of Casting	空鼠咏咒马裤
17340	Sky Rat Ironclad Boots of Casting	空鼠咏咒黑铁筒靴
17462	Wool Knit Cap	呢绒针织帽
17463	Wool Suspenders	呢绒背带衬衫
17464	Cropped Wool Slops	呢绒七分裤
17465	Raptorskin Shoes	盗龙革皮靴
17466	Flannel Knit Cap	法兰绒针织帽
17467	Flannel Suspenders	法兰绒背带衬衫
17468	Cropped Flannel Slops	法兰绒七分裤
17469	Pteroskin Shoes	翼手龙革皮靴
17522	Zurvanite Barding	祖尔宛装甲
17537	Red Cherry Blossom Corsage	红色樱花头花
17538	Blue Cherry Blossom Corsage	蓝色樱花头花
17539	Yellow Cherry Blossom Corsage	黄色樱花头花
17540	Green Cherry Blossom Corsage	绿色樱花头花
17541	Orange Cherry Blossom Corsage	橙色樱花头花
17542	Purple Cherry Blossom Corsage	紫色樱花头花
17543	White Cherry Blossom Corsage	白色樱花头花
17544	Black Cherry Blossom Corsage	黑色樱花头花
17545	Pink Cherry Blossom Corsage	粉色樱花头花
17549	Near Eastern Antique	近东风格的收藏品
17550	Coerthan Souvenir	寒冷地带的特产
17551	Maelstrom Materiel	黑涡团军需品
17552	Heartfelt Gift	别具匠心的礼物
17553	Orphanage Donation	孤儿院的日用品
17554	Near Eastern Antique Component	近东风格的收藏品部件
17555	Coerthan Souvenir Component	寒冷地带的特产部件
17556	Maelstrom Materiel Component	黑涡团军需品部件
17567	Cloud Mythril Ingot	云银锭
17568	Stormcloud Cotton Cloth	群云布
17569	Peteinosaur Leather	蓓天翼龙革
17605	Fists of the Fiend	生命之拳
17606	Axe of the Fiend	生命之斧
17607	Pike of the Fiend	生命之戟
17608	Bow of the Fiend	生命之弓
17609	Points of the Fiend	生命之刀
17610	Edge of the Fiend	生命之刃
17611	Fire of the Fiend	生命之火
17612	Cane of the Fiend	生命之幻杖
17613	Staff of the Fiend	生命之咒杖
17614	Word of the Fiend	生命之书
17615	Song of the Fiend	生命之典
17616	Star of the Fiend	生命之仪
17636	The Corpse Hall Orchestrion Roll	管弦乐琴乐谱：斩
17637	Limitless Blue Orchestrion Roll	管弦乐琴乐谱：无尽苍空
17638	Woe that Is Madness Orchestrion Roll	管弦乐琴乐谱：灾厄狂起
17639	The Hand that Gives the Rose Orchestrion Roll	管弦乐琴乐谱：武神降临
17640	Unbending Steel Orchestrion Roll	管弦乐琴乐谱：不屈之刃
17641	Infinity Orchestrion Roll	管弦乐琴乐谱：无限
17727	Heartfelt Gift Component	别具匠心的礼物部件
17728	Orphanage Donation Component	孤儿院的日用品部件
17853	Revelation Orchestrion Roll	管弦乐琴乐谱：启示
17854	Beauty's Wicked Wiles Orchestrion Roll	管弦乐琴乐谱：阴谋美计
17855	Skylords Orchestrion Roll	管弦乐琴乐谱：天王
17856	The Silent Regard of Stars Orchestrion Roll	管弦乐琴乐谱：静寂的星空
17878	Lavish Dressing Case	高级化妆盒
17880	Stylish Pipe Box	高级烟袋盒
17882	Ornate Partition	高级屏风
17884	Teahouse Bench	茶屋长椅
17886	Featherlight Shortsword	轻量短剑
17888	Heavy Uchigatana	厚重的打刀
17890	Custom-made Hammer	小型锤
17892	Examination Uchigatana	投标用的打刀
17894	Paladin Mail	骑士板金铠
17896	Titanium Kote	白钛手甲
17898	Tournament Somen	殿前比试用总面
17900	Lominsan Hara-ate	利姆萨·罗敏萨式腹当
17902	Sample Silver Ring	样品白银戒指
17904	Precision Spectacles	高精度眼镜
17906	Sample Chronometer	样品台钟
17908	Tribute Orchestrion	王冠宝石工房的特制礼物
17910	Large Dhalmel Cape	亨格长颈驼的毛皮
17912	Grizzly Bear Gloves	灰熊手套
17914	Dashing Dhalmelskin Jacket	高级长颈驼夹克
17916	Large Gagana Cape	大迦迦纳怪鸟的毛皮
17918	Elegant Bustle	高级裙撑礼服
17920	Winsome Spring Dress	高级春意礼服
17922	Seductive Bustier	高级萨维奈舞裙
17924	Tennyo Hagoromo	天女的羽衣
17926	Intellectuary	甜味智力之秘药
17928	Twice-fermented Mun-Tuy Juice	特制姆恩·图伊豆汁
17930	Luminol	血液反应药
17932	Potent Dissolvent	特制溶解液
17934	Doman Rice Balls	多玛饭团
17936	Doman Udon Broth	多玛乌冬面汤底
17938	Nigiri-zushi	手握寿司
17940	Doman Sukiyaki	多玛寿喜烧
17953	Carbuncle Bed	宝石兽睡床
17954	Table Orchestrion	台式管弦乐琴
17955	Mounted Flower Vase	壁挂式花瓶
17956	Stuffed Dhalmel	长颈驼标本
17957	Stuffed Gagana	迦迦纳怪鸟标本
17958	Oriental Pipe Box	东方烟袋盒
17959	Oriental Dressing Case	东方化妆盒
17960	Doman Partition	多玛屏风
17961	Lakshmi Miniature	吉祥天女模型
17962	Susano Miniature	须佐之男模型
17967	Oriental Sushi Lunch	东方午餐组合：寿司
17968	Oriental Soba Lunch	东方午餐组合：荞麦面
17969	Oriental Udon Lunch	东方午餐组合：乌冬面
17970	Oriental Rice Ball Lunch	东方午餐组合：饭团
17971	Easel	画架
17983	Eastern Teahouse Bench	东方茶屋长椅
17984	Topiary Carbuncle	宝石兽绿雕
17994	House Fortemps Chandelier	福尔唐枝形吊灯
18033	High Steel Katzbalger	硬钢斗剑
18034	High Steel Knuckles	硬钢指虎
18035	High Steel Headsman's Axe	硬钢头人斧
18036	High Steel Trident	硬钢三尖枪
18037	Beech Composite Bow	山毛榉复合弓
18038	High Steel Main Gauches	硬钢左手剑
18039	High Steel Guillotine	硬钢断头剑
18040	High Steel Culverin	硬钢重炮
18041	Beech Rod	山毛榉法杖
18042	Koppranickel Staff	白铜长杖
18043	Koppranickel Index	白铜魔导书
18044	Koppranickel Codex	白铜魔导典
18045	Koppranickel Planisphere	白铜天星盘
18046	High Steel Tachi	硬钢太刀
18047	Koppranickel Foil	白铜花剑
18048	High Steel Hoplon	硬钢重盾
18049	High Steel Helm of Fending	硬钢御敌头盔
18050	High Steel Scale Mail of Fending	硬钢御敌鳞铠
18051	High Steel Armguards of Fending	硬钢御敌护臂
18052	Gaganaskin Hose of Fending	迦迦纳怪鸟革御敌骑兵裤
18053	Gaganaskin Leg Guards of Fending	迦迦纳怪鸟革御敌腿甲靴
18055	High Steel Helm of Maiming	硬钢制敌头盔
18056	High Steel Scale Mail of Maiming	硬钢制敌鳞铠
18057	High Steel Armguards of Maiming	硬钢制敌护臂
18058	Gaganaskin Hose of Maiming	迦迦纳怪鸟革制敌骑兵裤
18059	Gaganaskin Leg Guards of Maiming	迦迦纳怪鸟革制敌腿甲靴
18061	Koppranickel Turban of Striking	白铜强袭包头巾
18062	Bloodhempen Vest of Striking	赤麻强袭坎肩
18063	Bloodhempen Armguards of Striking	赤麻强袭护臂
18064	Bloodhempen Brais of Striking	赤麻强袭衬裤
18065	Gaganaskin Sandals of Striking	迦迦纳怪鸟革强袭凉鞋
18067	Gaganaskin Hat of Aiming	迦迦纳怪鸟革精准狩猎帽
18068	Gaganaskin Jacket of Aiming	迦迦纳怪鸟革精准短衣
18069	Gaganaskin Gloves of Aiming	迦迦纳怪鸟革精准手套
18070	Gaganaskin Chaps of Aiming	迦迦纳怪鸟革精准皮套裤
18071	Gaganaskin Boots of Aiming	迦迦纳怪鸟革精准筒靴
18073	Koppranickel Turban of Scouting	白铜游击包头巾
18074	Bloodhempen Vest of Scouting	赤麻游击坎肩
18075	Bloodhempen Armguards of Scouting	赤麻游击护臂
18076	Bloodhempen Brais of Scouting	赤麻游击衬裤
18077	Gaganaskin Sandals of Scouting	迦迦纳怪鸟革游击凉鞋
18079	Beech Mask of Healing	山毛榉治愈面具
18080	Bloodhempen Chestwrap of Healing	赤麻治愈束胸
18081	Koppranickel Armlets of Healing	白铜治愈臂环
18082	Bloodhempen Culottes of Healing	赤麻治愈短裤
18083	Gaganaskin Sandals of Healing	迦迦纳怪鸟革治愈凉鞋
18085	Beech Mask of Casting	山毛榉咏咒面具
18086	Bloodhempen Chestwrap of Casting	赤麻咏咒束胸
18087	Koppranickel Armlets of Casting	白铜咏咒臂环
18088	Bloodhempen Culottes of Casting	赤麻咏咒短裤
18089	Gaganaskin Sandals of Casting	迦迦纳怪鸟革咏咒凉鞋
18091	Triphane Earrings of Fending	锂辉石御敌耳坠
18092	Triphane Earrings of Slaying	锂辉石强攻耳坠
18093	Triphane Earrings of Aiming	锂辉石精准耳坠
18094	Triphane Earrings of Healing	锂辉石治愈耳坠
18095	Triphane Earrings of Casting	锂辉石咏咒耳坠
18096	Triphane Choker of Fending	锂辉石御敌项环
18097	Triphane Choker of Slaying	锂辉石强攻项环
18098	Triphane Choker of Aiming	锂辉石精准项环
18099	Triphane Choker of Healing	锂辉石治愈项环
18100	Triphane Choker of Casting	锂辉石咏咒项环
18101	Triphane Bracelet of Fending	锂辉石御敌手镯
18102	Triphane Bracelet of Slaying	锂辉石强攻手镯
18103	Triphane Bracelet of Aiming	锂辉石精准手镯
18104	Triphane Bracelet of Healing	锂辉石治愈手镯
18105	Triphane Bracelet of Casting	锂辉石咏咒手镯
18106	Triphane Ring of Fending	锂辉石御敌指环
18107	Triphane Ring of Slaying	锂辉石强攻指环
18108	Triphane Ring of Aiming	锂辉石精准指环
18109	Triphane Ring of Healing	锂辉石治愈指环
18110	Triphane Ring of Casting	锂辉石咏咒指环
18189	High Steel Longsword	硬钢长剑
18190	Folded High Steel Knuckles	折钢指虎
18191	High Steel Battleaxe	硬钢战斧
18192	High Steel Fork	硬钢战叉
18193	Larch Composite Bow	落叶松复合弓
18194	High Steel Kris	硬钢波刃
18195	Folded High Steel Greatsword	硬钢巨剑
18196	High Steel-barreled Snaphance	硬钢燧发枪
18197	Larch Wand	落叶松幻杖
18198	Koppranickel Pole	白铜玉杖
18199	Gyuki Leather Grimoire	牛鬼革魔导书
18200	Gyuki Leather Codex	牛鬼革魔导典
18201	Dual-plated Koppranickel Planisphere	白铜双板天星盘
18202	High Steel Uchigatana	硬钢打刀
18203	Koppranickel Rapier	白铜刺剑
18204	High Steel Scutum	硬钢步兵盾
18205	High Steel Barbut of Fending	硬钢御敌开面盔
18206	High Steel Mail of Fending	硬钢御敌链甲
18207	High Steel Gauntlets of Fending	硬钢御敌手铠
18208	Gyuki Leather Trousers of Fending	牛鬼革御敌软甲裤
18209	High Steel Sollerets of Fending	硬钢御敌锁甲靴
18211	High Steel Barbut of Maiming	硬钢制敌开面盔
18212	High Steel Mail of Maiming	硬钢制敌链甲
18213	High Steel Gauntlets of Maiming	硬钢制敌手铠
18214	Gyuki Leather Trousers of Maiming	牛鬼革制敌软甲裤
18215	High Steel Sollerets of Maiming	硬钢制敌锁甲靴
18217	Ruby Cotton Bandana of Striking	红玉棉布强袭头巾
18218	Ruby Cotton Gilet of Striking	红玉棉布强袭背心
18219	Gyuki Leather Halfgloves of Striking	牛鬼革强袭半指手套
18220	Ruby Cotton Gaskins of Striking	红玉棉布强袭束膝裤
18221	Gyuki Leather Highboots of Striking	牛鬼革强袭高筒靴
18223	Gyuki Leather Pot Helm	牛鬼革盔帽
18224	Ruby Cotton Gambison	红玉棉布紧身衣
18225	Gyuki Leather Gloves of Aiming	牛鬼革精准手套
18226	Ruby Cotton Sarouel	红玉棉布垮裤
18227	Gyuki Leather Boots of Aiming	牛鬼革精准筒靴
18229	Ruby Cotton Bandana of Scouting	红玉棉布游击头巾
18230	Ruby Cotton Gilet of Scouting	红玉棉布游击背心
18231	Gyuki Leather Halfgloves of Scouting	牛鬼革游击半指手套
18232	Ruby Cotton Gaskins of Scouting	红玉棉布游击束膝裤
18233	Gyuki Leather Highboots of Scouting	牛鬼革游击高筒靴
18235	Koppranickel Temple Chain	白铜头链
18236	Ruby Cotton Chasuble	红玉棉布长袍
18237	Gyuki Leather Dress Gloves	牛鬼革礼服手套
18238	Ruby Cotton Smalls	红玉棉布短裤
18239	Gyuki Leather Boots of Healing	牛鬼革治愈筒靴
18241	Ruby Cotton Hat of Casting	红玉棉布咏咒宽边帽
18242	Ruby Cotton Robe of Casting	红玉棉布咏咒长袍
18243	Ruby Cotton Fingerless Gloves of Casting	红玉棉布咏咒半指护手
18244	Ruby Cotton Longkilt	红玉棉布长裙
18245	Gyuki Leather Pattens	牛鬼革木鞋
18247	Koppranickel Earrings of Fending	白铜御敌耳坠
18248	Koppranickel Earrings of Slaying	白铜强攻耳坠
18249	Koppranickel Earrings of Aiming	白铜精准耳坠
18250	Koppranickel Earrings of Healing	白铜治愈耳坠
18251	Koppranickel Earrings of Casting	白铜咏咒耳坠
18252	Koppranickel Necklace of Fending	白铜御敌项环
18253	Koppranickel Necklace of Slaying	白铜强攻项环
18254	Koppranickel Necklace of Aiming	白铜精准项环
18255	Koppranickel Necklace of Healing	白铜治愈项环
18256	Koppranickel Necklace of Casting	白铜咏咒项环
18257	Koppranickel Bracelet of Fending	白铜御敌手镯
18258	Koppranickel Bracelet of Slaying	白铜强攻手镯
18259	Koppranickel Bracelet of Aiming	白铜精准手镯
18260	Koppranickel Bracelet of Healing	白铜治愈手镯
18261	Koppranickel Bracelet of Casting	白铜咏咒手镯
18262	Muudhorn Ring of Fending	姆德斯德角御敌指环
18263	Muudhorn Ring of Slaying	姆德斯德角强攻指环
18264	Muudhorn Ring of Aiming	姆德斯德角精准指环
18265	Muudhorn Ring of Healing	姆德斯德角治愈指环
18266	Muudhorn Ring of Casting	姆德斯德角咏咒指环
18345	Doman Iron Longsword	卸铁长剑
18346	Doman Iron Claws	卸铁爪
18347	Doman Iron War Axe	卸铁战斧
18348	Doman Iron Lance	卸铁骑枪
18349	Pine Composite Bow	松木复合弓
18350	Doman Iron Daggers	卸铁小刀
18351	Doman Iron Greatsword	卸铁巨剑
18352	Doman Iron Culverin	卸铁重炮
18353	Pine Cane	松木牧杖
18354	Durium Staff	翠银长杖
18355	Tigerskin Grimoire	猛虎革魔导书
18356	Tigerskin Codex	猛虎革魔导典
18357	Durium Astrometer	翠银量天仪
18358	Doman Iron Uchigatana	卸铁打刀
18359	Durium Smallsword	翠银小剑
18360	Doman Iron Kite Shield	卸铁鸢盾
18361	Durium Hairpin of Fending	翠银御敌发夹
18362	Tigerskin Coat of Fending	猛虎革御敌外套
18363	Doman Iron Gauntlets of Fending	卸铁御敌手铠
18364	Kudzu Longkilt of Fending	葛布御敌长裙
18365	Doman Iron Greaves of Fending	卸铁御敌胫甲
18367	Durium Hairpin of Maiming	翠银制敌发夹
18368	Tigerskin Coat of Maiming	猛虎革制敌外套
18369	Doman Iron Gauntlets of Maiming	卸铁制敌手铠
18370	Kudzu Longkilt of Maiming	葛布制敌长裙
18371	Doman Iron Greaves of Maiming	卸铁制敌胫甲
18373	Tigerskin Tricorne of Striking	猛虎革强袭宽边帽
18374	Kudzu Tunic of Striking	葛布强袭束腰猎衣
18375	Tigerskin Wristgloves of Striking	猛虎革强袭护手
18376	Kudzu Trousers of Striking	葛布强袭软甲裤
18377	Tigerskin Thighboots of Striking	猛虎革强袭高筒靴
18379	Tigerskin Tricorne of Aiming	猛虎革精准宽边帽
18380	Kudzu Tunic of Aiming	葛布精准束腰猎衣
18381	Tigerskin Gloves of Aiming	猛虎革精准护手
18382	Kudzu Trousers of Aiming	葛布精准软甲裤
18383	Tigerskin Thighboots of Aiming	猛虎革精准高筒靴
18385	Tigerskin Tricorne of Scouting	猛虎革游击宽边帽
18386	Kudzu Tunic of Scouting	葛布游击束腰猎衣
18387	Tigerskin Gloves of Scouting	猛虎革游击护手
18388	Kudzu Trousers of Scouting	葛布游击软甲裤
18389	Tigerskin Thighboots of Scouting	猛虎革游击高筒靴
18391	Kudzu Hat of Healing	葛布治愈宽边帽
18392	Kudzu Robe of Healing	葛布治愈长袍
18393	Tigerskin Armguards of Healing	猛虎革治愈护臂
18394	Kudzu Longkilt of Healing	葛布治愈长裙
18395	Tigerskin Jackboots of Healing	猛虎革治愈长筒靴
18397	Kudzu Hat of Casting	葛布咏咒宽边帽
18398	Kudzu Robe of Casting	葛布咏咒长袍
18399	Tigerskin Armguards of Casting	猛虎革咏咒护臂
18400	Kudzu Longkilt of Casting	葛布咏咒长裙
18401	Tigerskin Jackboots of Casting	猛虎革咏咒长筒靴
18403	Star Spinel Earrings of Fending	星尖石御敌耳坠
18404	Star Spinel Earrings of Slaying	星尖石强攻耳坠
18405	Star Spinel Earrings of Aiming	星尖石精准耳坠
18406	Star Spinel Earrings of Healing	星尖石治愈耳坠
18407	Star Spinel Earrings of Casting	星尖石咏咒耳坠
18408	Star Spinel Choker of Fending	星尖石御敌项环
18409	Star Spinel Choker of Slaying	星尖石强攻项环
18410	Star Spinel Choker of Aiming	星尖石精准项环
18411	Star Spinel Choker of Healing	星尖石治愈项环
18412	Star Spinel Choker of Casting	星尖石咏咒项环
18413	Star Spinel Bracelet of Fending	星尖石御敌手镯
18414	Star Spinel Bracelet of Slaying	星尖石强攻手镯
18415	Star Spinel Bracelet of Aiming	星尖石精准手镯
18416	Star Spinel Bracelet of Healing	星尖石治愈手镯
18417	Star Spinel Bracelet of Casting	星尖石咏咒手镯
18418	Star Spinel Ring of Fending	星尖石御敌指环
18419	Star Spinel Ring of Slaying	星尖石强攻指环
18420	Star Spinel Ring of Aiming	星尖石精准指环
18421	Star Spinel Ring of Healing	星尖石治愈指环
18422	Star Spinel Ring of Casting	星尖石咏咒指环
18501	Doman Steel Longsword	玉钢长剑
18502	Doman Steel Patas	玉钢拳剑
18503	Doman Steel Battleaxe	玉钢战斧
18504	Doman Steel Halberd	玉钢战戟
18505	Persimmon Bow	柿木长弓
18506	Doman Steel Main Gauches	玉钢左手剑
18507	Doman Steel Greatsword	玉钢巨剑
18508	Doman Steel-barreled Musketoon	玉钢火枪
18509	Persimmon Cane	柿木牧杖
18510	Durium Rod	翠银法杖
18511	Marid Leather Grimoire	魔象革魔导书
18512	Marid Leather Codex	魔象革魔导典
18513	Dual-plated Durium Planisphere	翠银天星盘
18514	Doman Steel Tachi	玉钢太刀
18515	Durium Foil	翠银花剑
18516	Doman Steel Shield	玉钢长盾
18517	Doman Steel Armet of Fending	玉钢御敌战盔
18518	Doman Steel Tabard of Fending	玉钢御敌罩衣
18519	Doman Steel Gauntlets of Fending	玉钢御敌手铠
18520	Marid Leather Breeches of Fending	魔象革御敌马裤
18521	Doman Steel Greaves of Fending	玉钢御敌胫甲
18523	Doman Steel Armet of Maiming	玉钢制敌战盔
18524	Doman Steel Tabard of Maiming	玉钢制敌罩衣
18525	Doman Steel Gauntlets of Maiming	玉钢制敌手铠
18526	Marid Leather Breeches of Maiming	魔象革制敌马裤
18527	Doman Steel Greaves of Maiming	玉钢制敌胫甲
18529	Marid Leather Hood of Striking	魔象革强袭兜帽
18530	Marid Leather Coat of Striking	魔象革强袭外套
18531	Doman Steel Gauntlets of Striking	玉钢强袭手铠
18532	Marid Leather Breeches of Striking	魔象革强袭马裤
18533	Doman Steel Greaves of Striking	玉钢强袭胫甲
18535	Serge Hat of Aiming	哔叽精准狩猎帽
18536	Serge Gambison of Aiming	哔叽精准紧身衣
18537	Marid Leather Gloves of Aiming	魔象革精准手套
18538	Serge Hose of Aiming	哔叽精准骑兵裤
18539	Marid Leather Boots of Aiming	魔象革精准筒靴
18541	Marid Leather Hood of Scouting	魔象革游击兜帽
18542	Marid Leather Coat of Scouting	魔象革游击外套
18543	Doman Steel Gauntlets of Scouting	玉钢游击手铠
18544	Marid Leather Breeches of Scouting	魔象革游击马裤
18545	Doman Steel Greaves of Scouting	玉钢游击胫甲
18547	Serge Hat of Healing	哔叽治愈宽边帽
18548	Serge Gambison of Healing	哔叽治愈紧身衣
18549	Marid Leather Gloves of Healing	魔象革治愈手套
18550	Serge Hose of Healing	哔叽治愈骑兵裤
18551	Marid Leather Boots of Healing	魔象革治愈法靴
18553	Serge Hat of Casting	哔叽咏咒宽边帽
18554	Serge Gambison of Casting	哔叽咏咒紧身衣
18555	Marid Leather Gloves of Casting	魔象革咏咒手套
18556	Serge Hose of Casting	哔叽咏咒骑兵裤
18557	Marid Leather Boots of Casting	魔象革咏咒法靴
18559	Azurite Earrings of Fending	石青御敌耳坠
18560	Azurite Earrings of Slaying	石青强攻耳坠
18561	Azurite Earrings of Aiming	石青精准耳坠
18562	Azurite Earrings of Healing	石青治愈耳坠
18563	Azurite Earrings of Casting	石青咏咒耳坠
18564	Azurite Choker of Fending	石青御敌项环
18565	Azurite Choker of Slaying	石青强攻项环
18566	Azurite Choker of Aiming	石青精准项环
18567	Azurite Choker of Healing	石青治愈项环
18568	Azurite Choker of Casting	石青咏咒项环
18569	Azurite Bracelet of Fending	石青御敌手镯
18570	Azurite Bracelet of Slaying	石青强攻手镯
18571	Azurite Bracelet of Aiming	石青精准手镯
18572	Azurite Bracelet of Healing	石青治愈手镯
18573	Azurite Bracelet of Casting	石青咏咒手镯
18574	Azurite Ring of Fending	石青御敌指环
18575	Azurite Ring of Slaying	石青强攻指环
18576	Azurite Ring of Aiming	石青精准指环
18577	Azurite Ring of Healing	石青治愈指环
18578	Azurite Ring of Casting	石青咏咒指环
18657	Molybdenum Longsword	钼钢长剑
18658	Molybdenum Knuckles	钼钢指虎
18659	Molybdenum War Axe	钼钢战斧
18660	Molybdenum Trident	钼钢三尖枪
18661	Zelkova Longbow	榉木长弓
18662	Molybdenum Daggers	钼钢小刀
18663	Molybdenum Longblade	钼钢巨刃
18664	Molybdenum Rimfire	钼钢火弹
18665	Zelkova Cane	榉木牧杖
18666	Palladium Rod	钯金法杖
18667	Gazelleskin Grimoire	瞪羚革魔导书
18668	Gazelleskin Codex	瞪羚革魔导典
18669	Palladium Planisphere	钯金天星盘
18670	Molybdenum Uchigatana	钼钢打刀
18671	Palladium Tuck	钯金穿甲剑
18672	Molybdenum Kite Shield	钼钢鸢盾
18673	Molybdenum Headgear of Fending	钼钢御敌头甲
18674	Gazelleskin Coat of Fending	瞪羚革御敌外套
18675	Gazelleskin Bracers of Fending	瞪羚革御敌手套
18676	Twinsilk Slops of Fending	玉绸御敌长裤
18677	Molybdenum Greaves of Fending	钼钢御敌胫甲
18679	Molybdenum Headgear of Maiming	钼钢制敌头甲
18680	Gazelleskin Corselet of Maiming	瞪羚革制敌护甲
18681	Molybdenum Armguards of Maiming	钼钢制敌护臂
18682	Gazelleskin Brais of Maiming	瞪羚革制敌衬裤
18683	Gazelleskin Open-toed Boots of Maiming	瞪羚革制敌露趾长靴
18685	Twinsilk Hood of Striking	玉绸强袭兜帽
18686	Gazelleskin Corselet of Striking	瞪羚革强袭护甲
18687	Molybdenum Armguards of Striking	钼钢强袭护臂
18688	Gazelleskin Brais of Striking	瞪羚革强袭衬裤
18689	Gazelleskin Open-toed Boots of Striking	瞪羚革强袭露趾长靴
18691	Twinsilk Turban of Aiming	玉绸精准包头巾
18692	Twinsilk Robe of Aiming	玉绸精准长袍
18693	Gazelleskin Armguards of Aiming	瞪羚革精准护臂
18694	Twinsilk Slops of Aiming	玉绸精准长裤
18695	Gazelleskin Boots of Aiming	瞪羚革精准筒靴
18697	Twinsilk Turban of Scouting	玉绸游击包头巾
18698	Gazelleskin Corselet of Scouting	瞪羚革游击护甲
18699	Molybdenum Armguards of Scouting	钼钢游击护臂
18700	Gazelleskin Brais of Scouting	瞪羚革游击衬裤
18701	Gazelleskin Open-toed Boots of Scouting	瞪羚革游击露趾长靴
18703	Twinsilk Hood of Healing	玉绸治愈兜帽
18704	Gazelleskin Coat of Healing	瞪羚革治愈长衣
18705	Gazelleskin Bracers of Healing	瞪羚革治愈手套
18706	Twinsilk Slops of Healing	玉绸治愈长裤
18707	Gazelleskin Boots of Healing	瞪羚革治愈法靴
18709	Twinsilk Hood of Casting	玉绸咏咒兜帽
18710	Twinsilk Coat of Casting	玉绸咏咒长袍
18711	Gazelleskin Armguards of Casting	瞪羚革咏咒护臂
18712	Twinsilk Slops of Casting	玉绸咏咒长裤
18713	Gazelleskin Boots of Casting	瞪羚革咏咒法靴
18715	Molybdenum Earring of Fending	钼钢御敌耳坠
18716	Molybdenum Earring of Slaying	钼钢强攻耳坠
18717	Molybdenum Earring of Aiming	钼钢精准耳坠
18718	Molybdenum Earring of Healing	钼钢治愈耳坠
18719	Molybdenum Earring of Casting	钼钢咏咒耳坠
18720	Palladium Choker of Fending	钯金御敌项环
18721	Palladium Choker of Slaying	钯金强攻项环
18722	Palladium Choker of Aiming	钯金精准项环
18723	Palladium Choker of Healing	钯金治愈项环
18724	Palladium Choker of Casting	钯金咏咒项环
18725	Palladium Bracelet of Fending	钯金御敌手环
18726	Palladium Bracelet of Slaying	钯金强攻手环
18727	Palladium Bracelet of Aiming	钯金精准手环
18728	Palladium Bracelet of Healing	钯金治愈手环
18729	Palladium Bracelet of Casting	钯金咏咒手环
18730	Palladium Ring of Fending	钯金御敌盔甲戒指
18731	Palladium Ring of Slaying	钯金强攻盔甲戒指
18732	Palladium Ring of Aiming	钯金精准盔甲戒指
18733	Palladium Ring of Healing	钯金治愈盔甲戒指
18734	Palladium Ring of Casting	钯金咏咒盔甲戒指
18949	Imperial Jade Earrings of Fending	琅玕御敌耳坠
18950	Imperial Jade Earrings of Slaying	琅玕强攻耳坠
18951	Imperial Jade Earrings of Aiming	琅玕精准耳坠
18952	Imperial Jade Earrings of Healing	琅玕治愈耳坠
18953	Imperial Jade Earrings of Casting	琅玕咏咒耳坠
18954	Imperial Jade Necklace of Fending	琅玕御敌项环
18955	Imperial Jade Necklace of Slaying	琅玕强攻项环
18956	Imperial Jade Necklace of Aiming	琅玕精准项环
18957	Imperial Jade Necklace of Healing	琅玕治愈项环
18958	Imperial Jade Necklace of Casting	琅玕咏咒项环
18959	Imperial Jade Armillae of Fending	琅玕御敌腕环
18960	Imperial Jade Armillae of Slaying	琅玕强攻腕环
18961	Imperial Jade Armillae of Aiming	琅玕精准腕环
18962	Imperial Jade Armillae of Healing	琅玕治愈腕环
18963	Imperial Jade Armillae of Casting	琅玕咏咒腕环
18964	Imperial Jade Ring of Fending	琅玕御敌指环
18965	Imperial Jade Ring of Slaying	琅玕强攻指环
18966	Imperial Jade Ring of Aiming	琅玕精准指环
18967	Imperial Jade Ring of Healing	琅玕治愈指环
18968	Imperial Jade Ring of Casting	琅玕咏咒指环
18969	Chromite Sword	铬铁长剑
18970	Chromite Knuckles	铬铁拳套
18971	Chromite Axe	铬铁战斧
18972	Chromite Spear	铬铁长枪
18973	Torreya Longbow	榧木长弓
18974	Chromite Daggers	铬铁小刀
18975	Chromite Greatsword	铬铁巨剑
18976	Chromite Arquebus	铬铁火枪
18977	Torreya Cane	榧木牧杖
18978	Palladium Staff	钯金长杖
18979	Grimoire of the True Griffin	真狮鹫革魔导书
18980	Codex of the True Griffin	真狮鹫革魔导典
18981	Palladium Orrery	钯金太阳仪
18982	Chromite Uchigatana	铬铁打刀
18983	Palladium Rapier	钯金刺剑
18984	Chromite Shield	铬铁盾
18985	Chromite Helm of Fending	铬铁御敌头盔
18986	Chromite Armor of Fending	铬铁御敌战甲
18987	Chromite Gauntlets of Fending	铬铁御敌手铠
18988	True Griffin Breeches of Fending	真狮鹫革御敌马裤
18989	Chromite Sabatons of Fending	铬铁御敌铠靴
18991	Palladium Circlet of Maiming	钯金制敌头冠
18992	Chromite Mail of Maiming	铬铁制敌战铠
18993	Chromite Gauntlets of Maiming	铬铁制敌手铠
18994	True Griffin Breeches of Maiming	真狮鹫革制敌马裤
18995	Chromite Greaves of Maiming	铬铁制敌胫甲
18997	Palladium Circlet of Striking	钯金强袭头冠
18998	True Griffin Chestpiece of Striking	真狮鹫革强袭胸衣
18999	True Griffin Bracers of Striking	真狮鹫革强袭手套
19000	Indigo Ramie Sarouel of Striking	纻布强袭垮裤
19001	True Griffin Caligae of Striking	真狮鹫革强袭战靴
19003	True Griffin Hat of Aiming	真狮鹫革精准狩猎帽
19004	Indigo Ramie Tabard of Aiming	纻布精准罩衣
19005	True Griffin Bracers of Aiming	真狮鹫革精准手套
19006	True Griffin Breeches of Aiming	真狮鹫革精准马裤
19007	True Griffin Boots of Aiming	真狮鹫革精准筒靴
19009	Palladium Circlet of Scouting	钯金游击头冠
19010	True Griffin Chestpiece of Scouting	真狮鹫革游击胸衣
19011	True Griffin Bracers of Scouting	真狮鹫革游击手套
19012	Indigo Ramie Sarouel of Scouting	纻布游击垮裤
19013	True Griffin Caligae of Scouting	真狮鹫革游击战靴
19015	True Griffin Hat of Healing	真狮鹫革治愈宽边帽
19016	Indigo Ramie Robe of Healing	纻布治愈长袍
19017	True Griffin Gloves of Healing	真狮鹫革治愈手套
19018	Indigo Ramie Skirt of Healing	纻布治愈长裙
19019	True Griffin Sandals of Healing	真狮鹫革治愈凉鞋
19021	True Griffin Hat of Casting	真狮鹫革咏咒宽边帽
19022	Indigo Ramie Robe of Casting	纻布咏咒长袍
19023	True Griffin Gloves of Casting	真狮鹫革咏咒手套
19024	Indigo Ramie Skirt of Casting	纻布咏咒长裙
19025	True Griffin Sandals of Casting	真狮鹫革咏咒凉鞋
19027	Palladium Earring of Fending	钯金御敌耳坠
19028	Palladium Earring of Slaying	钯金强攻耳坠
19029	Palladium Earring of Aiming	钯金精准耳坠
19030	Palladium Earring of Healing	钯金治愈耳坠
19031	Palladium Earring of Casting	钯金咏咒耳坠
19032	Torreya Choker of Fending	榧木御敌项环
19033	Torreya Choker of Slaying	榧木强攻项环
19034	Torreya Choker of Aiming	榧木精准项环
19035	Torreya Choker of Healing	榧木治愈项环
19036	Torreya Choker of Casting	榧木咏咒项环
19037	Torreya Bracelet of Fending	榧木御敌手镯
19038	Torreya Bracelet of Slaying	榧木强攻手镯
19039	Torreya Bracelet of Aiming	榧木精准手镯
19040	Torreya Bracelet of Healing	榧木治愈手镯
19041	Torreya Bracelet of Casting	榧木咏咒手镯
19042	Palladium Band of Fending	钯金御敌指环
19043	Palladium Band of Slaying	钯金强攻指环
19044	Palladium Band of Aiming	钯金精准指环
19045	Palladium Band of Healing	钯金治愈指环
19046	Palladium Band of Casting	钯金咏咒指环
19506	High Steel Saw	硬钢手锯
19507	High Steel Cross-pein Hammer	硬钢横头锤
19508	High Steel Doming Hammer	硬钢铸甲锤
19509	Koppranickel Ornamental Hammer	白铜雕金锤
19510	High Steel Head Knife	硬钢裁皮刀
19511	Bombfish Needle	刺球缝针
19512	High Steel Thermal Alembic	硬钢蒸馏器
19513	High Steel Bomb Frypan	硬钢煎锅
19514	High Steel Dolabra	硬钢鹤嘴镐
19515	High Steel Hatchet	硬钢手斧
19516	Muudhorn Fishing Rod	姆德斯德角钓竿
19517	High Steel Claw Hammer	硬钢羊角锤
19518	High Steel File	硬钢锉刀
19519	High Steel Pliers	硬钢手钳
19520	Stiperstone Grinding Wheel	硅岩砂轮机
19521	High Steel Awl	硬钢平斩
19522	Larch Spinning Wheel	落叶松纺车
19523	High Steel Mortar	硬钢研钵
19524	High Steel Culinary Knife	硬钢厨刀
19525	High Steel Sledgehammer	硬钢碎石锤
19526	High Steel Scythe	硬钢镰刀
19527	Doman Iron Halfheart Saw	卸铁圆手锯
19528	Doman Iron Lump Hammer	卸铁锻铁锤
19529	Doman Iron Raising Hammer	卸铁圆头锤
19530	Durium Texture Hammer	翠银雕金锤
19531	Doman Iron Head Knife	卸铁裁皮刀
19532	Dzo Horn Needle	牛角缝针
19533	Doman Iron Alembic	卸铁蒸馏器
19534	Doman Iron Frypan	卸铁煎锅
19535	Doman Iron Pickaxe	卸铁鹤嘴锄
19536	Doman Iron Hatchet	卸铁手斧
19537	Pine Fishing Rod	松木钓竿
19538	Doman Iron Claw Hammer	卸铁羊角锤
19539	Doman Iron File	卸铁锉刀
19540	Doman Iron Pliers	卸铁手钳
19541	Slate Grinding Wheel	板岩砂轮机
19542	Doman Iron Awl	卸铁平斩
19543	Pine Spinning Wheel	松木纺车
19544	Doman Iron Mortar	卸铁研钵
19545	Doman Iron Culinary Knife	卸铁厨刀
19546	Doman Iron Sledgehammer	卸铁碎石锤
19547	Doman Iron Scythe	卸铁镰刀
19548	Doman Steel Saw	玉钢手锯
19549	Doman Steel Cross-pein Hammer	玉钢横头锤
19550	Doman Steel Raising Hammer	玉钢圆头锤
19551	Durium Lapidary Hammer	翠银工艺锤
19552	Doman Steel Round Knife	玉钢圆革刀
19553	Gazelle Horn Needle	瞪羚角缝针
19554	Doman Steel Alembic	玉钢蒸馏器
19555	Doman Steel Frypan Caliente	玉钢煎锅
19556	Plumed Doman Steel Pickaxe	玉钢鹤嘴锄
19557	Doman Steel Hatchet	玉钢手斧
19558	Gazelle Horn Fishing Rod	瞪羚角钓竿
19559	Doman Steel Claw Hammer	玉钢羊角锤
19560	Doman Steel File	玉钢锉刀
19561	Doman Steel Pliers	玉钢手钳
19562	Polished Slate Grinding Wheel	翠银砂轮机
19563	Doman Steel Awl	玉钢平斩
19564	Persimmon Spinning Wheel	柿木纺车
19565	Doman Steel Mortar	玉钢研钵
19566	Doman Steel Culinary Knife	玉钢厨刀
19567	Doman Steel Sledgehammer	玉钢碎石锤
19568	Doman Steel Scythe	玉钢镰刀
19569	Molybdenum Halfheart Saw	钼钢圆手锯
19570	Molybdenum Lump Hammer	钼钢锻铁锤
19571	Molybdenum Ball-pein Hammer	钼钢球顶锤
19572	Palladium Texture Hammer	钯金雕金锤
19573	Molybdenum Creasing Knife	钼钢制革刀
19574	Palladium Needle	钯金缝针
19575	Molybdenum Alembic	钼钢蒸馏器
19576	Molybdenum Frypan	钼钢煎锅
19577	Molybdenum Pickaxe	钼钢鹤嘴锄
19578	Molybdenum Hatchet	钼钢手斧
19579	Zelkova Fishing Rod	榉木钓竿
19580	Molybdenum Claw Hammer	钼钢羊角锤
19581	Molybdenum File	钼钢锉刀
19582	Molybdenum Pliers	钼钢手钳
19583	Almandine Grinding Wheel	贵榴石砂轮机
19584	Molybdenum Awl	钼钢平斩
19585	Zelkova Spinning Wheel	榉木纺车
19586	Molybdenum Mortar	钼钢研钵
19587	Molybdenum Culinary Knife	钼钢厨刀
19588	Molybdenum Sledgehammer	钼钢碎石锤
19589	Molybdenum Scythe	钼钢镰刀
19601	Ala Mhigan Saw	阿拉米格手锯
19602	Ala Mhigan Cross-pein Hammer	阿拉米格横头锤
19603	Ala Mhigan Raising Hammer	阿拉米格圆头锤
19604	Ala Mhigan Lapidary Hammer	阿拉米格工艺锤
19605	Ala Mhigan Round Knife	阿拉米格圆革刀
19606	Ala Mhigan Needle	阿拉米格缝针
19607	Ala Mhigan Alembic	阿拉米格蒸馏器
19608	Ala Mhigan Frypan	阿拉米格煎锅
19609	Ala Mhigan Pickaxe	阿拉米格鹤嘴锄
19610	Ala Mhigan Hatchet	阿拉米格手斧
19611	Ala Mhigan Fishing Rod	阿拉米格钓竿
19612	Bloodhempen Turban of Crafting	赤麻巧匠包头巾
19613	Bloodhempen Doublet of Crafting	赤麻巧匠工作服
19614	Gaganaskin Halfgloves	迦迦纳怪鸟革半指手套
19615	Bloodhempen Skirt	赤麻短裙
19616	Gaganaskin Shoes	迦迦纳怪鸟革皮靴
19617	Gaganaskin Bush Hat	迦迦纳怪鸟革翻边帽
19618	Gaganaskin Vest	迦迦纳怪鸟革坎肩
19619	Gaganaskin Gloves	迦迦纳怪鸟革手套
19620	Bloodhempen Trousers of Gathering	赤麻大地软甲裤
19621	Gaganaskin Fringe Boots	迦迦纳怪鸟革流苏靴
19622	Ruby Cotton Cap	红玉棉布无檐帽
19623	Ruby Cotton Coatee	红玉棉布短上衣
19624	Gyuki Leather Gloves of Crafting	牛鬼革巧匠手套
19625	Ruby Cotton Bottoms	红玉棉布打底裤
19626	Gyuki Leather Shoes	牛鬼革皮靴
19627	Gyuki Leather Hat	牛鬼革宽边帽
19628	Gyuki Leather Jacket	牛鬼革短衣
19629	Gyuki Leather Gloves of Gathering	牛鬼革大地手套
19630	Gyuki Leather Chaps	牛鬼革皮套裤
19631	Gyuki Leather Boots of Gathering	牛鬼革大地筒靴
19632	Kudzu Cap of Crafting	葛布巧匠无檐帽
19633	Kudzu Robe of Crafting	葛布巧匠长袍
19634	Durium Chaplets	翠银手甲
19635	Kudzu Culottes of Crafting	葛布巧匠及膝裤
19636	Tigerskin Boots of Crafting	猛虎革巧匠筒靴
19637	Tigerskin Cap of Gathering	猛虎革大地无檐帽
19638	Kudzu Coat of Gathering	葛布大地外套
19639	Tigerskin Fingerless Gloves of Gathering	猛虎革大地半指护手
19640	Kudzu Culottes of Gathering	葛布大地及膝裤
19641	Tigerskin Boots of Gathering	猛虎革大地筒靴
19642	Serge Turban of Crafting	哔叽巧匠包头巾
19643	Marid Leather Bolero of Crafting	魔象革巧匠短外套
19644	Marid Leather Gloves of Crafting	魔象革巧匠手套
19645	Serge Sarouel of Crafting	哔叽巧匠垮裤
19646	Marid Leather Babouches of Crafting	魔象革巧匠尖头鞋
19647	Serge Turban of Gathering	哔叽大地包头巾
19648	Marid Leather Bolero of Gathering	魔象革大地短外套
19649	Marid Leather Gloves of Gathering	魔象革大地手套
19650	Serge Sarouel of Gathering	哔叽大地垮裤
19651	Marid Leather Babouches of Gathering	魔象革大地尖头鞋
19652	Serge Knit Cap	哔叽针织帽
19653	Twinsilk Suspenders	玉绸背带衬衫
19654	Gazelleskin Gloves of Crafting	瞪羚革巧匠手套
19655	Cropped Twinsilk Slops	玉绸七分裤
19656	Gazelleskin Shoes	瞪羚革皮靴
19657	Serge Hood	哔叽兜帽
19658	Serge Poncho	哔叽斗篷
19659	Serge Work Gloves	哔叽工作手套
19660	Twinsilk Slops of Gathering	玉绸大地长裤
19661	Fur-lined Gazelleskin Boots	瞪羚革毛边靴
19717	Ala Mhigan Turban of Crafting	阿拉米格巧匠包头巾
19718	Ala Mhigan Doublet of Crafting	阿拉米格巧匠工作坎肩
19719	Ala Mhigan Gloves of Crafting	阿拉米格巧匠手套
19720	Ala Mhigan Bottoms of Crafting	阿拉米格巧匠打底裤
19721	Ala Mhigan Shoes of Crafting	阿拉米格巧匠皮鞋
19722	Ala Mhigan Turban of Gathering	阿拉米格大地包头巾
19723	Ala Mhigan Coat of Gathering	阿拉米格大地外套
19724	Ala Mhigan Gloves of Gathering	阿拉米格大地手套
19725	Ala Mhigan Bottoms of Gathering	阿拉米格大地打底裤
19726	Ala Mhigan Shoes of Gathering	阿拉米格大地皮鞋
19728	Larch Earrings	落叶松耳坠
19729	Larch Necklace	落叶松项链
19730	Larch Bracelets	落叶松手链
19731	Larch Ring	落叶松戒指
19733	Gyuki Leather Earrings	牛鬼革耳坠
19734	Gyuki Leather Choker	牛鬼革项环
19735	Gyuki Leather Wristband	牛鬼革手环
19736	Gyuki Leather Ring	牛鬼革指环
19738	Persimmon Earrings	柿木耳坠
19739	Persimmon Necklace	柿木项链
19740	Persimmon Bracelets	柿木手链
19741	Persimmon Ring	柿木戒指
19743	Marid Leather Earrings	魔象革耳坠
19744	Marid Leather Choker	魔象革项环
19745	Marid Leather Wristband	魔象革手环
19746	Marid Leather Ring	魔象革指环
19748	Zelkova Earrings	榉木耳坠
19749	Zelkova Necklace	榉木项链
19750	Zelkova Bracelets	榉木手链
19751	Zelkova Ring	榉木戒指
19753	Gazelleskin Earrings	瞪羚革耳坠
19754	Gazelleskin Choker	瞪羚革项环
19755	Gazelleskin Wristband	瞪羚革手环
19756	Gazelleskin Ring	瞪羚革指环
19807	Doman Tea	多玛茶
19808	Loquat Juice	枇杷果饮
19809	Buckwheat Tea	荞麦茶
19810	Steppe Tea	草原奶茶
19811	Baklava	果仁蜜饼
19812	Jellied Compote	糖煮水果果冻
19813	Persimmon Pudding	柿子布丁
19814	Chirashi-zushi	散寿司
19815	Persimmon Leaf Sushi	柿叶寿司
19816	Popoto Soba	山芋泥荞麦面
19817	Shorlog	牛肉串
19818	Pork Kakuni	炖猪肉
19819	Jerked Jhammel	长颈骆肉干
19820	Egg Foo Young	芙蓉蟹
19821	Onigara-yaki	鬼壳烧
19822	Grilled Turban	烤海螺
19823	Boiled Amberjack Head	炖黄尾鰤鱼头
19824	Steamed Grouper	清蒸赤点石斑鱼
19825	Sweet and Sour Frogs' Legs	浇汁菜蛙
19826	Tempura Platter	天妇罗拼盘
19827	Stewed River Bream	炖河鲷
19828	Charred Charr	盐烤石楠嘉鱼
19829	Miso Dengaku	味噌田乐
19830	Jhammel Moussaka	长颈骆焗菜
19831	Gameni	煮杂菜
19832	Steppe Salad	根菜沙拉
19833	Crab Croquette	油炸蟹肉饼
19834	Miso Soup with Tofu	豆腐味噌汁
19835	Fish Stew	鱼汁
19836	Pork Stew	猪肉酱汤
19837	Warrior's Stew	暮晖牛肉汤
19838	Kasha	荞麦糊
19839	Nomad Meat Pie	游牧民风味肉饼
19841	Gyr Abanian Flour	高原小麦粉
19842	Firm Tofu	木棉豆腐
19843	Rice Vinegar	米醋
19844	Beet Sugar	甜菜糖
19846	Cottonseed Oil	棉籽油
19848	Algae Salt	海藻盐
19882	Competent Craftsman's Tea	名匠药茶
19883	Commanding Craftsman's Tea	巨匠药茶
19884	Cunning Craftsman's Tea	魔匠药茶
19885	Potent Spiritbond Potion	强精炼药
19886	Infusion of Strength	刚力之药汤
19887	Infusion of Dexterity	巧力之药汤
19888	Infusion of Vitality	耐力之药汤
19889	Infusion of Intelligence	智力之药汤
19890	Infusion of Mind	意力之药汤
19891	Grade 1 Reisui of Strength	1级刚力之灵水
19892	Grade 1 Reisui of Dexterity	1级巧力之灵水
19893	Grade 1 Reisui of Vitality	1级耐力之灵水
19894	Grade 1 Reisui of Intelligence	1级智力之灵水
19895	Grade 1 Reisui of Mind	1级意力之灵水
19896	Grade 2 Reisui of Strength	2级刚力之灵水
19897	Grade 2 Reisui of Dexterity	2级巧力之灵水
19898	Grade 2 Reisui of Vitality	2级耐力之灵水
19899	Grade 2 Reisui of Intelligence	2级智力之灵水
19900	Grade 2 Reisui of Mind	2级意力之灵水
19901	Enchanted Koppranickel Ink	白铜附魔墨水
19902	Enchanted Durium Ink	翠银附魔墨水
19903	Enchanted Palladium Ink	钯金附魔墨水
19904	Growth Formula Eta	植物成长剂7型
19905	Growth Formula Theta	植物成长剂8型
19906	Beetle Glue	甲胶
19909	Persimmon Tannin	柿漆
19925	Beech Lumber	山毛榉木材
19926	Larch Lumber	落叶松木材
19927	Persimmon Lumber	柿木木材
19928	Zelkova Lumber	榉木木材
19929	Torreya Lumber	榧木木材
19938	Koppranickel Nugget	白铜块
19939	High Steel Nugget	硬钢块
19940	Koppranickel Ingot	白铜锭
19941	High Steel Ingot	硬钢锭
19942	Durium Nugget	翠银块
19943	Oroshigane Ingot	卸铁锭
19944	Durium Ingot	翠银锭
19945	Tama-hagane Ingot	玉钢锭
19946	Palladium Nugget	钯金块
19947	Molybdenum Ingot	钼钢锭
19948	Palladium Ingot	钯金锭
19949	Chromite Ingot	铬铁锭
19962	Triphane	锂辉石
19963	Kyanite	蓝晶石
19964	Star Spinel	星尖石
19965	Azurite	石青
19966	Imperial Jade	琅玕
19967	Rhodonite	蔷薇辉石
19974	Bloodhempen Cloth	赤麻布
19975	Bloodhempen Yarn	赤麻线
19977	Ruby Cotton Cloth	红玉棉布
19978	Ruby Cotton Yarn	红玉棉线
19980	Kudzu Cloth	葛布
19981	Kudzu Thread	葛线
19983	Steppe Serge	草原哔叽
19984	Worsted Yarn	精纺毛纱
19987	Twinsilk	玉绸
19988	Twinthread	玉丝
19990	Rhea Cloth	纻布
19993	Gagana Leather	迦迦纳怪鸟革
19994	Gyuki Leather	牛鬼革
19995	Tiger Leather	猛虎革
19996	Marid Leather	魔象革
19997	Gazelle Leather	瞪羚革
19998	True Griffin Leather	真狮鹫革
20008	Slate Whetstone	板岩磨刀石
20261	Red Daisy Corsage	红色雏菊头花
20262	Blue Daisy Corsage	蓝色雏菊头花
20263	Yellow Daisy Corsage	黄色雏菊头花
20264	Green Daisy Corsage	绿色雏菊头花
20265	Orange Daisy Corsage	橙色雏菊头花
20266	Purple Daisy Corsage	紫色雏菊头花
20267	White Daisy Corsage	白色雏菊头花
20268	Black Daisy Corsage	黑色雏菊头花
20269	Rainbow Daisy Corsage	混色雏菊头花
20310	Imitation Square Window	仿制方窗
20358	Inferno Katana	狱火打刀
20359	Inferno Rapier	狱火刺剑
20362	Blood of the Vortex	旋风神血
20363	Honor of the Vortex	旋风神傲
20366	Tremor Katana	厚土打刀
20367	Tremor Foil	厚土花剑
20370	Maliferous Moggle Mogtana	贤王莫古打刀
20371	Manipulative Moggle Mogfoil	贤王莫古刺剑
20378	Mighty Thunderstroke	惊雷震霆
20379	Mighty Thunderstone	惊雷电掣
20388	Mythrite Uchigatana	灵银打刀
20389	Mythrite Rapier	灵银刺剑
20390	Mythrite Tachi	灵银太刀
20391	Mythrite Foil	灵银花剑
20392	Titanium Uchigatana	硬银打刀
20393	Hardsilver Rapier	硬银刺剑
20394	Titanium Tachi	硬银太刀
20395	Hardsilver Foil	硬银花剑
20396	Adamantite Uchigatana	精金打刀
20397	Aurum Regis Rapier	皇金刺剑
20428	Endless Expanse Katana	无尽云神刀
20429	Endless Expanse Rapier	无尽云神刺剑
20432	Dead Hive Katana	偃武太刀
20433	Dead Hive Rapier	偃武刺剑
20436	Katana of the Round	圆桌之太刀
20437	Rapier of the Round	圆桌之刺剑
20440	Katana of the Fiend	生命之太刀
20441	Rapier of the Fiend	生命之刺剑
20470	Taoist's Cap	道士冠巾
20471	Taoist's Shirt	道士袍服
20472	Taoist's Gloves	道士手套
20473	Taoist's Slops	道士长裤
20474	Taoist's Shoes	道士云履
20475	Non La	斗笠
20476	Ao Dai	奥黛
20477	Quan	阔腿裤
20478	Guoc	木凉鞋
20539	Wind-up Chimera	迷你奇美拉
20545	Wind-up Susano	须佐之男之形
20546	Wind-up Lakshmi	吉祥天女之形
20547	Wind-up Bismarck	俾斯麦之形
20558	Reveler's Barding	须佐之男装甲
20560	Blissful Barding	吉祥天女装甲
20680	Hingan Cottage Roof (Mokuzo)	木制东洋小屋房顶
20681	Hingan Cottage Roof (Nanpu)	混合制东洋小屋房顶
20682	Hingan Cottage Roof (Kura-zukuri)	石制东洋小屋房顶
20683	Hingan House Roof (Mokuzo)	木制东洋公馆房顶
20684	Hingan House Roof (Nanpu)	混合制东洋公馆房顶
20685	Hingan House Roof (Kura-zukuri)	石制东洋公馆房顶
20686	Hingan Mansion Roof (Mokuzo)	木制东洋别墅房顶
20687	Hingan Mansion Roof (Nanpu)	混合制东洋别墅房顶
20688	Hingan Mansion Roof (Kura-zukuri)	石制东洋别墅房顶
20689	Hingan Cottage Wall (Mokuzo)	木制东洋小屋外墙
20690	Hingan Cottage Wall (Nanpu)	混合制东洋小屋外墙
20691	Hingan Cottage Wall (Kura-zukuri)	石制东洋小屋外墙
20692	Hingan House Wall (Mokuzo)	木制东洋公馆外墙
20693	Hingan House Wall (Nanpu)	混合制东洋公馆外墙
20694	Hingan House Wall (Kura-zukuri)	石制东洋公馆外墙
20695	Hingan Mansion Wall (Mokuzo)	木制东洋别墅外墙
20696	Hingan Mansion Wall (Nanpu)	混合制东洋别墅外墙
20697	Hingan Mansion Wall (Kura-zukuri)	石制东洋别墅外墙
20698	Hingan Oblong Window	东洋方窗
20699	Hingan Lancet Window	东洋格窗
20700	Hingan Squinch Window	东洋拱窗
20701	Hingan Door (Mokuzo)	东洋雕花门
20702	Hingan Door (Nanpu)	东洋镶金门
20703	Hingan Door (Kura-zukuri)	东洋描花门
20704	Hingan Watchtower (Mokuzo)	东洋木制烟囱
20705	Hingan Watchtower (Nanpu)	东洋朱漆烟囱
20706	Hingan Chimney (Kura-zukuri)	东洋石制烟囱
20707	Hingan Awning (Mokuzo)	东洋木制遮蓬
20708	Hingan Awning (Nanpu)	东洋朱漆遮蓬
20709	Hingan Awning (Kura-zukuri)	东洋石制遮蓬
20710	Hingan Placard (Mokuzo)	东洋木制门牌
20711	Hingan Placard (Nanpu)	东洋镶金门牌
20712	Hingan Placard (Kura-zukuri)	东洋古典门牌
20713	Hingan Fence (Mokuzo)	东洋纹饰围墙
20714	Hingan Fence (Nanpu)	东洋镶金围墙
20715	Hingan Fence (Kura-zukuri)	东洋石制围墙
20716	Hingan Interior Wall	东洋内墙
20718	Hingan Flooring	东洋地板
20720	Hingan Hanging Bonbori Lamp	东洋吊顶雪洞灯
20721	Hingan Hanging Andon Lamp	东洋吊顶行灯
20722	Hingan Hanging Toro Lamp	东洋吊顶灯笼
20729	Hingan Chair	东洋座椅
20730	Hingan Sofa	东洋长椅
20731	Hingan Bed	东洋睡床
20734	Hingan Bookshelf	东洋书柜
20735	Hingan Cupboard	东洋橱柜
20736	Hingan Open-shelf Bookcase	东洋开架书柜
20737	Hingan Oven	东洋烹饪台
20738	Hingan Fire Pit	东洋地炉
20739	Paper Partition	纸窗屏风
20740	Bamboo Planter	翠竹盆栽
20742	Hingan Chochin Lantern	手持提灯
20745	Kimono Hanger	衣架
20746	Crimson Coral Object	红珊瑚摆件
20747	Kotetsu Replica	虎彻仿制品
20748	Hingan Armor Display	现代铠甲
20752	Fool's Portal	仿制圆窗
20753	Imitation Stained Crystal Ornament	仿制彩绘玻璃窗
20754	Shinryu's Wing	神龙之翼
20775	Gyr Abanian Souvenir	基拉巴尼亚的特产
20776	Far Eastern Antique	东方风格的收藏品
20777	Gold Saucer Consolation Prize	金碟游乐场的纪念品
20778	M Tribe Sundries	梅氏一族的日用品
20779	Resistance Materiel	解放军的军需品
20805	Red Brightlily Corsage	红色光明百合头花
20806	Blue Brightlily Corsage	蓝色光明百合头花
20807	Yellow Brightlily Corsage	黄色光明百合头花
20808	Green Brightlily Corsage	绿色光明百合头花
20809	Orange Brightlily Corsage	橙色光明百合头花
20810	Purple Brightlily Corsage	紫色光明百合头花
20811	White Brightlily Corsage	白色光明百合头花
20812	Black Brightlily Corsage	黑色光明百合头花
20813	Rainbow Brightlily Corsage	混色光明百合头花
21042	Shinryu Barding	神龙装甲
21052	Flying Chair	飞行座椅
21057	Wind-up Ravana	罗波那之形
21065	Wind-up Shinryu	神龙玩偶
21083	Ala Mhigan Burdet	阿拉米格纤维
21084	Snailfish Oil	狮子鱼油
21087	Sermon-worthy Meuniere	王室鲑鱼排
21088	Chawan-mushi	蒸蛋羹
21091	Gyr Abanian Souvenir Component	基拉巴尼亚的特产部件
21092	Far Eastern Antique Component	东方风格的收藏品部件
21093	Gold Saucer Consolation Prize Component	金碟游乐场的纪念品部件
21094	M Tribe Sundry Component	梅氏一族的日用品部件
21095	Resistance Materiel Component	解放军的军需品部件
21202	Thavnairian Wool Autumn Shirt	萨维奈秋意衬衫
21203	Thavnairian Wool Autumn Dress	萨维奈秋意礼服
21204	Hannish Wool Autumn Shirt	拉札罕秋意衬衫
21289	The Worm's Head Orchestrion Roll	管弦乐琴乐谱：神龙见首
21290	The Worm's Tail Orchestrion Roll	管弦乐琴乐谱：神龙见尾
21695	Nightsteel Sword	夜钢长剑
21696	Nightsteel Claws	夜钢爪
21697	Nightsteel Battleaxe	夜钢战斧
21698	Black Willow Spear	黑柳长枪
21699	Black Willow Greatbow	黑柳大弓
21700	Nightsteel Daggers	夜钢短刀
21701	Nightsteel Greatsword	夜钢巨剑
21702	Nightsteel Blunderbuss	夜钢雷火炮
21703	Black Willow Cane	黑柳牧杖
21704	Silvergrace Rod	清银法杖
21705	Silvergrace Grimoire	清银魔导书
21706	Silvergrace Codex	清银魔导典
21707	Silvergrace Planisphere	清银天星盘
21708	Nightsteel Katana	夜钢刀
21709	Silvergrace Rapier	清银刺剑
21710	Nightsteel Shield	夜钢盾
21711	Nightsteel Helm of Fending	夜钢御敌头盔
21712	Nightsteel Armor of Fending	夜钢御敌战甲
21713	Nightsteel Gauntlets of Fending	夜钢御敌手铠
21714	True Linen Skirt of Fending	真麻御敌长裙
21715	Nightsteel Sabatons of Fending	夜钢御敌铠靴
21717	Nightsteel Helm of Maiming	夜钢制敌头盔
21718	Nightsteel Mail of Maiming	夜钢制敌战铠
21719	Nightsteel Gauntlets of Maiming	夜钢制敌手铠
21720	True Linen Breeches of Maiming	真麻制敌马裤
21721	Nightsteel Greaves of Maiming	夜钢制敌胫甲
21723	Silvergrace Halfmask of Striking	清银强袭假面
21724	True Linen Coat of Striking	真麻强袭长衣
21725	True Linen Halfgloves of Striking	真麻强袭半指手套
21726	True Linen Trousers of Striking	真麻强袭软甲裤
21727	Slothskin Boots of Striking	地懒革强袭高筒靴
21729	True Linen Cap of Aiming	真麻精准无檐帽
21730	True Linen Jacket of Aiming	真麻精准外套
21731	Slothskin Gloves of Aiming	地懒革精准手套
21732	True Linen Breeches of Aiming	真麻精准马裤
21733	Slothskin Boots of Aiming	地懒革精准高筒靴
21735	True Linen Cap of Scouting	真麻游击无檐帽
21736	True Linen Jacket of Scouting	真麻游击外套
21737	Slothskin Gloves of Scouting	地懒革游击手套
21738	True Linen Breeches of Scouting	真麻游击马裤
21739	Slothskin Thighboots of Scouting	地懒革游击高筒靴
21741	True Linen Hat of Healing	真麻治愈宽边帽
21742	True Linen Robe of Healing	真麻治愈长袍
21743	True Linen Gloves of Healing	真麻治愈手套
21744	True Linen Breeches of Healing	真麻治愈马裤
21745	Slothskin Boots of Healing	地懒革治愈高筒靴
21747	True Linen Hat of Casting	真麻咏咒宽边帽
21748	True Linen Robe of Casting	真麻咏咒长袍
21749	True Linen Gloves of Casting	真麻咏咒手套
21750	True Linen Breeches of Casting	真麻咏咒马裤
21751	Slothskin Boots of Casting	地懒革咏咒高筒靴
21753	Silvergrace Earring of Fending	清银御敌耳坠
21754	Silvergrace Earring of Slaying	清银强攻耳坠
21755	Silvergrace Earring of Aiming	清银精准耳坠
21756	Silvergrace Earring of Healing	清银治愈耳坠
21757	Silvergrace Earring of Casting	清银咏咒耳坠
21758	Black Willow Necklace of Fending	黑柳御敌项链
21759	Black Willow Necklace of Slaying	黑柳强攻项链
21760	Black Willow Necklace of Aiming	黑柳精准项链
21761	Black Willow Necklace of Healing	黑柳治愈项链
21762	Black Willow Necklace of Casting	黑柳咏咒项链
21763	Black Willow Armillae of Fending	黑柳御敌腕环
21764	Black Willow Armillae of Slaying	黑柳强攻腕环
21765	Black Willow Armillae of Aiming	黑柳精准腕环
21766	Black Willow Armillae of Healing	黑柳治愈腕环
21767	Black Willow Armillae of Casting	黑柳咏咒腕环
21768	Silvergrace Ring of Fending	清银御敌戒指
21769	Silvergrace Ring of Slaying	清银强攻戒指
21770	Silvergrace Ring of Aiming	清银精准戒指
21771	Silvergrace Ring of Healing	清银治愈戒指
21772	Silvergrace Ring of Casting	清银咏咒戒指
21800	Glamour Prism	幻象棱晶
21813	Odder Otter Lantern	獭獭提灯
21815	Moogle Wall Chronometer	莫古力挂钟
21816	Byakko Sideboard	白虎边桌
21817	Byakko Throne	白虎宝座
21822	Bread Basket	面包篮
21823	Stuffed Alpha	阿尔法玩偶
21824	House Borel Tea Set	博雷尔午茶组合
21825	Royal Dowager Tea Set	哈利卡纳苏斯午茶组合
21827	Mounted Cupboard	悬挂橱柜
21830	Counter Cart	推车柜台
21833	Carbuncle Bathtub	宝石兽浴缸
21834	Chirurgeon's Essentials	药剂台
21835	Kitchen Hanger	厨具架
21836	Hanya Mask	般若面具
21841	Tier 1 Metal Aquarium	1级金属水族箱
21842	Tier 2 Metal Aquarium	2级金属水族箱
21843	Eorzean Lantern	艾欧泽亚灯笼
21844	Bomb Stove	爆弹怪火炉
21864	Corner Hedge Partition	转角树篱隔离墙
21866	Hingan Hot Spring	东洋温泉
21867	House Borel Interior Wall	博雷尔内墙
21869	Classic Chandelier	古典枝形吊灯
21915	Wind-up Magnai	迷你玛格奈
21916	Private Moai	迷你莫艾石像
21920	Byakko Cub	白小虎
21924	Byakko Barding	白虎装甲
21926	Red Tulip Corsage	红色郁金香腕带
21927	Blue Tulip Corsage	蓝色郁金香腕带
21928	Yellow Tulip Corsage	黄色郁金香腕带
21929	Green Tulip Corsage	绿色郁金香腕带
21930	Orange Tulip Corsage	橙色郁金香腕带
21931	Purple Tulip Corsage	紫色郁金香腕带
21932	White Tulip Corsage	白色郁金香腕带
21933	Black Tulip Corsage	黑色郁金香腕带
21934	Rainbow Tulip Corsage	混色郁金香腕带
21936	Winter Sweater	冬意毛衣
21937	Adventuring Sweater	冒险者毛衣
21941	Ala Mhigan Gown	阿拉米格长外衣
22422	Grade 3 Reisui of Strength	3级刚力之灵水
22423	Grade 3 Reisui of Dexterity	3级巧力之灵水
22424	Grade 3 Reisui of Vitality	3级耐力之灵水
22425	Grade 3 Reisui of Intelligence	3级智力之灵水
22426	Grade 3 Reisui of Mind	3级意力之灵水
22427	Nightsteel Ingot	夜钢锭
22428	Silvergrace Ingot	清银锭
22429	Black Willow Lumber	黑柳木材
22430	Ground Sloth Leather	地懒革
22432	Tako-yaki	章鱼烧
22433	Futo-maki Roll	什锦寿司卷
22434	Oden	炖点
22435	Dzo Steak	犏牛肉排
22436	Crimson Cider	红莲特饮
22437	Sauteed Green Leeks	煎绿韭葱
22440	Hedge Partition	树篱隔离墙
22445	Tofu Pancakes	豆腐煎饼
22447	Grade 2 Infusion of Strength	2级刚力之药汤
22448	Grade 2 Infusion of Dexterity	2级巧力之药汤
22449	Grade 2 Infusion of Vitality	2级耐力之药汤
22450	Grade 2 Infusion of Intelligence	2级智力之药汤
22451	Grade 2 Infusion of Mind	2级意力之药汤
22486	Answer on High Orchestrion Roll	管弦乐琴乐谱：天雷
22487	Amatsu Kaze Orchestrion Roll	管弦乐琴乐谱：天风
22493	True Linen	真麻布
22520	Dodo Message Book Stand	渡渡鸟登记台
22530	Solid-brick Interior Wall	红砖内墙
22531	Unfinished Wood Flooring	白色木地板
22532	Odder Otter Hanging Andon Lamp	獭獭吊顶行灯
22536	Merry Mog Bed	莫古力睡床
22537	Mellow Mog Lamp	莫古力台灯
22538	Odder Otter Dining Table	獭獭餐桌
22539	Odder Otter Screen	獭獭屏风
22540	Odder Otter Chair	獭獭椅子
22541	Odder Otter Wall Lantern	獭獭壁灯
22543	Sewing Baskets	裁衣匠布料筐
22545	Stuffed Tsukuyomi	月读人偶
22550	Leather Bags	皮包
22551	Cozy Leather Shoes	皮鞋组合
22552	Assorted Candles	蜡烛组合
22553	Glade Bachelor's Chest	林间小型储物柜
22554	Portable Stepladder	梯子
22555	Glade Partition Door	林间隔板门
22556	Oasis Partition Door	绿洲隔板门
22557	Wine Glass	葡萄酒杯
22558	Bar Counter	吧台
22559	Bar Stool	吧椅
22560	Trouser Hanger	下装衣架
22568	Miniature Iloh	衣楼模型
22569	Southern Kitchen	南海厨房
22570	Hingan Cleaning Supplies	东洋清洁工具
22574	Jellyfish Lamp	水母台灯
22579	Odder Otter Bench	獭獭长椅
22580	Picnic Set	野餐套装
22582	Odder Otter Andon Lamp	獭獭行灯
22720	Happi Components	法被部件
22721	Altar Components	供台部件
22722	Mikoshi Frippery	神轿部件
22723	Ceremonial Bow Components	祭弓部件
22724	Effigy Components	鲶鱼精人偶部件
22725	Finery Components	交易品部件
22726	Ritual Implement Components	净化用祭具
22727	Brazier Components	篝火台部件
22728	Uchiwa Components	团扇部件
22729	Trinket Components	礼品部件
22730	Catfish Lure Components	鲶鱼钓具
22731	Azim Steppe Souvenir Components	游牧民风格的商品
22732	Hingan Ritual Paraphernalia	祖先招待用品
22733	Dzo Shear Components	牛毛剪刀部件
22734	Buuz Cooking Paraphernalia	蒸包子用品
22735	Mol Tea Ceremony Paraphernalia	茶会必需品
22736	Stable Supplies	养马必需品
22737	Drum Parts	太鼓部件
22738	Confetti-making Tools	纸屑生产工具
22739	Substitute Offering	供品
22740	Steeping Accessory	烤鲶鱼用品
22741	Pristine Fruit Figurine	投掷用特产
22742	Land Diving Gear	陆地蹦极用品
22743	Culinary Knife Component	常用菜刀的部件
22744	Generous Gift	谢礼
22745	Korrigan Doll	魅惑的魔物人偶
22884	Nightsteel Saw	夜钢锯
22885	Nightsteel Cross-pein Hammer	夜钢横头锤
22886	Nightsteel Raising Hammer	夜钢圆头锤
22887	Nightsteel Lapidary Hammer	夜钢工艺锤
22888	Nightsteel Round Knife	夜钢圆革刀
22889	Silvergrace Needle	清银缝针
22890	Nightsteel Alembic	夜钢蒸馏器
22891	Nightsteel Frypan	夜钢煎锅
22892	Nightsteel Pickaxe	夜钢鹤嘴锄
22893	Nightsteel Hatchet	夜钢手斧
22894	Black Willow Fishing Rod	黑柳钓竿
22895	Nightsteel Claw Hammer	夜钢羊角锤
22896	Nightsteel File	夜钢锉刀
22897	Nightsteel Pliers	夜钢手钳
22898	Silvergrace Grinding Wheel	清银砂轮机
22899	Nightsteel Awl	夜钢平斩
22900	Black Willow Spinning Wheel	黑柳纺车
22901	Nightsteel Mortar	夜钢研钵
22902	Nightsteel Culinary Knife	夜钢厨刀
22903	Nightsteel Sledgehammer	夜钢碎石锤
22904	Nightsteel Scythe	夜钢镰刀
22905	Onishi Kasa	鬼师帽
22906	Onishi Dogi	鬼师胴着
22907	Onishi Tekko	鬼师手甲
22908	Onishi Momohiki	鬼师束裤
22909	Onishi Zori	鬼师草履
22910	Yamashi Kasa	山师笠
22911	Yamashi Dogi	山师胴着
22912	Yamashi Tekko	山师手甲
22913	Yamashi Momohiki	山师束裤
22914	Yamashi Zori	山师草履
22916	Silvergrace Earrings of Crafting	清银巧匠耳坠
22917	Black Willow Necklace of Crafting	黑柳巧匠项链
22918	Black Willow Armillae of Crafting	黑柳巧匠腕环
22919	Black Willow Ring of Crafting	黑柳巧匠戒指
22921	Silvergrace Earrings of Gathering	清银大地耳坠
22922	Slothskin Necklace of Gathering	地懒革大地项链
22923	Slothskin Armillae of Gathering	地懒革大地手环
22924	Slothskin Ring of Gathering	地懒革大地指环
22997	Boulevardier's Hat	花花公子帽
22998	Boulevardier's Ruffled Shirt	花花公子皱边礼服衬衫
22999	Boulevardier's Ruffled Pantaloons	花花公子皱边裤
23000	Boulevardier's Dress Shoes	花花公子便鞋
23001	Quaintrelle's Ruffled Dress	风尚褶边连衣裙
23002	Quaintrelle's Ruffled Skirt	风尚花边短裙
23030	Wind-up Sadu	迷你纱都
23037	Lunar Barding	月读装甲
23097	Grand Chair	靠椅
23098	Red Dahlia Corsage	红色大丽花头花
23099	Blue Dahlia Corsage	蓝色大丽花头花
23100	Yellow Dahlia Corsage	黄色大丽花头花
23101	Green Dahlia Corsage	绿色大丽花头花
23102	Orange Dahlia Corsage	橙色大丽花头花
23103	Purple Dahlia Corsage	紫色大丽花头花
23104	White Dahlia Corsage	白色大丽花头花
23105	Black Dahlia Corsage	黑色大丽花头花
23106	Rainbow Dahlia Corsage	混色大丽花头花
23143	Gyr Abanian Remedies	基拉巴尼亚医药品
23144	Anti-shark Harpoon	防鲨用品
23145	Coerthan Cold-weather Gear	库尔札斯防寒用品
23146	Sui-no-Sato Special	翠水乡特产
23147	Cloud Pearl	云海珍宝
23153	Gyr Abanian Remedy Components	基拉巴尼亚医药品部件
23154	Harpoon Components	防鲨用品部件
23155	Cold-weather Gear Components	库尔札斯防寒用品部件
23156	Sui-no-Sato Special Components	翠水乡特产部件
23157	Cloud Pearl Components	云海珍宝部件
23167	Super-Potion	上级恢复药
23168	Super-Ether	上级以太药
23173	Elixir Mixing Paraphernalia	绝妙的调配用品
23183	Hawk's Eye Sand	鹰眼砂
23184	Veteran Tree Sap	古木树液
23185	Konpeito	金平糖
23186	Banh Xeo	纳夏煎饼
23187	Matcha	抹茶
23188	Ema Datshi	辣椒焗奶酪
23218	Hakutaku Eye Cluster	白泽的五行眼
23316	Ambient Abyss Orchestrion Roll	管弦乐琴乐谱：海中
23324	Black and White Orchestrion Roll	管弦乐琴乐谱：黑暗与白雪
23331	Nightbloom Orchestrion Roll	管弦乐琴乐谱：月下美人
23332	Wayward Daughter Orchestrion Roll	管弦乐琴乐谱：彼岸花开
23349	Potion of Harmony	静魔药
23373	Quaintrelle's Hat	风尚礼帽
23374	Quaintrelle's Dress Shoes	风尚礼鞋
23768	Rakshasa Blade	罗刹剑
23769	Rakshasa Knuckles	罗刹铁甲
23770	Rakshasa Axe	罗刹大斧
23771	Rakshasa Lance	罗刹长枪
23772	Rakshasa Greatbow	罗刹大弓
23773	Rakshasa Daggers	罗刹短刀
23774	Rakshasa Odachi	罗刹大太刀
23775	Rakshasa Revolver	罗刹短铳
23776	Rakshasa Cane	罗刹锡杖
23777	Rakshasa Rod	罗刹咒杖
23778	Rakshasa Grimoire	罗刹经典
23779	Rakshasa Codex	罗刹文书
23780	Rakshasa Ephemeris	罗刹天仪
23781	Rakshasa Katana	罗刹刀
23782	Rakshasa Rapier	罗刹细剑
23783	Rakshasa Greatshield	罗刹大盾
23784	Rakshasa Mask of Fending	罗刹豪士面饰
23785	Rakshasa Kasaya of Fending	罗刹豪士袈裟
23786	Rakshasa Kote of Fending	罗刹豪士笼手
23787	Rakshasa Tsutsu-hakama of Fending	罗刹豪士筒袴
23788	Rakshasa Sune-ate of Fending	罗刹豪士护胫
23790	Rakshasa Mask of Maiming	罗刹枪士面饰
23791	Rakshasa Kasaya of Maiming	罗刹枪士袈裟
23792	Rakshasa Kote of Maiming	罗刹枪士笼手
23793	Rakshasa Tsutsu-hakama of Maiming	罗刹枪士筒袴
23794	Rakshasa Sune-ate of Maiming	罗刹枪士护胫
23796	Rakshasa Gantai of Striking	罗刹拳士眼带
23797	Rakshasa Haori of Striking	罗刹拳士羽织
23798	Rakshasa Tekko of Striking	罗刹拳士手甲
23799	Rakshasa Hakama of Striking	罗刹拳士袴
23800	Rakshasa Zori of Striking	罗刹拳士草履
23802	Rakshasa Gantai of Aiming	罗刹弓士眼带
23803	Rakshasa Haori of Aiming	罗刹弓士羽织
23804	Rakshasa Tekko of Aiming	罗刹弓士手甲
23805	Rakshasa Hakama of Aiming	罗刹弓士袴
23806	Rakshasa Zori of Aiming	罗刹弓士草履
23808	Rakshasa Gantai of Scouting	罗刹间士眼带
23809	Rakshasa Haori of Scouting	罗刹间士羽织
23810	Rakshasa Tekko of Scouting	罗刹间士手甲
23811	Rakshasa Hakama of Scouting	罗刹间士袴
23812	Rakshasa Zori of Scouting	罗刹间士草履
23814	Rakshasa Kanmuri of Healing	罗刹学士冠
23815	Rakshasa Dogi of Healing	罗刹学士道衣
23816	Rakshasa Tekko of Healing	罗刹学士手甲
23817	Rakshasa Tsutsu-hakama of Healing	罗刹学士筒袴
23818	Rakshasa Zori of Healing	罗刹学士草履
23820	Rakshasa Kanmuri of Casting	罗刹术士冠
23821	Rakshasa Dogi of Casting	罗刹术士道衣
23822	Rakshasa Tekko of Casting	罗刹术士手甲
23823	Rakshasa Tsutsu-hakama of Casting	罗刹术士筒袴
23824	Rakshasa Zori of Casting	罗刹术士草履
23826	Rakshasa Earring of Fending	罗刹豪士耳饰
23827	Rakshasa Earring of Slaying	罗刹斗士耳饰
23828	Rakshasa Earring of Aiming	罗刹弓士耳饰
23829	Rakshasa Earring of Healing	罗刹学士耳饰
23830	Rakshasa Earring of Casting	罗刹术士耳饰
23831	Rakshasa Necklace of Fending	罗刹豪士首饰
23832	Rakshasa Necklace of Slaying	罗刹斗士首饰
23833	Rakshasa Necklace of Aiming	罗刹弓士首饰
23834	Rakshasa Necklace of Healing	罗刹学士首饰
23835	Rakshasa Necklace of Casting	罗刹术士首饰
23836	Rakshasa Bracelet of Fending	罗刹豪士手饰
23837	Rakshasa Bracelet of Slaying	罗刹斗士手饰
23838	Rakshasa Bracelet of Aiming	罗刹弓士手饰
23839	Rakshasa Bracelet of Healing	罗刹学士手饰
23840	Rakshasa Bracelet of Casting	罗刹术士手饰
23841	Rakshasa Ring of Fending	罗刹豪士指饰
23842	Rakshasa Ring of Slaying	罗刹斗士指饰
23843	Rakshasa Ring of Aiming	罗刹弓士指饰
23844	Rakshasa Ring of Healing	罗刹学士指饰
23845	Rakshasa Ring of Casting	罗刹术士指饰
23862	Pot of Cream Stew	汤锅炖菜
23863	Suzaku Wall Hanging	朱雀的壁挂雕塑
23874	Redoubtable Rolanberry Tart	罗兰莓挞
23877	Imitation Shuttered Window	仿制百叶窗
23879	Wooden Showcase	木制展示柜
23880	Unfinished Shawl	毛线编织物
23883	Bread Rack	面包置物架
23884	Mahogany Bunk Bed	红木双层床
23885	Handbasket	提篮
23891	Mounted Plate Rack	壁挂餐盘置物架
23893	Bathroom Floor Tiles	浴室地板垫
23894	Bathroom Wall Tiles	浴室瓦片墙
23896	Sofa Cushions	坐垫套装
23900	Carpeting	绒毯
23902	Unfinished Interior Wall	白色木墙
23989	Scarlet Peacock	朱孔雀
24004	Whisperfine Woolen Coat	私语呢绒大衣
24005	Whisperfine Woolen Shorts	私语呢绒打底裤
24006	Whisperfine Woolen Boots	私语呢绒短靴
24143	Suzaku Barding	朱雀装甲
24175	Red Arum Corsage	红色马蹄莲头花
24176	Blue Arum Corsage	蓝色马蹄莲头花
24177	Yellow Arum Corsage	黄色马蹄莲头花
24178	Green Arum Corsage	绿色马蹄莲头花
24179	Orange Arum Corsage	橙色马蹄莲头花
24180	Purple Arum Corsage	紫色马蹄莲头花
24181	White Arum Corsage	白色马蹄莲头花
24182	Black Arum Corsage	黑色马蹄莲头花
24183	Rainbow Arum Corsage	混色马蹄莲头花
24250	Chigusa Ingot	千种钢
24251	Evergleam Ingot	常辉钢锭
24252	Urunday Lumber	乌仑代硬木木材
24253	Procoptodon Leather	大袋鼠革
24254	Stardust Cotton Cloth	彗星棉布
24256	Grade 4 Reisui of Strength	4级刚力之灵水
24257	Grade 4 Reisui of Dexterity	4级巧力之灵水
24258	Grade 4 Reisui of Vitality	4级耐力之灵水
24259	Grade 4 Reisui of Intelligence	4级智力之灵水
24260	Grade 4 Reisui of Mind	4级意力之灵水
24261	Grade 3 Infusion of Strength	3级刚力之药汤
24262	Grade 3 Infusion of Dexterity	3级巧力之药汤
24263	Grade 3 Infusion of Vitality	3级耐力之药汤
24264	Grade 3 Infusion of Intelligence	3级智力之药汤
24265	Grade 3 Infusion of Mind	3级意力之药汤
24274	Rooibos Tea	路易波士红茶
24275	Ginger Salad	生姜沙拉
24276	Laghman	拉条子
24277	Imam Bayildi	僧厥镶茄子
24278	Papanasi	奶酪甜甜圈
24279	Salmon Muffin	鲑鱼松饼
24280	Shakshouka	番茄炖蛋
24296	Sunrise Orchestrion Roll	管弦乐琴乐谱：千年旭光
24321	Seeing Horde Knuckles	邪龙怨影之拳
24322	Seeing Horde Axe	邪龙怨影大斧
24323	Seeing Horde Spear	邪龙怨影长枪
24324	Seeing Horde Bow	邪龙怨影弓
24325	Seeing Horde Daggers	邪龙怨影小刀
24326	Seeing Horde Guillotine	邪龙怨影大剑
24327	Seeing Horde Handgonne	邪龙怨影手炮
24328	Seeing Horde Cane	邪龙怨影牧杖
24329	Seeing Horde Rod	邪龙怨影魔杖
24330	Seeing Horde Grimoire	邪龙怨影魔导书
24331	Seeing Horde Codex	邪龙怨影魔导典
24332	Seeing Horde Star Globe	邪龙怨影天球仪
24333	Seeing Horde Katana	邪龙怨影太刀
24334	Seeing Horde Rapier	邪龙怨影刺剑
24491	Mirific Mogshelf	莫古力书架
24492	Tier 3 Metal Aquarium	3级金属水族箱
24493	Tier 4 Metal Aquarium	4级金属水族箱
24495	Seiryu Statuette	青龙的雕塑
24501	Small Imitation Window	仿制小窗
24502	Bag of Booty	金币袋
24506	Fat Cat Bank	猫小胖存钱罐
24507	Tree Slice Tower	圆木塔
24508	Botanist's Dried Herbs	园艺工的脱水香草
24509	Steppe Kitchen	大草原式厨房
24511	Wooden Loft	木制夹层楼板
24512	Wooden Steps	木制台阶
24513	Wooden Beam	木制横梁
24514	White Rectangular Partition	纯白直板隔离墙
24515	Bowl of Oden	炖点组合
24522	Prism Pouch	魔法棱晶袋
24523	Marimo Lamp	绿灯球藻台灯
24524	Honey Pot	蜂蜜罐
24525	Red Carpet	红地毯
24526	Hanging Planter Shelf	壁挂式盆栽架
24528	Fat Cat Sofa	猫小胖沙发
24536	Botanist's Garden	园艺工的菜园
24538	Teal Blue Carpeting	淡青色地毯
24539	Black-and-white Interior Wall	边境内墙
24562	Ishgardian Culinary Essentials	伊修加德菜肴必需品
24563	Fermented Juice	崖畔亭蒸馏酒必需品
24564	Signature Buuz Cookware	崖畔亭包子必需品
24565	Hard Place Decorative Furnishings	崖畔亭的备用品
24566	Arkhi Brewing Set	酿造奶酒的必需品
24572	Ishgardian Culinary Materials	伊修加德菜肴必需品的部件
24573	Juice Fermenting Supplies	崖畔亭蒸馏酒必需品的部件
24574	Signature Buuz Cookware Materials	崖畔亭包子必需品的部件
24575	Decorative Tavern Furnishing Materials	崖畔亭备用品的部件
24576	Arkhi Brewing Vat Materials	酿造奶酒必需品的部件
24591	Rain Hood	雨兜
24592	Raincoat	雨衣
24593	Rain Boots	雨靴
24634	Seitei	青帝
24799	Seiryu Barding	青龙装甲
24859	Red Lily of the Valley Corsage	红色铃兰头花
24860	Blue Lily of the Valley Corsage	蓝色铃兰头花
24861	Yellow Lily of the Valley Corsage	黄色铃兰头花
24862	Green Lily of the Valley Corsage	绿色铃兰头花
24863	Orange Lily of the Valley Corsage	橙色铃兰头花
24864	Purple Lily of the Valley Corsage	紫色铃兰头花
24865	White Lily of the Valley Corsage	白色铃兰头花
24866	Black Lily of the Valley Corsage	黑色铃兰头花
24867	Rainbow Lily of the Valley Corsage	混色铃兰头花
24868	Carbuncle Chandelier	宝石兽吊灯
25009	Kamacite	铁纹钢
25023	Fists of the Goddess	神圣女神之拳
25024	Axe of the Goddess	神圣女神之斧
25025	Pike of the Goddess	神圣女神之戟
25026	Bow of the Goddess	神圣女神之弓
25027	Points of the Goddess	神圣女神之刃
25028	Edge of the Goddess	神圣女神之巨剑
25029	Fire of the Goddess	神圣女神之火
25030	Cane of the Goddess	神圣女神之幻杖
25031	Pole of the Goddess	神圣女神之玉杖
25032	Word of the Goddess	神圣女神之书
25033	Song of the Goddess	神圣女神之典
25034	Star of the Goddess	神圣女神之仪
25035	Katana of the Goddess	神圣女神之刀
25036	Rapier of the Goddess	神圣女神之刺剑
25039	Fists of the Demon	无限鬼神之拳
25040	Axe of the Demon	无限鬼神之斧
25041	Pike of the Demon	无限鬼神之戟
25042	Bow of the Demon	无限鬼神之弓
25043	Points of the Demon	无限鬼神之刀
25044	Edge of the Demon	无限鬼神之大剑
25045	Fire of the Demon	无限鬼神之火
25046	Cane of the Demon	无限鬼神之幻杖
25047	Staff of the Demon	无限鬼神之咒杖
25048	Word of the Demon	无限鬼神之书
25049	Song of the Demon	无限鬼神之典
25050	Star of the Demon	无限鬼神之仪
25051	Katana of the Demon	无限鬼神之太刀
25052	Rapier of the Demon	无限鬼神之刺剑
25058	From the Dragon's Wake Orchestrion Roll	管弦乐琴乐谱：云蒸龙变
25628	Deepgold Anelace	深金双刃剑
25629	Deepgold Katars	深金三尖拳剑
25630	Deepgold Battleaxe	深金战斧
25631	White Oak Partisan	白橡木游击枪
25632	White Oak Composite Bow	白橡木复合弓
25633	Deepgold Cinquedeas	深金五指剑
25634	Deepgold Claymore	深金大剑
25635	Deepgold Revolver	深金左轮枪
25636	White Oak Cane	白橡木牧杖
25637	White Oak Rod	白橡木法杖
25638	Smilodonskin Grimoire	斯剑虎革魔导书
25639	Smilodonskin Codex	斯剑虎革魔导典
25640	Stonegold Astrometer	石金量天仪
25641	Deepgold Blade	深金武士刀
25642	Stonegold Degen	石金重刺剑
25643	Deepgold Gunblade	深金枪刃
25644	Deepgold War Quoits	深金战轮
25645	Deepgold Kite Shield	深金鸢盾
25646	Deepgold Helm of Fending	深金御敌头盔
25647	Deepgold Cuirass of Fending	深金御敌胸甲
25648	Deepgold Gauntlets of Fending	深金御敌手铠
25649	Smilodonskin Trousers of Fending	斯剑虎革御敌软甲裤
25650	Deepgold Sollerets of Fending	深金御敌锁甲靴
25652	Stonegold Circlet of Maiming	石金制敌头饰
25653	Brightlinen Tabard of Maiming	白麻制敌罩衣
25654	Smilodonskin Gloves of Maiming	斯剑虎革制敌手套
25655	Smilodonskin Trousers of Maiming	斯剑虎革制敌软甲裤
25656	Smilodonskin Leggings of Maiming	斯剑虎革制敌护腿
25658	Brightlinen Hood of Striking	白麻强袭兜帽
25659	Brightlinen Himation of Striking	白麻强袭长衫
25660	Brightlinen Long Gloves of Striking	白麻强袭长手套
25661	Brightlinen Bottoms of Striking	白麻强袭打底裤
25662	Smilodonskin Open-toed Boots of Striking	斯剑虎革强袭露趾长靴
25664	Brightlinen Hood of Aiming	白麻精准兜帽
25665	Brightlinen Himation of Aiming	白麻精准长衫
25666	Brightlinen Long Gloves of Aiming	白麻精准长手套
25667	Brightlinen Bottoms of Aiming	白麻精准打底裤
25668	Smilodonskin Open-toed Boots of Aiming	斯剑虎革精准露趾长靴
25670	Deepgold Mask of Scouting	深金游击口罩
25671	Brightlinen Gambison of Scouting	白麻游击紧身衣
25672	Smilodonskin Gloves of Scouting	斯剑虎革游击手套
25673	Brightlinen Hose of Scouting	白麻游击骑兵裤
25674	Smilodonskin Boots of Scouting	斯剑虎革游击筒靴
25676	Brightlinen Cap of Healing	白麻治愈帽
25677	Brightlinen Cyclas of Healing	白麻治愈斗服
25678	Smilodonskin Armguards of Healing	斯剑虎革治愈护臂
25679	Brightlinen Hose of Healing	白麻治愈骑兵裤
25680	Smilodonskin Boots of Healing	斯剑虎革治愈筒靴
25682	Brightlinen Cap of Casting	白麻咏咒帽
25683	Brightlinen Cyclas of Casting	白麻咏咒斗服
25684	Smilodonskin Armguards of Casting	斯剑虎革咏咒护臂
25685	Brightlinen Hose of Casting	白麻咏咒骑兵裤
25686	Smilodonskin Boots of Casting	斯剑虎革咏咒筒靴
25688	Hematite Earrings of Fending	乌钢石御敌耳坠
25689	Hematite Earrings of Slaying	乌钢石强攻耳坠
25690	Hematite Earrings of Aiming	乌钢石精准耳坠
25691	Hematite Earrings of Healing	乌钢石治愈耳坠
25692	Hematite Earrings of Casting	乌钢石咏咒耳坠
25693	Hematite Choker of Fending	乌钢石御敌项环
25694	Hematite Choker of Slaying	乌钢石强攻项环
25695	Hematite Choker of Aiming	乌钢石精准项环
25696	Hematite Choker of Healing	乌钢石治愈项环
25697	Hematite Choker of Casting	乌钢石咏咒项环
25698	Islewolf Bracelet of Fending	岛狼御敌手镯
25699	Islewolf Bracelet of Slaying	岛狼强攻手镯
25700	Islewolf Bracelet of Aiming	岛狼精准手镯
25701	Islewolf Bracelet of Healing	岛狼治愈手镯
25702	Islewolf Bracelet of Casting	岛狼咏咒手镯
25703	Islewolf Ring of Fending	岛狼御敌指环
25704	Islewolf Ring of Slaying	岛狼强攻指环
25705	Islewolf Ring of Aiming	岛狼精准指环
25706	Islewolf Ring of Healing	岛狼治愈指环
25707	Islewolf Ring of Casting	岛狼咏咒指环
25788	Deepgold Sword	深金短剑
25789	Deepgold Knuckles	深金指虎
25790	Deepgold Axe	深金大斧
25791	Applewood Spear	仙果木长枪
25792	Applewood Longbow	仙果木长弓
25793	Deepgold Daggers	深金小刀
25794	Deepgold Greatsword	深金巨剑
25795	Deepgold Arquebus	深金明火枪
25796	Applewood Cane	仙果木牧杖
25797	Applewood Staff	仙果木长杖
25798	Gliderskin Grimoire	绿飘龙革魔导书
25799	Gliderskin Codex	绿飘龙革魔导典
25800	Stonegold Orrery	石金太阳仪
25801	Deepgold Uchigatana	深金打刀
25802	Stonegold Rapier	石金刺剑
25803	Deepgold Bayonet	深金刺刀
25804	Deepgold Chakrams	深金圆月轮
25805	Deepgold Shield	深金坚盾
25806	Deepgold Wings of Fending	深金御敌翼冠
25807	Deepgold Mail of Fending	深金御敌轻甲
25808	Deepgold Gloves of Fending	深金御敌手套
25809	Gliderskin Breeches of Fending	绿飘龙革御敌马裤
25810	Gliderskin Thighboots of Fending	绿飘龙革御敌高筒靴
25812	Iridescent Hood of Maiming	虹茧制敌头饰
25813	Deepgold Surcoat of Maiming	深金制敌战甲
25814	Deepgold Gauntlets of Maiming	深金制敌手铠
25815	Gliderskin Breeches of Maiming	绿飘龙革制敌马裤
25816	Deepgold Sollerets of Maiming	深金制敌锁甲靴
25818	Iridescent Hat of Striking	虹茧强袭圆顶帽
25819	Iridescent Acton of Striking	虹茧强袭棉甲
25820	Gliderskin Gloves of Striking	绿飘龙革强袭手套
25821	Iridescent Bottoms of Striking	虹茧强袭打底裤
25822	Gliderskin Thighboots of Striking	绿飘龙革强袭高筒靴
25824	Iridescent Hat of Aiming	虹茧精准宽边帽
25825	Iridescent Acton of Aiming	虹茧精准棉甲
25826	Gliderskin Gloves of Aiming	绿飘龙革精准手套
25827	Iridescent Bottoms of Aiming	虹茧精准打底裤
25828	Gliderskin Boots of Aiming	绿飘龙革精准筒靴
25830	Iridescent Hat of Scouting	虹茧游击圆顶帽
25831	Iridescent Acton of Scouting	虹茧游击棉甲
25832	Gliderskin Gloves of Scouting	绿飘龙革游击手套
25833	Iridescent Bottoms of Scouting	虹茧游击打底裤
25834	Gliderskin Thighboots of Scouting	绿飘龙革游击高筒靴
25836	Iridescent Hat of Healing	虹茧治愈帽
25837	Iridescent Top of Healing	虹茧治愈上装
25838	Gliderskin Gloves of Healing	绿飘龙革治愈手套
25839	Iridescent Bottoms of Healing	虹茧治愈打底裤
25840	Gliderskin Boots of Healing	绿飘龙革治愈筒靴
25842	Iridescent Hat of Casting	虹茧咏咒帽
25843	Iridescent Top of Casting	虹茧咏咒上装
25844	Gliderskin Gloves of Casting	绿飘龙革咏咒手套
25845	Iridescent Bottoms of Casting	虹茧咏咒打底裤
25846	Gliderskin Boots of Casting	绿飘龙革咏咒筒靴
25848	Diaspore Earrings of Fending	硬水铝石御敌耳坠
25849	Diaspore Earrings of Slaying	硬水铝石强攻耳坠
25850	Diaspore Earrings of Aiming	硬水铝石精准耳坠
25851	Diaspore Earrings of Healing	硬水铝石治愈耳坠
25852	Diaspore Earrings of Casting	硬水铝石咏咒耳坠
25853	Diaspore Choker of Fending	硬水铝石御敌项环
25854	Diaspore Choker of Slaying	硬水铝石强攻项环
25855	Diaspore Choker of Aiming	硬水铝石精准项环
25856	Diaspore Choker of Healing	硬水铝石治愈项环
25857	Diaspore Choker of Casting	硬水铝石咏咒项环
25858	Diaspore Bracelet of Fending	硬水铝石御敌手镯
25859	Diaspore Bracelet of Slaying	硬水铝石强攻手镯
25860	Diaspore Bracelet of Aiming	硬水铝石精准手镯
25861	Diaspore Bracelet of Healing	硬水铝石治愈手镯
25862	Diaspore Bracelet of Casting	硬水铝石咏咒手镯
25863	Diaspore Ring of Fending	硬水铝石御敌指环
25864	Diaspore Ring of Slaying	硬水铝石强攻指环
25865	Diaspore Ring of Aiming	硬水铝石精准指环
25866	Diaspore Ring of Healing	硬水铝石治愈指环
25867	Diaspore Ring of Casting	硬水铝石咏咒指环
25948	Bluespirit Sword	灵青剑
25949	Bluespirit Baghnakhs	灵青虎爪
25950	Bluespirit Axe	灵青重斧
25951	Bluespirit Spear	灵青长枪
25952	Bluespirit Longbow	灵青长弓
25953	Bluespirit Daggers	灵青小刀
25954	Bluespirit Guillotine	灵青断头剑
25955	Bluespirit Handgonne	灵青手炮
25956	Bluespirit Cane	灵青牧杖
25957	Bluespirit Rod	灵青法杖
25958	Bluespirit Grimoire	灵青魔导书
25959	Bluespirit Codex	灵青魔导典
25960	Bluespirit Star Globe	灵青天球仪
25961	Bluespirit Uchigatana	灵青打刀
25962	Bluespirit Rapier	灵青刺剑
25963	Bluespirit Gunblade	灵青枪刃
25964	Bluespirit Glaives	灵青轮刃
25965	Bluespirit Tower Shield	灵青塔盾
25966	Bluespirit Helm of Fending	灵青御敌头盔
25967	Bluespirit Cuirass of Fending	灵青御敌胸甲
25968	Bluespirit Gauntlets of Fending	灵青御敌手铠
25969	Atrociraptorskin Breeches of Fending	野蛮盗龙革御敌马裤
25970	Bluespirit Sabatons of Fending	灵青御敌铠靴
25972	Bluespirit Helm of Maiming	灵青制敌头盔
25973	Bluespirit Cuirass of Maiming	灵青制敌胸甲
25974	Bluespirit Gauntlets of Maiming	灵青制敌手铠
25975	Atrociraptorskin Breeches of Maiming	野蛮盗龙革制敌马裤
25976	Bluespirit Sabatons of Maiming	灵青制敌铠靴
25978	Pixie Cotton Hat of Striking	仙子棉强袭狩猎帽
25979	Pixie Cotton Acton of Striking	仙子棉强袭棉甲
25980	Pixie Cotton Sleeves of Striking	仙子棉强袭袖套
25981	Pixie Cotton Culottes of Striking	仙子棉强袭及膝裤
25982	Atrociraptorskin Thighboots of Striking	野蛮盗龙革强袭高筒靴
25984	Atrociraptorskin Headgear of Aiming	野蛮盗龙革精准头甲
25985	Atrociraptorskin Corselet of Aiming	野蛮盗龙革精准护甲
25986	Atrociraptorskin Armguard of Aiming	野蛮盗龙革精准护臂
25987	Pixie Cotton Brais of Aiming	仙子棉精准衬裤
25988	Atrociraptorskin Leg Guards of Aiming	野蛮盗龙革精准腿甲靴
25990	Atrociraptorskin Headgear of Scouting	野蛮盗龙革游击头甲
25991	Atrociraptorskin Corselet of Scouting	野蛮盗龙革游击护甲
25992	Atrociraptorskin Armguard of Scouting	野蛮盗龙革游击护臂
25993	Pixie Cotton Brais of Scouting	仙子棉游击衬裤
25994	Atrociraptorskin Leg Guards of Scouting	野蛮盗龙革游击腿甲靴
25996	Pixie Cotton Hood of Healing	仙子棉治愈兜帽
25997	Pixie Cotton Robe of Healing	仙子棉治愈长袍
25998	Atrociraptorskin Armguards of Healing	野蛮盗龙革治愈护臂
25999	Pixie Cotton Slops of Healing	仙子棉治愈长裤
26000	Atrociraptorskin Boots of Healing	野蛮盗龙革治愈筒靴
26002	Bluespirit Headgear of Casting	灵青咏咒头甲
26003	Atrociraptorskin Coat of Casting	野蛮盗龙革咏咒大衣
26004	Atrociraptorskin Bracers of Casting	野蛮盗龙革咏咒手套
26005	Pixie Cotton Slops of Casting	仙子棉咏咒长裤
26006	Bluespirit Greaves of Casting	灵青咏咒胫甲
26008	White Ash Earring of Fending	白梣木御敌耳坠
26009	White Ash Earring of Slaying	白梣木强攻耳坠
26010	White Ash Earring of Aiming	白梣木精准耳坠
26011	White Ash Earring of Healing	白梣木治愈耳坠
26012	White Ash Earring of Casting	白梣木咏咒耳坠
26013	Atrociraptorskin Necklace of Fending	野蛮盗龙革御敌项链
26014	Atrociraptorskin Necklace of Slaying	野蛮盗龙革强攻项链
26015	Atrociraptorskin Necklace of Aiming	野蛮盗龙革精准项链
26016	Atrociraptorskin Necklace of Healing	野蛮盗龙革治愈项链
26017	Atrociraptorskin Necklace of Casting	野蛮盗龙革咏咒项链
26018	Atrociraptorskin Amulet of Fending	野蛮盗龙革御敌手镯
26019	Atrociraptorskin Amulet of Slaying	野蛮盗龙革强攻手镯
26020	Atrociraptorskin Amulet of Aiming	野蛮盗龙革精准手镯
26021	Atrociraptorskin Amulet of Healing	野蛮盗龙革治愈手镯
26022	Atrociraptorskin Amulet of Casting	野蛮盗龙革咏咒手镯
26023	Lazurite Ring of Fending	青金石御敌指环
26024	Lazurite Ring of Slaying	青金石强攻指环
26025	Lazurite Ring of Aiming	青金石精准指环
26026	Lazurite Ring of Healing	青金石治愈指环
26027	Lazurite Ring of Casting	青金石咏咒指环
26108	Titanbronze Kilij	钛铜曲剑
26109	Titanbronze Fists	钛铜拳套
26110	Titanbronze Battleaxe	钛铜战斧
26111	Sandteak Fauchard	沙柚木刺枪
26112	Sandteak Longbow	沙柚木长弓
26113	Titanbronze Daggers	钛铜小刀
26114	Titanbronze Guillotine	钛铜断头剑
26115	Titanbronze Musketoon	钛铜火枪
26116	Sandteak Cane	沙柚木牧杖
26117	Sandteak Rod	沙柚木法杖
26118	Zonureskin Grimoire	缠尾蛟革魔导书
26119	Zonureskin Codex	缠尾蛟革魔导典
26120	Titanbronze Star Globe	钛铜天球仪
26121	Titanbronze Uchigatana	钛铜打刀
26122	Titanbronze Rapier	钛铜刺剑
26123	Titanbronze Bayonet	钛铜刺刀
26124	Titanbronze Chakrams	钛铜圆月轮
26125	Titanbronze Tower Shield	钛铜塔盾
26126	Titanbronze Headgear of Fending	钛铜御敌头甲
26127	Zonureskin Coat of Fending	缠尾蛟革御敌外套
26128	Zonureskin Fingerless Gloves of Fending	缠尾蛟革御敌半指护手
26129	Ovim Wool Bottoms of Fending	力山羊御敌打底裤
26130	Zonureskin Caligae of Fending	缠尾蛟革御敌战靴
26132	Titanbronze Headgear of Maiming	钛铜制敌头甲
26133	Zonureskin Coat of Maiming	缠尾蛟革制敌外套
26134	Zonureskin Fingerless Gloves of Maiming	缠尾蛟革制敌半指护手
26135	Ovim Wool Bottoms of Maiming	力山羊制敌打底裤
26136	Zonureskin Caligae of Maiming	缠尾蛟革制敌战靴
26138	Ovim Wool Ushanka of Striking	力山羊强袭毛帽
26139	Ovim Wool Coat of Striking	力山羊强袭大衣
26140	Zonureskin Fingerless Gloves of Striking	缠尾蛟革强袭半指护手
26141	Ovim Wool Skirt of Striking	力山羊强袭短裙
26142	Zonureskin Caligae of Striking	缠尾蛟革强袭战靴
26144	Ovim Wool Ushanka of Aiming	力山羊精准毛帽
26145	Ovim Wool Tunic of Aiming	力山羊精准束腰衣
26146	Zonureskin Fingerless Gloves of Aiming	缠尾蛟革精准半指护手
26147	Ovim Wool Bottoms of Aiming	力山羊精准打底裤
26148	Zonureskin Sandals of Aiming	缠尾蛟革精准凉鞋
26150	Titanbronze Headband of Scouting	钛铜游击头带
26151	Ovim Wool Jacket of Scouting	力山羊游击长衣
26152	Zonureskin Fingerless Gloves of Scouting	缠尾蛟革游击半指护手
26153	Ovim Wool Bottoms of Scouting	力山羊游击打底裤
26154	Zonureskin Caligae of Scouting	缠尾蛟革游击战靴
26156	Ovim Wool Muffed Met of Healing	力山羊治愈毛帽
26157	Ovim Wool Coat of Healing	力山羊治愈长衣
26158	Zonureskin Fingerless Gloves of Healing	缠尾蛟革治愈半指护手
26159	Ovim Wool Skirt of Healing	力山羊治愈短裙
26160	Zonureskin Caligae of Healing	缠尾蛟革治愈战靴
26162	Ovim Wool Muffed Met of Casting	力山羊咏咒毛帽
26163	Ovim Wool Tunic of Casting	力山羊咏咒束腰衣
26164	Zonureskin Fingerless Gloves of Casting	缠尾蛟革咏咒半指护手
26165	Ovim Wool Bottoms of Casting	力山羊咏咒打底裤
26166	Zonureskin Sandals of Casting	缠尾蛟革咏咒凉鞋
26168	Triplite Earrings of Fending	三重石御敌耳坠
26169	Triplite Earrings of Slaying	三重石强攻耳坠
26170	Triplite Earrings of Aiming	三重石精准耳坠
26171	Triplite Earrings of Healing	三重石治愈耳坠
26172	Triplite Earrings of Casting	三重石咏咒耳坠
26173	Triplite Choker of Fending	三重石御敌项环
26174	Triplite Choker of Slaying	三重石强攻项环
26175	Triplite Choker of Aiming	三重石精准项环
26176	Triplite Choker of Healing	三重石治愈项环
26177	Triplite Choker of Casting	三重石咏咒项环
26178	Triplite Bracelet of Fending	三重石御敌手镯
26179	Triplite Bracelet of Slaying	三重石强攻手镯
26180	Triplite Bracelet of Aiming	三重石精准手镯
26181	Triplite Bracelet of Healing	三重石治愈手镯
26182	Triplite Bracelet of Casting	三重石咏咒手镯
26183	Triplite Ring of Fending	三重石御敌指环
26184	Triplite Ring of Slaying	三重石强攻指环
26185	Triplite Ring of Aiming	三重石精准指环
26186	Triplite Ring of Healing	三重石治愈指环
26187	Triplite Ring of Casting	三重石咏咒指环
26268	Dwarven Mythril Pikenstock	矮人银镐
26269	Dwarven Mythril Knuckles	矮人银指虎
26270	Dwarven Mythril Hammer	矮人银重锤
26271	Dwarven Lignum Lance	愈疮木矮人刺枪
26272	Dwarven Lignum Bow	愈疮木矮人复合弓
26273	Dwarven Mythril Rotaries	矮人银切割刃
26274	Dwarven Mythril Guillotine	矮人银断头剑
26275	Dwarven Mythril Pistol	矮人银手枪
26276	Dwarven Lignum Cane	愈疮木矮人牧杖
26277	Dwarven Lignum Pole	愈疮木矮人玉杖
26278	Dwarven Mythril Grimoire	矮人银魔导书
26279	Dwarven Mythril Codex	矮人银魔导典
26280	Dwarven Mythril Planisphere	矮人银天星盘
26281	Dwarven Mythril Uchigatana	矮人银打刀
26282	Dwarven Mythril Rapier	矮人银刺剑
26283	Dwarven Mythril Manatrigger	矮人银魔机刃
26284	Dwarven Mythril Glaives	矮人银轮刃
26285	Dwarven Mythril Shield	矮人银盾
26286	Dwarven Mythril Helm of Fending	矮人银御敌头盔
26287	Dwarven Mythril Chainmail of Fending	矮人银御敌链甲
26288	Swallowskin Gloves of Fending	海燕革御敌手套
26289	Dwarven Cotton Gaskins of Fending	矮人棉御敌束膝裤
26290	Dwarven Mythril Shoes of Fending	矮人银御敌短靴
26292	Dwarven Mythril Helm of Maiming	矮人银制敌头盔
26293	Dwarven Mythril Chainmail of Maiming	矮人银制敌链甲
26294	Swallowskin Gloves of Maiming	海燕革制敌手套
26295	Dwarven Cotton Gaskins of Maiming	矮人棉制敌束膝裤
26296	Dwarven Mythril Shoes of Maiming	矮人银制敌短靴
26298	Dwarven Mythril Helm of Striking	矮人银强袭头盔
26299	Dwarven Mythril Chainmail of Striking	矮人银强袭链甲
26300	Swallowskin Gloves of Striking	海燕革强袭手套
26301	Dwarven Cotton Gaskins of Striking	矮人棉强袭束膝裤
26302	Swallowskin Shoes of Striking	海燕革强袭短靴
26304	Dwarven Cotton Turban of Aiming	矮人棉精准包头巾
26305	Swallowskin Robe of Aiming	海燕革精准长袍
26306	Swallowskin Gloves of Aiming	海燕革精准手套
26307	Dwarven Cotton Gaskins of Aiming	矮人棉精准束膝裤
26308	Dwarven Mythril Shoes of Aiming	矮人银精准短靴
26310	Dwarven Cotton Turban of Scouting	矮人棉游击包头巾
26311	Swallowskin Jacket of Scouting	海燕革游击外套
26312	Swallowskin Gloves of Scouting	海燕革游击手套
26313	Dwarven Cotton Gaskins of Scouting	矮人棉游击束膝裤
26314	Dwarven Mythril Shoes of Scouting	矮人银游击短靴
26316	Dwarven Cotton Petasos of Healing	矮人棉治愈阔边帽
26317	Swallowskin Robe of Healing	海燕革治愈长袍
26318	Swallowskin Gloves of Healing	海燕革治愈手套
26319	Dwarven Cotton Gaskins of Healing	矮人棉治愈束膝裤
26320	Swallowskin Shoes of Healing	海燕革治愈短靴
26322	Dwarven Cotton Petasos of Casting	矮人棉咏咒阔边帽
26323	Swallowskin Robe of Casting	海燕革咏咒长袍
26324	Swallowskin Gloves of Casting	海燕革咏咒手套
26325	Dwarven Cotton Gaskins of Casting	矮人棉咏咒束膝裤
26326	Swallowskin Shoes of Casting	海燕革咏咒短靴
26328	Petalite Earrings of Fending	透锂长石御敌耳坠
26329	Petalite Earrings of Slaying	透锂长石强攻耳坠
26330	Petalite Earrings of Aiming	透锂长石精准耳坠
26331	Petalite Earrings of Healing	透锂长石治愈耳坠
26332	Petalite Earrings of Casting	透锂长石咏咒耳坠
26333	Petalite Choker of Fending	透锂长石御敌项环
26334	Petalite Choker of Slaying	透锂长石强攻项环
26335	Petalite Choker of Aiming	透锂长石精准项环
26336	Petalite Choker of Healing	透锂长石治愈项环
26337	Petalite Choker of Casting	透锂长石咏咒项环
26338	Petalite Bracelet of Fending	透锂长石御敌手镯
26339	Petalite Bracelet of Slaying	透锂长石强攻手镯
26340	Petalite Bracelet of Aiming	透锂长石精准手镯
26341	Petalite Bracelet of Healing	透锂长石治愈手镯
26342	Petalite Bracelet of Casting	透锂长石咏咒手镯
26343	Petalite Ring of Fending	透锂长石御敌指环
26344	Petalite Ring of Slaying	透锂长石强攻指环
26345	Petalite Ring of Aiming	透锂长石精准指环
26346	Petalite Ring of Healing	透锂长石治愈指环
26347	Petalite Ring of Casting	透锂长石咏咒指环
26428	Sinfender	缓罪剑
26429	Burattinaios	木偶师
26430	Alastor	复仇魔斧
26431	Skystrider	行空
26432	Gendawa	海岛之弓
26433	Silktones	丝音
26434	Gust Tongue	暴风舌大剑
26435	Murderer	凶犯
26436	Clearpath	净路之杖
26437	Catalyst	催化之杖
26438	Galdrabok	魔咒手稿
26439	Pragmatism	实用主义
26440	Pollux	北河三天仪
26441	Sankhara	行蕴
26442	Merveilleuse	惊异刺剑
26443	Tutelary	守护之刃
26444	Barathrum	深渊轮刃
26445	Dominus Shield	领主盾
26446	Facet Circlet of Fending	中庸御敌头冠
26447	Facet Mail of Fending	中庸御敌战铠
26448	Facet Gauntlets of Fending	中庸御敌手铠
26449	Facet Chain Hose of Fending	中庸御敌锁甲骑兵裤
26450	Facet Sabatons of Fending	中庸御敌铠靴
26452	Facet Circlet of Maiming	中庸制敌头冠
26453	Facet Mail of Maiming	中庸制敌战铠
26454	Facet Gauntlets of Maiming	中庸制敌手铠
26455	Facet Bottoms of Maiming	中庸制敌打底裤
26456	Facet Sabatons of Maiming	中庸制敌铠靴
26458	Facet Circlet of Striking	中庸强袭头冠
26459	Facet Cyclas of Striking	中庸强袭斗服
26460	Facet Gloves of Striking	中庸强袭手套
26461	Facet Gaskins of Striking	中庸强袭束膝裤
26462	Facet Sandals of Striking	中庸强袭凉鞋
26464	Facet Turban of Aiming	中庸精准包头巾
26465	Facet Tabard of Aiming	中庸精准罩衣
26466	Facet Halfgloves of Aiming	中庸精准半指手套
26467	Facet Brais of Aiming	中庸精准衬裤
26468	Facet Boots of Aiming	中庸精准筒靴
26470	Facet Turban of Scouting	中庸游击包头巾
26471	Facet Dolman of Scouting	中庸游击外套
26472	Facet Gloves of Scouting	中庸游击手套
26473	Facet Bottoms of Scouting	中庸游击打底裤
26474	Facet Thighboots of Scouting	中庸游击高筒靴
26476	Facet Hat of Healing	中庸治愈礼帽
26477	Facet Coat of Healing	中庸治愈长衣
26478	Facet Dress Gloves of Healing	中庸治愈礼服手套
26479	Facet Trousers of Healing	中庸治愈软甲裤
26480	Facet Boots of Healing	中庸治愈长靴
26482	Facet Hat of Casting	中庸咏咒宽边帽
26483	Facet Coat of Casting	中庸咏咒长衣
26484	Facet Halfgloves of Casting	中庸咏咒半手套
26485	Facet Bottoms of Casting	中庸咏咒打底裤
26486	Facet Boots of Casting	中庸咏咒长靴
26488	Facet Earrings of Fending	中庸御敌耳坠
26489	Facet Earrings of Slaying	中庸强攻耳坠
26490	Facet Earrings of Aiming	中庸精准耳坠
26491	Facet Earrings of Healing	中庸治愈耳坠
26492	Facet Earrings of Casting	中庸咏咒耳坠
26493	Facet Choker of Fending	中庸御敌项环
26494	Facet Choker of Slaying	中庸强攻项环
26495	Facet Choker of Aiming	中庸精准项环
26496	Facet Choker of Healing	中庸治愈项环
26497	Facet Choker of Casting	中庸咏咒项环
26498	Facet Bracelet of Fending	中庸御敌手镯
26499	Facet Bracelet of Slaying	中庸强攻手镯
26500	Facet Bracelet of Aiming	中庸精准手镯
26501	Facet Bracelet of Healing	中庸治愈手镯
26502	Facet Bracelet of Casting	中庸咏咒手镯
26503	Facet Ring of Fending	中庸御敌指环
26504	Facet Ring of Slaying	中庸强攻指环
26505	Facet Ring of Aiming	中庸精准指环
26506	Facet Ring of Healing	中庸治愈指环
26507	Facet Ring of Casting	中庸咏咒指环
26530	Cryptomeria Lumber	柳杉木材
26532	Pure Titanium Plate	纯钛板
26782	Magicked Bed	魔法飞床
27077	Deepgold Saw	深金手锯
27078	Deepgold Cross-pein Hammer	深金横头锤
27079	Deepgold Raising Hammer	深金圆头锤
27080	Deepgold Lapidary Hammer	深金工艺锤
27081	Deepgold Head Knife	深金裁皮刀
27082	Stonegold Needle	石金缝针
27083	Deepgold Alembic	深金蒸馏器
27084	Deepgold Rail Frypan	深金秧鸡平底锅
27085	Deepgold Pickaxe	深金鹤嘴锄
27086	Deepgold Hatchet	深金手斧
27087	White Oak Fishing Rod	白橡木钓竿
27088	Deepgold Claw Hammer	深金羊角锤
27089	Deepgold File	深金锉刀
27090	Deepgold Pliers	深金手钳
27091	White Oak Grinding Wheel	白橡木砂轮机
27092	Deepgold Awl	深金平斩
27093	White Oak Spinning Wheel	白橡木纺车
27094	Deepgold Mortar	深金研钵
27095	Deepgold Culinary Knife	深金厨刀
27096	Deepgold Sledgehammer	深金碎石锤
27097	Deepgold Scythe	深金镰刀
27098	Bluespirit Halfheart Saw	灵青圆手锯
27099	Bluespirit Cross-pein Hammer	灵青横头锤
27100	Bluespirit Raising Hammer	灵青圆头锤
27101	Bluespirit Lapidary Hammer	灵青工艺锤
27102	Bluespirit Round Knife	灵青圆革刀
27103	Manasilver Needle	魔银缝针
27104	Bluespirit Alembic	灵青蒸馏器
27105	Bluespirit Porxie Frypan	灵青仙子猪平底锅
27106	Bluespirit Pickaxe	灵青鹤嘴锄
27107	Bluespirit Hatchet	灵青手斧
27108	White Ash Fishing Rod	白梣木钓竿
27109	Bluespirit Claw Hammer	灵青羊角锤
27110	Bluespirit File	灵青锉刀
27111	Bluespirit Pliers	灵青手钳
27112	White Ash Grinding Wheel	白梣木砂轮机
27113	Bluespirit Awl	灵青平斩
27114	White Ash Spinning Wheel	白梣木纺车
27115	Bluespirit Mortar	灵青研钵
27116	Bluespirit Culinary Knife	灵青厨刀
27117	Bluespirit Sledgehammer	灵青碎石锤
27118	Bluespirit Scythe	灵青镰刀
27119	Titanbronze Saw	钛铜手锯
27120	Titanbronze Lump Hammer	钛铜横头锤
27121	Titanbronze Ball-pein Hammer	钛铜球顶锤
27122	Titanbronze Texture Hammer	钛铜雕金锤
27123	Titanbronze Creasing Knife	钛铜制革刀
27124	Titanbronze Needle	钛铜缝针
27125	Titanbronze Alembic	钛铜蒸馏器
27126	Titanbronze Moogle Frypan	钛铜莫古力平底锅
27127	Titanbronze Pickaxe	钛铜鹤嘴锄
27128	Titanbronze Hatchet	钛铜手斧
27129	Sandteak Fishing Rod	沙柚木钓竿
27130	Titanbronze Claw Hammer	钛铜羊角锤
27131	Titanbronze File	钛铜锉刀
27132	Titanbronze Pliers	钛铜手钳
27133	Sandteak Grinding Wheel	沙柚木砂轮机
27134	Titanbronze Awl	钛铜平斩
27135	Sandteak Spinning Wheel	沙柚木纺车
27136	Titanbronze Mortar	钛铜研钵
27137	Titanbronze Culinary Knife	钛铜厨刀
27138	Titanbronze Sledgehammer	钛铜碎石锤
27139	Titanbronze Scythe	钛铜镰刀
27140	Dwarven Mythril Saw	矮人银手锯
27141	Dwarven Mythril Cross-pein Hammer	矮人银横头锤
27142	Dwarven Mythril Raising Hammer	矮人银圆头锤
27143	Dwarven Mythril Lapidary Hammer	矮人银工艺锤
27144	Dwarven Mythril Round Knife	矮人银圆革刀
27145	Dwarven Mythril Needle	矮人银缝针
27146	Dwarven Mythril Alembic	矮人银蒸馏器
27147	Dwarven Mythril Frypan	矮人银平底锅
27148	Dwarven Mythril Pickaxe	矮人银鹤嘴锄
27149	Dwarven Mythril Hatchet	矮人银手斧
27150	Lignum Vitae Fishing Rod	愈疮木钓竿
27151	Dwarven Mythril Claw Hammer	矮人银羊角锤
27152	Dwarven Mythril File	矮人银锉刀
27153	Dwarven Mythril Pliers	矮人银手钳
27154	Lignum Vitae Grinding Wheel	愈疮木砂轮机
27155	Dwarven Mythril Awl	矮人银平斩
27156	Lignum Vitae Spinning Wheel	愈疮木纺车
27157	Dwarven Mythril Mortar	矮人银研钵
27158	Dwarven Mythril Culinary Knife	矮人银厨刀
27159	Dwarven Mythril Sledgehammer	矮人银碎石锤
27160	Dwarven Mythril Scythe	矮人银镰刀
27161	Brightlinen Turban of Crafting	白麻巧匠包头巾
27162	Brightlinen Doublet Vest of Crafting	白麻巧匠工作服
27163	Smilodonskin Gloves of Crafting	斯剑虎革巧匠手套
27164	Brightlinen Bottoms of Crafting	白麻巧匠打底裤
27165	Smilodonskin Shoes of Crafting	斯剑虎革巧匠工作靴
27166	Brightlinen Turban of Gathering	白麻大地包头巾
27167	Brightlinen Coat of Gathering	白麻大地大衣
27168	Smilodonskin Gloves of Gathering	斯剑虎革大地手套
27169	Brightlinen Bottoms of Gathering	白麻大地打底裤
27170	Smilodonskin Shoes of Gathering	斯剑虎革大地工作靴
27171	Pixie Cotton Hat of Crafting	仙子棉巧匠工作帽
27172	Pixie Cotton Apron of Crafting	仙子棉巧匠围裙
27173	Pixie Cotton Sleeves of Crafting	仙子棉巧匠袖套
27174	Pixie Cotton Breeches of Crafting	仙子棉巧匠马裤
27175	Atrociraptorskin Boots of Crafting	野蛮盗龙革巧匠长靴
27176	Atrociraptorskin Cap of Gathering	野蛮盗龙革大地工作帽
27177	Atrociraptorskin Vest of Gathering	野蛮盗龙革大地坎肩
27178	Atrociraptorskin Gloves of Gathering	野蛮盗龙革大地手套
27179	Pixie Cotton Slops of Gathering	仙子棉大地工作裤
27180	Atrociraptorskin Boots of Gathering	野蛮盗龙革大地工作靴
27181	Ovim Wool Turban of Crafting	力山羊巧匠包头巾
27182	Zonureskin Jacket of Crafting	缠尾蛟革巧匠外套
27183	Zonureskin Gloves of Crafting	缠尾蛟革巧匠手套
27184	Ovim Wool Gaskins of Crafting	力山羊巧匠束膝裤
27185	Zonureskin Shoes of Crafting	缠尾蛟革巧匠工作靴
27186	Ovim Wool Turban of Gathering	力山羊大地包头巾
27187	Zonureskin Robe of Gathering	缠尾蛟革大地长袍
27188	Zonureskin Gloves of Gathering	缠尾蛟革大地手套
27189	Ovim Wool Gaskins of Gathering	力山羊大地束膝裤
27190	Zonureskin Shoes of Gathering	缠尾蛟革大地工作靴
27191	Dwarven Cotton Beret	矮人棉贝雷帽
27192	Dwarven Cotton Jacket	矮人棉外套
27193	Swallowskin Fingerless Gloves	海燕革半指手套
27194	Dwarven Cotton Trousers	矮人棉软甲裤
27195	Swallowskin Shoes	海燕革短靴
27196	Dwarven Cotton Bandana	矮人棉头带
27197	Swallowskin Coat	海燕革长衣
27198	Swallowskin Gloves	海燕革手套
27199	Dwarven Cotton Breeches	矮人棉马裤
27200	Swallowskin Boots	海燕革长靴
27202	White Oak Earrings	白橡木耳坠
27203	White Oak Necklace	白橡木项链
27204	White Oak Bracelets	白橡木手镯
27205	White Oak Ring	白橡木指环
27207	Smilodonskin Earrings	斯剑虎革耳坠
27208	Smilodonskin Choker	斯剑虎革项环
27209	Smilodonskin Wristband	斯剑虎革手环
27210	Smilodonskin Ring	斯剑虎革指环
27212	Manasilver Ear Cuffs	魔银耳夹
27213	Manasilver Choker	魔银项环
27214	Manasilver Bracelets	魔银手镯
27215	Manasilver Ring	魔银指环
27217	White Ash Earrings	白梣木耳坠
27218	White Ash Necklace	白梣木项链
27219	White Ash Bracelet	白梣木手镯
27220	White Ash Ring	白梣木指环
27222	Dwarven Mythril Ear Cuffs	矮人银耳夹
27223	Dwarven Mythril Choker	矮人银项环
27224	Dwarven Mythril Bracelets	矮人银手镯
27225	Dwarven Mythril Ring	矮人银指环
27227	Lignum Vitae Earrings	愈疮木耳坠
27228	Lignum Vitae Necklace	愈疮木项链
27229	Lignum Vitae Bracelet	愈疮木手镯
27230	Lignum Vitae Ring	愈疮木指环
27232	Metal Gauntlets	金属制的手甲
27233	Metal Worm Jar	金属制的食材容器
27234	Metal Trident	金属制的三叉枪
27235	Nullifying Neckpiece	耐魔法用首饰
27237	Intricate Censer	金属制的香炉
27239	Enchanting Ring	精巧的戒指
27240	Canvas Repair Materials	油画布的修复素材
27241	Upholstery Repair Materials	内衬的修复素材
27242	Amaro Barding Repair Materials	阿马罗装备的修复素材
27243	Lute Repair Materials	鲁特琴的修复素材
27245	Workshop Sign	工房的招牌
27247	Lute Modification Component	鲁特琴的调整部件
27248	Edible Antidote	解毒的药饵
27249	Nutrient-rich Porridge	低刺激性药饵
27250	Fortifying Soup	恢复期的药饵
27251	Berube Feed	贝鲁布风味的食饵
27253	Offering of Sweets	给妖灵的礼物
27255	Zun-style Amaro Feed	勇人族的菜丸子
27268	Walnut Interior Wall	胡桃木内墙
27269	Brick Flooring	砖块地板
27270	Crystarium Chandelier	水晶都吊灯
27271	Lily Floor Lamp	治疗百合落地灯
27272	Lily Wall Lamp	治疗百合壁灯
27274	Simple Curtain	简易式窗帘
27278	Hunting Supplies	狩猎装备柜
27279	War Chest	战斗精英装备柜
27280	Imitation Stained Crystal Pane	仿制小彩绘玻璃窗
27282	Crystarium Bench	水晶都长椅
27284	Crystarium Stove	水晶都厨房壁炉
27285	Crystarium Kitchen Hanger	水晶都厨房壁挂架
27286	Crystarium Teapot	水晶都茶壶
27291	Crystarium Mechanical Till	水晶都机械式收银台
27295	Sandwich Basket	三明治篮子
27296	Wooden Handrail	木制扶手
27297	Misplaced Eyeglasses	随手乱放的眼镜
27299	Blades of Innocence	无瑕奖杯
27300	Titania Shadow Box	妖灵王缇坦妮雅的挂件
27312	Crystarium Umbrella Stand	水晶都伞架
27357	High Steel Gunblade	硬钢枪刃
27358	High Steel Chakrams	硬钢圆月轮
27361	High Steel Bayonet	硬钢刺刀
27362	High Steel War Quoits	硬钢战轮
27365	Doman Iron Gunblade	卸铁枪刃
27366	Doman Iron Glaives	卸铁轮刃
27369	Doman Steel Gunblade	玉钢枪刃
27370	Doman Steel War Quoits	玉钢战轮
27373	Molybdenum Gunblade	钼钢枪刃
27374	Molybdenum Chakrams	钼钢圆月轮
27634	Altered Thighboots	改良型筒靴
27635	Altered Cotton Bandana	改良型棉头带
27636	Hard Leather Kecks	硬革腿套
27637	Hard Leather Thighboots	硬革长靴
27638	Altered Velveteen Bandana	改良型棉绒头巾
27639	Linen Bandana	亚麻头巾
27640	Altered Boarskin Thighboots	改良型野猪革长靴
27641	Altered Boarskin Pot Helm	改良型野猪革盔帽
27642	Altered Woolen Shirt	改良型呢绒衬衫
27643	Altered Woolen Hat	改良型呢绒宽边帽
27644	Woolen Tunic	呢绒束腰衣
27645	Altered Woolen Bracers	改良型呢绒弓术手套
27646	Altered Woolen Trousers	改良型内衬呢绒软甲裤
27647	Raptorskin Moccasins	盗龙革狩猎靴
27648	Woolen Bandana	呢绒头巾
27649	Raptorskin Shirt	盗龙革衬衫
27650	Raptorskin Gloves	盗龙革手套
27651	Raptorskin Skirt	盗龙革短裙
27652	Raptorskin Boots	盗龙革长筒靴
27653	Iron Headgear	黑铁头甲
27654	Steel Headgear	白钢头甲
27655	Altered Heavy Steel Armor	改良型白钢重甲
27656	Altered Mythril Elmo	改良型秘银骑兵头盔
27657	Altered Mythril Chain Coif	改良型秘银锁甲头罩
27658	Altered High Mythril Armor	改良型秘银重甲
27659	Altered Cobalt Elmo	改良型钴铁骑兵头盔
27660	Cobalt Mask	钴铁面罩
27661	Altered Cobalt Cuirass	改良型钴铁胸甲
27662	Altered Cobalt Gauntlets	改良型钴铁手铠
27663	Woolen Trousers of Fending	呢绒御敌软甲裤
27664	Altered Cobalt Sabatons	改良型钴铁铠靴
27665	Altered Leather Thighboots	改良型牛皮长靴
27666	Altered Cotton Dalmatica	改良型棉布厚袍
27667	Altered Goatskin Moccasins	改良型山羊革狩猎靴
27668	Silver Monocle	白银单眼镜
27669	Velveteen Bliaud	棉绒外袍
27670	Velveteen Gloves	棉绒手套
27671	Altered Velveteen Hose	改良型棉绒马裤
27672	Toadskin Boots	巨蟾蜍革长靴
27673	Altered Linen Cowl	改良型亚麻僧袍
27674	Altered Mythril Magnifiers	改良型秘银作业眼镜
27675	Altered Woolen Gown	改良型呢绒长外衣
27676	Altered Woolen Chausses	改良型呢绒裤袜
27677	Altered Woolen Cowl	改良型呢绒僧袍
27678	Altered Felt Hat	改良型纤维宽边帽
27679	Altered Felt Robe	改良型纤维长袍
27680	Felt Gloves	纤维手套
27681	Felt Breeches	纤维马裤
27682	Raptorskin Crakows	盗龙革尖头靴
27689	White Oak Lumber	白橡木木材
27690	Miracle Apple Lumber	仙果木木材
27691	White Ash Lumber	白梣木木材
27692	Sandteak Lumber	沙柚木木材
27693	Lignum Vitae Lumber	愈疮木木材
27694	Sandalwood Lumber	檀香木木材
27706	Deepgold Nugget	深金块
27707	Stonegold Nugget	石金块
27708	Deepgold Ingot	深金锭
27709	Stonegold Ingot	石金锭
27710	Manasilver Nugget	魔银块
27711	Bluespirit Tile	灵青石材
27712	Titanbronze Nugget	钛铜块
27713	Titanbronze Ingot	钛铜锭
27714	Dwarven Mythril Ingot	矮人银锭
27715	Dwarven Mythril Nugget	矮人银块
27716	Tungsten Steel Ingot	重钨钢锭
27717	Prismatic Ingot	虹结晶石材
27720	Hematite	乌钢石
27721	Diaspore	硬水铝石
27722	Lazurite	青金石
27723	Triplite	三重石
27724	Petalite	透锂长石
27725	Onyx	黑玛瑙
27738	Smilodon Leather	斯剑虎革
27739	Green Glider Leather	绿飘龙革
27740	Atrociraptor Leather	野蛮盗龙革
27741	Zonure Leather	缠尾蛟革
27742	Sea Swallow Leather	海燕革
27743	Chalicotherium Leather	砂犷兽革
27745	Bright Linen Cloth	白麻布
27746	Bright Linen Yarn	白麻线
27748	Iridescent Silk	虹茧布
27749	Iridescent Silk Thread	虹茧线
27751	Pixie Cotton	仙子棉布
27752	Pixie Floss	仙子棉线
27754	Ovim Wool	力山羊毛布
27755	Ovim Wool Yarn	力山羊毛线
27757	Dwarven Cotton	矮人棉布
27758	Dwarven Cotton Thread	矮人棉线
27760	Ethereal Silk	泡绢布
27765	Growth Formula Iota	植物成长剂9型
27766	Enchanted Truegold Ink	石金附魔墨水
27767	Grade 1 Strength Alkahest	1级刚力之幻水
27768	Grade 1 Dexterity Alkahest	1级巧力之幻水
27769	Grade 1 Vitality Alkahest	1级耐力之幻水
27770	Grade 1 Intelligence Alkahest	1级智力之幻水
27771	Grade 1 Mind Alkahest	1级意力之幻水
27772	Enchanted Manasilver Ink	魔银附魔墨水
27775	Starch Glue	植物胶
27777	Refined Natron	强泡碱
27778	Growth Formula Kappa	植物成长剂10型
27781	Enchanted Dimythrite Ink	暗银附魔墨水
27786	Tincture of Strength	刚力之幻药
27787	Tincture of Dexterity	巧力之幻药
27788	Tincture of Vitality	耐力之幻药
27789	Tincture of Intelligence	智力之幻药
27790	Tincture of Mind	意力之幻药
27791	Grade 2 Strength Alkahest	2级刚力之幻水
27792	Grade 2 Dexterity Alkahest	2级巧力之幻水
27793	Grade 2 Vitality Alkahest	2级耐力之幻水
27794	Grade 2 Intelligence Alkahest	2级智力之幻水
27795	Grade 2 Mind Alkahest	2级意力之幻水
27802	Hard Mudstone Whetstone	硬泥岩磨刀石
27804	Tuff Whetstone	凝灰岩磨刀石
27838	Frantoio Oil	油橄榄油
27839	Garden Beet Sugar	野园甜菜糖
27840	Squid Ink	乌贼墨汁
27841	Upland Wheat Flour	山地小麦粉
27842	Golden Honey	黄金蜂蜜
27843	Night Vinegar	黑夜醋
27853	Grilled Rail	秧鸡烤肉
27854	Purple Carrot Juice	紫胡萝卜果汁
27855	Caramels	焦糖
27856	Broad Bean Soup	蚕豆汤
27857	Spaghetti al Nero	黑色酱汁直面
27858	Broad Bean Salad	蚕豆沙拉
27859	Grilled Platinum Bream	盐烤白金鲷鱼
27860	Baguette	长棍面包
27861	Blood Tomato Juice	血番茄果汁
27862	Pixie Apple Pie	仙子苹果派
27863	Nut Bake	坚果糕
27864	Blood Tomato Salad	血番茄沙拉
27865	Mushroom Saute	煎蘑菇
27866	Sausage Links	香肠
27867	Roast Ovim	烤力山羊
27868	Mushroom Skewer	蘑菇烤串
27869	Baked Megapiranha	菌蒸巨型水虎鱼
27870	Peppered Popotoes	胡椒炒新薯
27871	Popotoes au Gratin	焗黄新薯
27872	Masala Chai	马萨拉奶茶
27873	Risotto al Nero	墨汁炖饭
27874	Espresso con Panna	浓缩奶油咖啡
27875	Mist Spinach Saute	黄油煎迷雾菠菜
27876	Blood Bouillabaisse	血色五海杂烩汤
27877	Paella	海鲜烩饭
27878	Coffee Biscuit	咖啡曲奇
27879	Ovim Cordon Bleu	力山羊肉蓝带肉排
27880	Lemonade	柠檬水
27881	Jellied Harcot	香杏果冻
27882	Oysters on the Half Shell	生吃食用蚝
27883	Creamy Salmon Pasta	鲑鱼奶油面
27884	King Salmon Meuniere	帝王鲑鱼排
27885	Popoto Salad	新薯沙拉
27886	Robe Lettuce Salad	巫师莴苣沙拉
27887	Pixieberry Tea	仙子莓茶
27888	Pixieberry Cheesecake	仙子莓奶酪蛋糕
27889	Kukuru Rusk	可可面包干
27890	Lemon Curd Sachertorte	柠檬萨赫蛋糕
27891	Rare Roast Beef	高级烤牛肉
27892	Exquisite Beef Stew	高级清炖牛肉
27901	What Angel Wakes Me Orchestrion Roll	管弦乐琴乐谱：天使醒来
27902	Insanity Orchestrion Roll	管弦乐琴乐谱：精神错乱
27924	Red Hydrangea Corsage	红色绣球头花
27925	Blue Hydrangea Corsage	蓝色绣球头花
27926	Yellow Hydrangea Corsage	黄色绣球头花
27927	Green Hydrangea Corsage	绿色绣球头花
27928	Orange Hydrangea Corsage	橙色绣球头花
27929	Purple Hydrangea Corsage	紫色绣球头花
27930	White Hydrangea Corsage	白色绣球头花
27931	Black Hydrangea Corsage	黑色绣球头花
27932	Rainbow Hydrangea Corsage	混色绣球头花
27938	Hooded Fireglass Leather Vest	玻璃革兜帽坎肩
27939	Cropped Fireglass Leather Slops	玻璃革七分裤
27940	Steerhide Shoes	牛皮鞋
27941	Summer Indigo Shirt	夏季靛蓝衬衫
27942	Cropped Summer Indigo Slops	夏季靛蓝七分裤
27955	Crimson Firesand	红色火药
27957	Competent Craftsman's Syrup	名匠药水
27958	Commanding Craftsman's Syrup	巨匠药水
27959	Cunning Craftsman's Syrup	魔匠药水
27960	Superior Spiritbond Potion	极精炼药
27986	Titania Barding	缇坦妮雅装甲
27987	Innocence Barding	无瑕灵君装甲
27990	Altered Linen Chausses	改良型亚麻裤袜
27991	Adventurer's Hooded Vest	冒险者兜帽坎肩
27995	Grade 2 Tincture of Strength	2级刚力之幻药
27996	Grade 2 Tincture of Dexterity	2级巧力之幻药
27997	Grade 2 Tincture of Vitality	2级耐力之幻药
27998	Grade 2 Tincture of Intelligence	2级智力之幻药
27999	Grade 2 Tincture of Mind	2级意力之幻药
28126	Eulmoran Inner Wall	游末邦内墙
28127	Eulmoran Marble Flooring	游末邦大理石地板
28128	Eulmoran Chandelier	游末邦枝形吊灯
28131	Indoor Oriental Garden	东方风格室内庭园
28132	Oriental Chawan-mushi Lunch	东方午餐组合：蒸蛋羹
28133	Oasis Wall-mounted Fountain	绿洲壁挂喷泉
28137	Dishware	餐具套装
28139	Imitation Long Window	仿制长方窗
28142	Misplaced Mog Slippers	莫古力室内鞋
28144	Hades Trophy	哈迪斯奖杯
28145	Ale Tap	麦酒龙头
28147	Tabletop Hat Stand	桌台帽架
28148	Vanity Mirror	化妆镜
28149	Necklace Display Stand	项链展示台
28160	Vegetable Garden	蔬菜园
28162	Armorer's Stall	防具摊
28163	Weaponsmith's Stall	武器摊
28164	Jeweler's Stall	珠宝摊
28165	Florist's Stall	鲜花摊
28166	Baker's Stall	面包摊
28167	Fruiterer's Stall	水果摊
28168	Greengrocer's Stall	蔬菜摊
28169	Bookseller's Stall	书摊
28170	Enchanter's Stall	道具摊
28171	Butcher's Stall	精肉摊
28194	Flyer Printing Set	传单制作必需品
28195	Kholusian Cuisine Set	新菜肴必需品
28196	Honeybee Trappings	舞台服装必需品
28197	Airship Fittings	飞空艇改装必需品
28198	Beehive Souvenir	蜂箱夜总会特产
28461	Facet Saw	中庸手锯
28462	Facet Cross-pein Hammer	中庸横头锤
28463	Facet Raising Hammer	中庸圆头锤
28464	Facet Mallet	中庸工艺锤
28465	Facet Round Knife	中庸圆革刀
28466	Facet Needle	中庸缝针
28467	Facet Alembic	中庸蒸馏器
28468	Facet Frypan	中庸煎锅
28469	Facet Pickaxe	中庸鹤嘴锄
28470	Facet Hatchet	中庸手斧
28471	Facet Fishing Rod	中庸钓竿
28472	Facet Hat of Crafting	中庸巧匠工作帽
28473	Facet Coat of Crafting	中庸巧匠外套
28474	Facet Gloves of Crafting	中庸巧匠手套
28475	Facet Trousers of Crafting	中庸巧匠软甲裤
28476	Facet Boots of Crafting	中庸巧匠工作鞋
28477	Facet Cap of Gathering	中庸大地皮帽
28478	Facet Coat of Gathering	中庸大地外套
28479	Facet Fingerless Gloves of Gathering	中庸大地半指护手
28480	Facet Bottoms of Gathering	中庸大地打底裤
28481	Facet Boots of Gathering	中庸大地筒靴
28509	Facet Claw Hammer	中庸羊角锤
28510	Facet File	中庸锉刀
28511	Facet Pliers	中庸手钳
28512	Facet Grinding Wheel	中庸砂轮机
28513	Facet Awl	中庸平斩
28514	Facet Spinning Wheel	中庸纺车
28515	Facet Mortar	中庸研钵
28516	Facet Culinary Knife	中庸厨刀
28517	Facet Sledgehammer	中庸碎石锤
28518	Facet Scythe	中庸镰刀
28588	Urban Coat	都市外套
28589	Urban Boots	都市筒靴
28590	Rebel Coat	叛逆外套
28591	Rebel Boots	叛逆筒靴
28616	Hades Barding	哈迪斯装甲
28637	Lakeland Chair	雷克兰德座椅
28638	Lakeland Table	雷克兰德餐桌
28639	Leather Sofa	皮革沙发
28642	Wooden Deck	木制平台
28714	Alumina Whetstone	矾土磨刀石
28715	Pliable Glass Fiber	强化玻璃纤维
28720	Mejillones al Ajillo	蒜炒贻贝
28721	Arros Negre	乌贼墨汁炒饭
28725	Skybuilders' Plywood	重建用的合板
28726	Skybuilders' Alloy	重建用的合金
28727	Skybuilders' Steel Plate	重建用的金属板
28728	Skybuilders' Ingot	重建用的金属锭
28729	Skybuilders' Leather	重建用的鞣革
28730	Skybuilders' Rope	重建用的草绳
28731	Skybuilders' Ink	重建用的墨水
28732	Skybuilders' Hemp Milk	重建用的麻乳
28733	Skybuilders' Wain	重建用的货车
28734	Skybuilders' Nails	重建用的铁钉
28735	Skybuilders' Rivets	重建用的铆钉
28736	Skybuilders' Rings	重建用的铁环
28737	Skybuilders' Leather Straps	重建用的皮绳
28738	Skybuilders' Cloth	重建用的布料
28739	Skybuilders' Plant Oil	重建用的植物油
28740	Skybuilders' Uncooked Pasta	重建用的干面
28741	Skybuilders' Barrel	重建用的木桶
28742	Skybuilders' Hammer	重建用的锤子
28743	Skybuilders' Cooking Pot	重建用的煎锅
28744	Skybuilders' Candelabra	重建用的烛台
28745	Skybuilders' Rug	重建用的地毯
28746	Skybuilders' Broom	重建用的扫把
28747	Skybuilders' Charcoal	重建用的木炭
28748	Skybuilders' Tea	重建用的红茶
28749	Skybuilders' Pedestal	重建用的桌台
28750	Skybuilders' Crosscut Saw	重建用的锯子
28751	Skybuilders' Counter	重建用的厨台
28752	Skybuilders' Stone	重建用的石材
28753	Skybuilders' Longboots	重建用的长靴
28754	Skybuilders' Gloves	重建用的手套
28755	Skybuilders' Soap	重建用的肥皂
28756	Skybuilders' All-purpose Infusion	重建用的药汤
28757	Skybuilders' Bed	重建用的睡床
28758	Skybuilders' Oven	重建用的火炉
28759	Skybuilders' Lamppost	重建用的街灯
28760	Skybuilders' Brazier	重建用的篝火台
28761	Skybuilders' Overalls	重建用的工作服
28762	Skybuilders' Waterproof Sheet	重建用的防水布
28763	Skybuilders' Alchemic	重建用的炼金药
28764	Skybuilders' Stew	重建用的炖菜
28799	Red Campanula Corsage	红色风铃头花
28800	Blue Campanula Corsage	蓝色风铃头花
28801	Yellow Campanula Corsage	黄色风铃头花
28802	Green Campanula Corsage	绿色风铃头花
28803	Orange Campanula Corsage	橙色风铃头花
28804	Purple Campanula Corsage	紫色风铃头花
28805	White Campanula Corsage	白色风铃头花
28806	Black Campanula Corsage	黑色风铃头花
28807	Rainbow Campanula Corsage	混色风铃头花
28808	Replica Sky Pirate's Helm of Fending	空贼御敌头盔（复制品）
28809	Replica Sky Pirate's Coat of Fending	空贼御敌外套（复制品）
28810	Replica Sky Pirate's Gauntlets of Fending	空贼御敌手铠（复制品）
28811	Replica Sky Pirate's Gaskins of Fending	空贼御敌斗裤（复制品）
28812	Replica Sky Pirate's Boots of Fending	空贼御敌长靴（复制品）
28813	Replica Sky Pirate's Helm of Maiming	空贼制敌头盔（复制品）
28814	Replica Sky Pirate's Coat of Maiming	空贼制敌外套（复制品）
28815	Replica Sky Pirate's Gauntlets of Maiming	空贼制敌手铠（复制品）
28816	Replica Sky Pirate's Gaskins of Maiming	空贼制敌斗裤（复制品）
28817	Replica Sky Pirate's Boots of Maiming	空贼制敌长靴（复制品）
28818	Replica Sky Pirate's Mask of Striking	空贼强袭面具（复制品）
28819	Replica Sky Pirate's Jacket of Striking	空贼强袭短衣（复制品）
28820	Replica Sky Pirate's Gloves of Striking	空贼强袭手套（复制品）
28821	Replica Sky Pirate's Trousers of Striking	空贼强袭软甲裤（复制品）
28822	Replica Sky Pirate's Boots of Striking	空贼强袭长靴（复制品）
28823	Replica Sky Pirate's Beret of Aiming	空贼精准贝雷帽（复制品）
28824	Replica Sky Pirate's Vest of Aiming	空贼精准坎肩（复制品）
28825	Replica Sky Pirate's Gloves of Aiming	空贼精准手套（复制品）
28826	Replica Sky Pirate's Halfslops of Aiming	空贼精准五分裤（复制品）
28827	Replica Sky Pirate's Boots of Aiming	空贼精准筒靴（复制品）
28828	Replica Sky Pirate's Mask of Scouting	空贼游击面具（复制品）
28829	Replica Sky Pirate's Jacket of Scouting	空贼游击短衣（复制品）
28830	Replica Sky Pirate's Gloves of Scouting	空贼游击手套（复制品）
28831	Replica Sky Pirate's Trousers of Scouting	空贼游击软甲裤（复制品）
28832	Replica Sky Pirate's Boots of Scouting	空贼游击长靴（复制品）
28833	Replica Sky Pirate's Cap of Healing	空贼治愈航空帽（复制品）
28834	Replica Sky Pirate's Coat of Healing	空贼治愈长衣（复制品）
28835	Replica Sky Pirate's Gloves of Healing	空贼治愈手套（复制品）
28836	Replica Sky Pirate's Bottoms of Healing	空贼治愈打底裤（复制品）
28837	Replica Sky Pirate's Shoes of Healing	空贼治愈长筒靴（复制品）
28838	Replica Sky Pirate's Cap of Casting	空贼咏咒航空帽（复制品）
28839	Replica Sky Pirate's Coat of Casting	空贼咏咒长衣（复制品）
28840	Replica Sky Pirate's Gloves of Casting	空贼咏咒手套（复制品）
28841	Replica Sky Pirate's Bottoms of Casting	空贼咏咒打底裤（复制品）
28842	Replica Sky Pirate's Shoes of Casting	空贼咏咒长筒靴（复制品）
28843	Replica Sky Rat Mask of Fending	空鼠御敌面具（复制品）
28844	Replica Sky Rat Harness of Fending	空鼠御敌格斗服（复制品）
28845	Replica Sky Rat Hook of Fending	空鼠御敌铁钩护臂（复制品）
28846	Replica Sky Rat Breeches of Fending	空鼠御敌马裤（复制品）
28847	Replica Sky Rat Hookboots of Fending	空鼠御敌铁钩筒靴（复制品）
28848	Replica Sky Rat Mask of Maiming	空鼠制敌面具（复制品）
28849	Replica Sky Rat Harness of Maiming	空鼠制敌格斗服（复制品）
28850	Replica Sky Rat Hook of Maiming	空鼠制敌铁钩护臂（复制品）
28851	Replica Sky Rat Breeches of Maiming	空鼠制敌马裤（复制品）
28852	Replica Sky Rat Hookboots of Maiming	空鼠制敌铁钩筒靴（复制品）
28853	Replica Sky Rat Mask of Striking	空鼠强袭面具（复制品）
28854	Replica Sky Rat Harness of Striking	空鼠强袭格斗服（复制品）
28855	Replica Sky Rat Fingerless Gloves of Striking	空鼠强袭半指护手（复制品）
28856	Replica Sky Rat Breeches of Striking	空鼠强袭马裤（复制品）
28857	Replica Sky Rat Ironclad Boots of Striking	空鼠强袭黑铁筒靴（复制品）
28858	Replica Sky Rat Mask of Aiming	空鼠精准面具（复制品）
28859	Replica Sky Rat Harness of Aiming	空鼠精准格斗服（复制品）
28860	Replica Sky Rat Fingerless Gloves of Aiming	空鼠精准半指护手（复制品）
28861	Replica Sky Rat Breeches of Aiming	空鼠精准马裤（复制品）
28862	Replica Sky Rat Ironclad Boots of Aiming	空鼠精准黑铁筒靴（复制品）
28863	Replica Sky Rat Mask of Scouting	空鼠游击面具（复制品）
28864	Replica Sky Rat Harness of Scouting	空鼠游击格斗服（复制品）
28865	Replica Sky Rat Hook of Scouting	空鼠游击铁钩护臂（复制品）
28866	Replica Sky Rat Breeches of Scouting	空鼠游击马裤（复制品）
28867	Replica Sky Rat Hookboots of Scouting	空鼠游击铁钩筒靴（复制品）
28868	Replica Sky Rat Mask of Healing	空鼠治愈面具（复制品）
28869	Replica Sky Rat Harness of Healing	空鼠治愈格斗服（复制品）
28870	Replica Sky Rat Hook of Healing	空鼠治愈铁钩护臂（复制品）
28871	Replica Sky Rat Breeches of Healing	空鼠治愈马裤（复制品）
28872	Replica Sky Rat Hookboots of Healing	空鼠治愈铁钩筒靴（复制品）
28873	Replica Sky Rat Mask of Casting	空鼠咏咒面具（复制品）
28874	Replica Sky Rat Harness of Casting	空鼠咏咒格斗服（复制品）
28875	Replica Sky Rat Fingerless Gloves of Casting	空鼠咏咒半指护手（复制品）
28876	Replica Sky Rat Breeches of Casting	空鼠咏咒马裤（复制品）
28877	Replica Sky Rat Ironclad Boots of Casting	空鼠咏咒黑铁筒靴（复制品）
28887	Invincible Orchestrion Roll	管弦乐琴乐谱：不灭孤念
28960	Rough Stone Interior Wall	石堆内墙
28961	Rough Stone Flooring	石堆地板
28962	Wooden Chandelier	木头吊灯
28965	Cosmetics Box	化妆箱
28970	Dish Rack	餐具架
28973	Manor Dressing Table	庄园梳妆台
28974	Cheese Collection	芝士柜
28975	Oldrose Wall Planter	墙上玫瑰
28976	Folded Futon	叠好的被褥
28977	The Bismarck	俾斯麦早餐组合
28978	Devil's Salad Bowl	辛辣蛋沙拉碗
28983	Picnic Basket	野餐篮
28984	First Chair's Trumpet	最佳演奏者的小号
28991	Used Banquet Table	陈旧桌椅组合
28992	Steppe Bed	草原床
28994	Ruby Weapon Bust	红宝石神兵像
29402	Ruby Barding	红宝石神兵装甲
29404	Neo-Ishgardian Sword	伊修加德新型长剑
29405	Neo-Ishgardian Claws	伊修加德新型利爪
29406	Neo-Ishgardian Labrys	伊修加德新型双刃斧
29407	Neo-Ishgardian Trident	伊修加德新型三尖枪
29408	Neo-Ishgardian Longbow	伊修加德新型长弓
29409	Neo-Ishgardian Daggers	伊修加德新型小刀
29410	Neo-Ishgardian Greatsword	伊修加德新型巨剑
29411	Neo-Ishgardian Revolver	伊修加德新型左轮枪
29412	Neo-Ishgardian Cane	伊修加德新型牧杖
29413	Neo-Ishgardian Rod	伊修加德新型法杖
29414	Neo-Ishgardian Grimoire	伊修加德新型魔导书
29415	Neo-Ishgardian Codex	伊修加德新型魔导典
29416	Neo-Ishgardian Planisphere	伊修加德新型天星盘
29417	Neo-Ishgardian Blade	伊修加德新型武士刀
29418	Neo-Ishgardian Foil	伊修加德新型花剑
29419	Neo-Ishgardian Manatrigger	伊修加德新型魔机刃
29420	Neo-Ishgardian Chakrams	伊修加德新型圆月轮
29421	Neo-Ishgardian Shield	伊修加德新型骑士盾
29422	Neo-Ishgardian Cap of Fending	伊修加德新型御敌军帽
29423	Neo-Ishgardian Top of Fending	伊修加德新型御敌上装
29424	Neo-Ishgardian Gauntlets of Fending	伊修加德新型御敌手铠
29425	Neo-Ishgardian Bottoms of Fending	伊修加德新型御敌打底裤
29426	Neo-Ishgardian Sollerets of Fending	伊修加德新型御敌锁甲靴
29428	Neo-Ishgardian Cap of Maiming	伊修加德新型制敌军帽
29429	Neo-Ishgardian Top of Maiming	伊修加德新型制敌上装
29430	Neo-Ishgardian Gloves of Maiming	伊修加德新型制敌手套
29431	Neo-Ishgardian Bottoms of Maiming	伊修加德新型制敌打底裤
29432	Neo-Ishgardian Boots of Maiming	伊修加德新型制敌皮靴
29434	Neo-Ishgardian Hat of Striking	伊修加德新型强袭礼帽
29435	Neo-Ishgardian Top of Striking	伊修加德新型强袭上装
29436	Neo-Ishgardian Gloves of Striking	伊修加德新型强袭手套
29437	Neo-Ishgardian Bottoms of Striking	伊修加德新型强袭打底裤
29438	Neo-Ishgardian Boots of Striking	伊修加德新型强袭长靴
29440	Neo-Ishgardian Cap of Aiming	伊修加德新型精准军帽
29441	Neo-Ishgardian Top of Aiming	伊修加德新型精准上装
29442	Neo-Ishgardian Gloves of Aiming	伊修加德新型精准手套
29443	Neo-Ishgardian Bottoms of Aiming	伊修加德新型精准打底裤
29444	Neo-Ishgardian Boots of Aiming	伊修加德新型精准长靴
29446	Neo-Ishgardian Hat of Scouting	伊修加德新型游击礼帽
29447	Neo-Ishgardian Top of Scouting	伊修加德新型游击上装
29448	Neo-Ishgardian Gloves of Scouting	伊修加德新型游击手套
29449	Neo-Ishgardian Bottoms of Scouting	伊修加德新型游击打底裤
29450	Neo-Ishgardian Sollerets of Scouting	伊修加德新型游击锁甲靴
29452	Neo-Ishgardian Cap of Healing	伊修加德新型治愈军帽
29453	Neo-Ishgardian Top of Healing	伊修加德新型治愈上装
29454	Neo-Ishgardian Gloves of Healing	伊修加德新型治愈手套
29455	Neo-Ishgardian Bottoms of Healing	伊修加德新型治愈打底裤
29456	Neo-Ishgardian Boots of Healing	伊修加德新型治愈长靴
29458	Neo-Ishgardian Hat of Casting	伊修加德新型咏咒礼帽
29459	Neo-Ishgardian Top of Casting	伊修加德新型咏咒上装
29460	Neo-Ishgardian Gloves of Casting	伊修加德新型咏咒手套
29461	Neo-Ishgardian Bottoms of Casting	伊修加德新型咏咒打底裤
29462	Neo-Ishgardian Boots of Casting	伊修加德新型咏咒皮靴
29464	Neo-Ishgardian Earring of Fending	伊修加德新型御敌耳坠
29465	Neo-Ishgardian Earring of Slaying	伊修加德新型强攻耳坠
29466	Neo-Ishgardian Earring of Aiming	伊修加德新型精准耳坠
29467	Neo-Ishgardian Earring of Healing	伊修加德新型治愈耳坠
29468	Neo-Ishgardian Earring of Casting	伊修加德新型咏咒耳坠
29469	Neo-Ishgardian Choker of Fending	伊修加德新型御敌项环
29470	Neo-Ishgardian Choker of Slaying	伊修加德新型强攻项环
29471	Neo-Ishgardian Choker of Aiming	伊修加德新型精准项环
29472	Neo-Ishgardian Choker of Healing	伊修加德新型治愈项环
29473	Neo-Ishgardian Choker of Casting	伊修加德新型咏咒项环
29474	Neo-Ishgardian Wristbands of Fending	伊修加德新型御敌手环
29475	Neo-Ishgardian Wristbands of Slaying	伊修加德新型强攻手环
29476	Neo-Ishgardian Wristbands of Aiming	伊修加德新型精准手环
29477	Neo-Ishgardian Wristbands of Healing	伊修加德新型治愈手环
29478	Neo-Ishgardian Wristbands of Casting	伊修加德新型咏咒手环
29479	Neo-Ishgardian Ring of Fending	伊修加德新型御敌指环
29480	Neo-Ishgardian Ring of Slaying	伊修加德新型强攻指环
29481	Neo-Ishgardian Ring of Aiming	伊修加德新型精准指环
29482	Neo-Ishgardian Ring of Healing	伊修加德新型治愈指环
29483	Neo-Ishgardian Ring of Casting	伊修加德新型咏咒指环
29492	Grade 3 Tincture of Strength	3级刚力之幻药
29493	Grade 3 Tincture of Dexterity	3级巧力之幻药
29494	Grade 3 Tincture of Vitality	3级耐力之幻药
29495	Grade 3 Tincture of Intelligence	3级智力之幻药
29496	Grade 3 Tincture of Mind	3级意力之幻药
29497	Ovim Meatballs	力山羊肉丸
29498	Mors	莫尔斯
29499	Lemon Waffle	柠檬华夫饼
29500	Honey Croissant	蜂蜜牛角面包
29501	Sausage and Sauerkraut	香肠泡菜
29502	Stuffed Highland Cabbage	高地风味菜肉卷
29503	Pickled Herring	腌鲱鱼
29504	Herring Pie	鲱鱼派
29505	Farmer's Breakfast	农场早餐
29506	Silkie Pudding	乌鸡布丁
29645	Oddly Specific Petrified Orb	改良用的硅化木宝珠
29646	Oddly Specific Rivets	改良用的铆钉
29647	Oddly Specific Wire	改良用的钢丝
29648	Oddly Specific Whetstone	改良用的磨刀石
29649	Oddly Specific Leather	改良用的鞣革
29650	Oddly Specific Moonbeam Silk	改良用的月光丝
29651	Oddly Specific Synthetic Resin	改良用的合成树脂
29652	Oddly Specific Seed Extract	改良用的种子提取液
29653	Oddly Specific Shaft	改良用的长杆
29654	Oddly Specific Fitting	改良用的连接板
29655	Oddly Specific Chainmail Sheet	改良用的链条板
29656	Oddly Specific Gemstone	改良用的宝玉
29657	Oddly Specific Vellum	改良用的羊皮纸
29658	Oddly Specific Velvet	改良用的天鹅绒
29659	Oddly Specific Glass	改良用的玻璃板
29660	Oddly Specific Seed Flour	改良用的种子粉
29680	Mahogany Aqueduct	红木沟渠
29681	Crystallized Coral	水晶珊瑚
29683	Siphon Coffee Brewer	虹吸咖啡机
29684	Fat Cat Wall Chronometer	猫小胖挂钟
29685	Bomb Cauldron	爆弹怪炼金锅
29686	Ronkan Rocking Chair	隆卡摇椅
29687	Brick Garden Wall	花园砖墙
29792	Grade 2 Skybuilders' Plywood	第二期重建用的合板
29793	Grade 2 Skybuilders' Alloy	第二期重建用的合金
29794	Grade 2 Skybuilders' Steel Plate	第二期重建用的金属板
29795	Grade 2 Skybuilders' Ingot	第二期重建用的金属锭
29796	Grade 2 Skybuilders' Leather	第二期重建用的鞣革
29797	Grade 2 Skybuilders' Rope	第二期重建用的草绳
29798	Grade 2 Skybuilders' Ink	第二期重建用的墨水
29799	Grade 2 Skybuilders' Hemp Milk	第二期重建用的麻乳
29800	Grade 2 Skybuilders' Crate	第二期重建用的木箱
29801	Grade 2 Skybuilders' Nails	第二期重建用的铁钉
29802	Grade 2 Skybuilders' Rivets	第二期重建用的铆钉
29803	Grade 2 Skybuilders' Rings	第二期重建用的铁环
29804	Grade 2 Skybuilders' Leather Straps	第二期重建用的皮绳
29805	Grade 2 Skybuilders' Cloth	第二期重建用的布料
29806	Grade 2 Skybuilders' Plant Oil	第二期重建用的植物油
29807	Grade 2 Skybuilders' Bread	第二期重建用的面包
29808	Grade 2 Skybuilders' Grindstone	第二期重建用的研磨工具
29809	Grade 2 Skybuilders' Hammer	第二期重建用的手锤
29810	Grade 2 Skybuilders' Still	第二期重建用的蒸馏器
29811	Grade 2 Skybuilders' Embroidery Frame	第二期重建用的裁衣工具
29812	Grade 2 Skybuilders' Rug	第二期重建用的地毯
29813	Grade 2 Skybuilders' Broom	第二期重建用的扫把
29814	Grade 2 Skybuilders' Dye	第二期重建用的染剂
29815	Grade 2 Skybuilders' Tea	第二期重建用的红茶
29816	Grade 2 Skybuilders' Stepladder	第二期重建用的梯子
29817	Grade 2 Skybuilders' Crosscut Saw	第二期重建用的锯子
29818	Grade 2 Skybuilders' Mesail	第二期重建用的口罩
29819	Grade 2 Skybuilders' Stone	第二期重建用的石材
29820	Grade 2 Skybuilders' Longboots	第二期重建用的长靴
29821	Grade 2 Skybuilders' Gloves	第二期重建用的手套
29822	Grade 2 Skybuilders' Soap	第二期重建用的肥皂
29823	Grade 2 Skybuilders' All-purpose Infusion	第二期重建用的药汤
29824	Grade 2 Skybuilders' Bed	第二期重建用的睡床
29825	Grade 2 Skybuilders' Oven	第二期重建用的火炉
29826	Grade 2 Skybuilders' Lamppost	第二期重建用的街灯
29827	Grade 2 Skybuilders' Brazier	第二期重建用的篝火台
29828	Grade 2 Skybuilders' Overalls	第二期重建用的工作服
29829	Grade 2 Skybuilders' Gazebo	第二期重建用的帐篷
29830	Grade 2 Skybuilders' Alchemic	第二期重建用的炼金药
29831	Grade 2 Skybuilders' Stew	第二期重建用的炖菜
29832	Grade 2 Artisanal Skybuilders' Wardrobe	第二期重建用的特供衣柜
29833	Grade 2 Artisanal Skybuilders' Chandelier	第二期重建用的特供吊灯
29834	Grade 2 Artisanal Skybuilders' Fireplace	第二期重建用的特供暖炉
29835	Grade 2 Artisanal Skybuilders' Bathtub	第二期重建用的特供浴缸
29836	Grade 2 Artisanal Skybuilders' Overcoat	第二期重建用的特供外套
29837	Grade 2 Artisanal Skybuilders' Wallpaper	第二期重建用的特供壁纸
29838	Grade 2 Artisanal Skybuilders' Remedies	第二期重建用的特供常备药
29839	Grade 2 Artisanal Skybuilders' Quiche	第二期重建用的特供菜肴
29958	Cobalt Alloy Ingot	钴铁合金锭
29959	Purpure Bead	尊紫珠
29960	Merbau Lumber	印茄木材
29961	Duskcourt Cloth	紫草布
29962	Megalania Leather	古巨蜥革
29963	Grade 3 Strength Alkahest	3级刚力之幻水
29964	Grade 3 Dexterity Alkahest	3级巧力之幻水
29965	Grade 3 Vitality Alkahest	3级耐力之幻水
29966	Grade 3 Intelligence Alkahest	3级智力之幻水
29967	Grade 3 Mind Alkahest	3级意力之幻水
29984	Orange Hyacinth Corsage	橙色风信子头花
29985	Purple Hyacinth Corsage	紫色风信子头花
29986	White Hyacinth Corsage	白色风信子头花
29987	Black Hyacinth Corsage	黑色风信子头花
29988	Rainbow Hyacinth Corsage	混色风信子头花
30055	Dalmascan Draped Top	达尔马斯卡垂褶上装
30056	Dalmascan Draped Bottoms	达尔马斯卡垂褶下装
30057	Dalmascan Leather Shoes	达尔马斯卡皮鞋
30069	Shinryu's Ephemeral Claws	神龙梦幻斗器
30070	Shinryu's Ephemeral War Axe	神龙梦幻战斧
30071	Shinryu's Ephemeral Lance	神龙梦幻长枪
30072	Shinryu's Ephemeral Greatbow	神龙梦幻大弓
30073	Shinryu's Ephemeral Daggers	神龙梦幻双剑
30074	Shinryu's Ephemeral Greatsword	神龙梦幻大剑
30075	Shinryu's Ephemeral Revolver	神龙梦幻短铳
30076	Shinryu's Ephemeral Cane	神龙梦幻锡杖
30077	Shinryu's Ephemeral Rod	神龙梦幻咒杖
30078	Shinryu's Ephemeral Grimoire	神龙梦幻经典
30079	Shinryu's Ephemeral Codex	神龙梦幻文书
30080	Shinryu's Ephemeral Ephemeris	神龙梦幻天仪
30081	Shinryu's Ephemeral Katana	神龙梦幻刀
30082	Shinryu's Ephemeral Rapier	神龙梦幻细剑
30083	Shinryu's Ephemeral Gunblade	神龙梦幻枪刃
30084	Shinryu's Ephemeral Chakrams	神龙梦幻环刃
30131	Red Hyacinth Corsage	红色风信子头花
30132	Blue Hyacinth Corsage	蓝色风信子头花
30133	Yellow Hyacinth Corsage	黄色风信子头花
30134	Green Hyacinth Corsage	绿色风信子头花
30251	Ultima (The Primals) Orchestrion Roll	管弦乐琴乐谱：究极神兵（蛮荒神影）
30378	Factory Interior Wall	复制内墙
30379	Factory Flooring	复制地板
30380	Factory Chandelier	复制屋顶照明
30381	Trophy of Light	光之奖杯
30385	Wooden Staircase Bookshelf	木制阶梯书柜
30387	Bluebird Mobile	蓝鸟旋转挂饰
30388	Nomad's Tent	游牧民的帐篷
30389	Stage Curtain	舞台幕帘
30390	Floor Sofa	落地沙发
30391	Tako-yaki Boat	纸船章鱼烧
30393	Barrel Table	木桶桌
30394	Indoor Pond	室内水塘
30395	Giant Beaver Burger Set	大河狸汉堡组合
30396	Red Brick Kitchen	户外红砖厨房
30400	Factory Grate	复制平台
30401	Factory Staircase	复制台阶
30402	Factory Railing	复制扶手
30403	Factory Beam	复制横梁
30404	Factory Automatic Door	复制自动门
30405	Factory Partition	复制铁丝网
30406	Factory Wall Lamp	复制照明
30407	Factory Bench	复制长椅
30410	Marble Alcove Bed	大理石壁床
30421	Oriental Wooden Deck	东方木制平台
30427	Sliced Watermelon	切开的西瓜
30440	Aesthete's Saw	唯美手锯
30441	Aesthete's Cross-pein Hammer	唯美横头锤
30442	Aesthete's Raising Hammer	唯美圆头锤
30443	Aesthete's Mallet	唯美工艺锤
30444	Aesthete's Round Knife	唯美圆革刀
30445	Aesthete's Needle	唯美缝针
30446	Aesthete's Alembic	唯美蒸馏器
30447	Aesthete's Frypan	唯美煎锅
30448	Aesthete's Pickaxe	唯美鹤嘴锄
30449	Aesthete's Hatchet	唯美手斧
30450	Aesthete's Fishing Rod	唯美钓竿
30451	Aesthete's Claw Hammer	唯美羊角锤
30452	Aesthete's File	唯美锉刀
30453	Aesthete's Pliers	唯美手钳
30454	Aesthete's Grinding Wheel	唯美砂轮机
30455	Aesthete's Awl	唯美平斩
30456	Aesthete's Spinning Wheel	唯美纺车
30457	Aesthete's Mortar	唯美研钵
30458	Aesthete's Culinary Knife	唯美厨刀
30459	Aesthete's Sledgehammer	唯美碎石锤
30460	Aesthete's Scythe	唯美镰刀
30461	Aesthete's Cap of Crafting	唯美巧匠皮帽
30462	Aesthete's Doublet of Crafting	唯美巧匠工作服
30463	Aesthete's Fingerless Gloves of Crafting	唯美巧匠半指手套
30464	Aesthete's Trousers of Crafting	唯美巧匠软甲裤
30465	Aesthete's Boots of Crafting	唯美巧匠筒靴
30466	Aesthete's Hat of Gathering	唯美大地工作帽
30467	Aesthete's Doublet of Gathering	唯美大地工作服
30468	Aesthete's Halfgloves of Gathering	唯美大地半指护手
30469	Aesthete's Trousers of Gathering	唯美大地软甲裤
30470	Aesthete's Boots of Gathering	唯美大地筒靴
30472	Aesthete's Ear Cuffs of Crafting	唯美巧匠耳夹
30473	Aesthete's Choker of Crafting	唯美巧匠项环
30474	Aesthete's Bracelets of Crafting	唯美巧匠腕环
30475	Aesthete's Ring of Crafting	唯美巧匠戒指
30477	Aesthete's Earrings of Gathering	唯美大地耳坠
30478	Aesthete's Necklace of Gathering	唯美大地项链
30479	Aesthete's Bracelet of Gathering	唯美大地手环
30480	Aesthete's Ring of Gathering	唯美大地指环
30481	Crab Cakes	炸蟹饼
30482	Chili Crab	辣酱炒全蟹
30483	Brashgold Plate	炮铜板
30484	Defthand's Dissolvent	工匠的炼金溶剂
30493	Custom Gathering Tool Components	龙族用采集工具部件
30494	Custom Weaving Components	龙族用缝纫工具
30495	Custom Crafting Tool Components	龙族用工匠工具部件
30496	Handpicked Culinary Essentials	龙族用招待菜肴必需品
30497	Printing Essentials	印刷必需品
30678	True Barding of Light	真·光之鸟甲
30755	Southern Seas Shirt	南洋海滨衬衫
30756	Southern Seas Trousers	南洋海滨软甲裤
30757	Southern Seas Skirt	南洋海滨短裙
30758	Southern Seas Shoes	南洋海滨皮鞋
30812	Tsukuyomi's Moonlit Crescents	月读命幽夜三日月
30813	Tsukuyomi's Moonlit Greataxe	月读命幽夜大斧
30814	Tsukuyomi's Moonlit Lance	月读命幽夜长枪
30815	Tsukuyomi's Moonlit Greatbow	月读命幽夜大弓
30816	Tsukuyomi's Moonlit Kunai	月读命幽夜苦无
30817	Tsukuyomi's Moonlit Odachi	月读命幽夜大太刀
30818	Tsukuyomi's Moonlit Revolver	月读命幽夜短铳
30819	Tsukuyomi's Moonlit Cane	月读命幽夜锡杖
30820	Tsukuyomi's Moonlit Rod	月读命幽夜咒杖
30821	Tsukuyomi's Moonlit Grimoire	月读命幽夜经典
30822	Tsukuyomi's Moonlit Codex	月读命幽夜文书
30823	Tsukuyomi's Moonlit Ephemeris	月读命幽夜天仪
30824	Tsukuyomi's Moonlit Chokuto	月读命幽夜直刀
30825	Tsukuyomi's Moonlit Rapier	月读命幽夜细剑
30828	Suzaku's Flame-kissed Pinions	朱焰手甲
30829	Suzaku's Flame-kissed Greataxe	朱焰大斧
30830	Suzaku's Flame-kissed Lance	朱焰长枪
30831	Suzaku's Flame-kissed Greatbow	朱焰大弓
30832	Suzaku's Flame-kissed Kunai	朱焰苦无
30833	Suzaku's Flame-kissed Odachi	朱焰大太刀
30834	Suzaku's Flame-kissed Revolver	朱焰短铳
30835	Suzaku's Flame-kissed Cane	朱焰锡杖
30836	Suzaku's Flame-kissed Rod	朱焰咒杖
30837	Suzaku's Flame-kissed Grimoire	朱焰经典
30838	Suzaku's Flame-kissed Codex	朱焰文书
30839	Suzaku's Flame-kissed Ephemeris	朱焰天仪
30840	Suzaku's Flame-kissed Chokuto	朱焰直刀
30841	Suzaku's Flame-kissed Rapier	朱焰细剑
30844	Seiryu's Sanctified Tekko	青君手甲剑
30845	Seiryu's Sanctified War Axe	青君战斧
30846	Seiryu's Sanctified Lance	青君长枪
30847	Seiryu's Sanctified Greatbow	青君大弓
30848	Seiryu's Sanctified Daggers	青君短刀
30849	Seiryu's Sanctified Spine	青君蛇腹剑
30850	Seiryu's Sanctified Revolver	青君短铳
30851	Seiryu's Sanctified Cane	青君锡杖
30852	Seiryu's Sanctified Rod	青君咒杖
30853	Seiryu's Sanctified Grimoire	青君经典
30854	Seiryu's Sanctified Codex	青君文书
30855	Seiryu's Sanctified Ephemeris	青君天仪
30856	Seiryu's Sanctified Katana	青君鳞纹刀
30857	Seiryu's Sanctified Rapier	青君细剑
30970	Rarefied Cedar Longbow	收藏用雪松长弓
30971	Rarefied Cedar Fishing Rod	收藏用雪松钓竿
30972	Rarefied Holy Cedar Spinning Wheel	收藏用圣雪松纺车
30973	Rarefied Dark Chestnut Rod	收藏用暗栗木法杖
30974	Rarefied Hallowed Chestnut Ring	收藏用祝圣栗木指环
30975	Rarefied Birch Signum	收藏用桦木符杖
30976	Rarefied Beech Composite Bow	收藏用山毛榉复合弓
30977	Rarefied Larch Necklace	收藏用落叶松项链
30978	Rarefied Pine Cane	收藏用松木牧杖
30979	Rarefied Persimmon Bracelets	收藏用柿木手链
30980	Rarefied Zelkova Spinning Wheel	收藏用榉木纺车
30981	Rarefied White Oak Partisan	收藏用白橡木游击枪
30982	Rarefied Applewood Staff	收藏用仙果木长杖
30983	Rarefied White Ash Earrings	收藏用白梣木耳坠
30984	Rarefied Sandteak Fauchard	收藏用沙柚木刺枪
30985	Rarefied Mythrite Katzbalger	收藏用灵银斗剑
30986	Rarefied Mythrite Pugiones	收藏用灵银辅剑
30987	Rarefied Mythrite Halfheart Saw	收藏用灵银圆手锯
30988	Rarefied Titanium Creasing Knife	收藏用白钛制革刀
30989	Rarefied Titanium Mortar	收藏用白钛研钵
30990	Rarefied Adamantite Bill	收藏用精金钩斧
30991	Rarefied High Steel Guillotine	收藏用硬钢断头剑
30992	Rarefied High Steel Claw Hammer	收藏用硬钢羊角锤
30993	Rarefied Doman Iron Uchigatana	收藏用卸铁打刀
30994	Rarefied Doman Steel Patas	收藏用玉钢拳剑
30995	Rarefied Molybdenum Pliers	收藏用钼钢手钳
30996	Rarefied Deepgold Anelace	收藏用深金双刃剑
30997	Rarefied Deepgold Culinary Knife	收藏用深金厨刀
30998	Rarefied Bluespirit Gunblade	收藏用灵青枪刃
30999	Rarefied Titanbronze Pickaxe	收藏用钛铜鹤嘴锄
31000	Rarefied Mythrite Sallet	收藏用灵银角盔
31001	Rarefied Mythrite Hauberk	收藏用灵银锁子铠
31002	Rarefied Mythrite Bladed Lantern Shield	收藏用灵银双剑机关盾
31003	Rarefied Titanium Frypan	收藏用白钛煎锅
31004	Rarefied Titanium Vambraces	收藏用白钛臂甲
31005	Rarefied Adamantite Scutum	收藏用精金步兵盾
31006	Rarefied High Steel Thermal Alembic	收藏用硬钢蒸馏器
31007	Rarefied High Steel Plate Belt	收藏用硬钢护腰带
31008	Rarefied Doman Iron Greaves	收藏用卸铁胫甲
31009	Rarefied Doman Steel Tabard	收藏用卸铁短袖罩衣
31010	Rarefied Molybdenum Headgear	收藏用钼钢头甲
31011	Rarefied Deepgold Cuirass	收藏用深金胸甲
31012	Rarefied Deepgold Wings	收藏用深金翼冠
31013	Rarefied Bluespirit Gauntlets	收藏用灵青手铠
31014	Rarefied Titanbronze Tower Shield	收藏用钛铜塔盾
31015	Rarefied Mythrite Goggles	收藏用灵银护目镜
31016	Rarefied Mythrite Bangle	收藏用灵银手镯
31017	Rarefied Mythrite Needle	收藏用灵银缝针
31018	Rarefied Hardsilver Monocle	收藏用硬银单眼镜
31019	Rarefied Hardsilver Pole	收藏用硬银玉杖
31020	Rarefied Aurum Regis Earrings	收藏用皇金耳坠
31021	Rarefied Koppranickel Planisphere	收藏用白铜天星盘
31022	Rarefied Koppranickel Necklace	收藏用白铜项链
31023	Rarefied Durium Chaplets	收藏用翠银手甲
31024	Rarefied Durium Rod	收藏用翠银法杖
31025	Rarefied Palladium Needle	收藏用钯金缝针
31026	Rarefied Stonegold Degen	收藏用石金重刺剑
31027	Rarefied Stonegold Orrery	收藏用石金太阳仪
31028	Rarefied Manasilver Ear Cuffs	收藏用魔银耳夹
31029	Rarefied Titanbronze Headgear	收藏用钛铜头甲
31030	Rarefied Archaeoskin Belt	收藏用古鸟革腰带
31031	Rarefied Archaeoskin Cloche	收藏用古鸟革钟形帽
31032	Rarefied Wyvernskin Mask	收藏用飞龙革假面
31033	Rarefied Dhalmelskin Coat	收藏用长颈驼革外套
31034	Rarefied Dragonskin Ring	收藏用巨龙革指环
31035	Rarefied Serpentskin Hat	收藏用安菲瑟龙革宽边帽
31036	Rarefied Gaganaskin Shoes	收藏用迦迦纳怪鸟革皮靴
31037	Rarefied Gyuki Leather Jacket	收藏用牛鬼革短衣
31038	Rarefied Tigerskin Tricorne	收藏用猛虎革宽边帽
31039	Rarefied Marid Leather Corset	收藏用魔象革围腰
31040	Rarefied Gazelleskin Armguards	收藏用瞪羚革护臂
31041	Rarefied Smilodonskin Trousers	收藏用斯剑虎革软甲裤
31042	Rarefied Gliderskin Thighboots	收藏用绿飘龙革高筒靴
31043	Rarefied Atrociraptorskin Cap	收藏用野蛮盗龙革工作帽
31044	Rarefied Zonureskin Fingerless Gloves	收藏用缠尾蛟革半指护手
31045	Rarefied Rainbow Bolero	收藏用虹布外套
31046	Rarefied Rainbow Ribbon	收藏用虹布缎带
31047	Rarefied Holy Rainbow Hat	收藏用圣虹布草帽
31048	Rarefied Ramie Turban	收藏用青麻包头巾
31049	Rarefied Hallowed Ramie Doublet	收藏用祝圣青麻工作服
31050	Rarefied Chimerical Felt Cyclas	收藏用奇美纤维斗服
31051	Rarefied Bloodhempen Skirt	收藏用赤麻短裙
31052	Rarefied Ruby Cotton Gilet	收藏用红玉棉布背心
31053	Rarefied Kudzu Hat	收藏用葛布宽边帽
31054	Rarefied Serge Hose	收藏用哔叽骑兵裤
31055	Rarefied Twinsilk Apron	收藏用玉绸围裙
31056	Rarefied Brightlinen Himation	收藏用白麻长衫
31057	Rarefied Iridescent Top	收藏用虹茧斗上装
31058	Rarefied Pixie Cotton Hood	收藏用仙子棉兜帽
31059	Rarefied Ovim Wool Tunic	收藏用力山羊束腰衣
31060	Rarefied Archaeoskin Grimoire	收藏用古鸟革魔导书
31061	Rarefied Archaeoskin Codex	收藏用古鸟革魔导典
31062	Rarefied Dissolvent	收藏用炼金溶剂
31063	Rarefied Dhalmelskin Codex	收藏用长颈驼革魔导典
31064	Rarefied Max-Potion	收藏用顶级恢复药
31065	Rarefied Book of Aurum Regis	收藏用皇金之书
31066	Rarefied Koppranickel Index	收藏用白铜魔导书
31067	Rarefied Reisui	收藏用灵水
31068	Rarefied Tigerskin Grimoire	收藏用猛虎革魔导书
31069	Rarefied Growth Formula	收藏用植物成长剂
31070	Rarefied Gazelleskin Codex	收藏用瞪羚革魔导典
31071	Rarefied Alkahest	收藏用幻水
31072	Rarefied Gliderskin Grimoire	收藏用绿飘龙革魔导书
31073	Rarefied Bluespirit Codex	收藏用灵青魔导典
31074	Rarefied Syrup	收藏用药水
31075	Rarefied Dhalmel Gratin	收藏用千层长颈驼焗野菜
31076	Rarefied Sohm Al Tart	收藏用索姆阿尔栗子蛋糕
31077	Rarefied Sauteed Porcini	收藏用煎牛肝菌
31078	Rarefied Royal Eggs	收藏用皇家蒸蛋
31079	Rarefied Peperoncino	收藏用风味拌细面
31080	Rarefied Marron Glace	收藏用栗子冰糕
31081	Rarefied Baklava	收藏用果仁蜜饼
31082	Rarefied Shorlog	收藏用牛肉串
31083	Rarefied Tempura Platter	收藏用天妇罗拼盘
31084	Rarefied Persimmon Pudding	收藏用柿子布丁
31085	Rarefied Chirashi-zushi	收藏用散寿司
31086	Rarefied Grilled Rail	收藏用秧鸡烤肉
31087	Rarefied Spaghetti al Nero	收藏用黑色酱汁直面
31088	Rarefied Popotoes au Gratin	收藏用焗黄新薯
31089	Rarefied Espresso con Panna	收藏用浓缩奶油咖啡
31092	Red Cosmos Corsage	红色秋英头花
31093	Blue Cosmos Corsage	蓝色秋英头花
31094	Yellow Cosmos Corsage	黄色秋英头花
31095	Green Cosmos Corsage	绿色秋英头花
31096	Orange Cosmos Corsage	橙色秋英头花
31097	Purple Cosmos Corsage	紫色秋英头花
31098	White Cosmos Corsage	白色秋英头花
31099	Black Cosmos Corsage	黑色秋英头花
31100	Rainbow Cosmos Corsage	混色秋英头花
31101	Oddly Specific Cedar Lumber	改良用雪松木材
31102	Oddly Specific Iron Nails	改良用黑铁钉
31103	Oddly Specific Mythril Rings	改良用秘银环
31104	Oddly Specific Silver Nugget	改良用白银块
31105	Oddly Specific Gaganaskin Strap	改良用迦迦纳革细绳
31106	Oddly Specific Cloth	改良用面料
31107	Oddly Specific Glue	改良用黏胶
31108	Oddly Specific Oil	改良用油脂
31109	Oddly Specific Cedar Plank	改良用雪松板材
31110	Oddly Specific Iron Ingot	改良用黑铁锭
31111	Oddly Specific Mythril Plate	改良用秘银板
31112	Oddly Specific Silver Ingot	改良用白银锭
31113	Oddly Specific Gagana Leather	改良用迦迦纳怪鸟革
31114	Oddly Specific Undyed Woolen Cloth	改良用呢绒
31115	Oddly Specific Rubber	改良用橡胶
31116	Oddly Specific Paste	改良用粘合剂
31137	Workshop Supplies	工作区的必需品
31139	Brewery Supplies	酿造设备的必需品
31141	Crystal Cannon Supplies	主炮的重要部件
31143	Workshop Expansion Supplies	用于扩张据点的部件
31145	Automaton Worker Supplies	自动化需要的部件
31147	Armament Repair Kit	武器修理的部件
31149	Grooming Kit	保养胡子的工具
31151	Core Tank Component	车身重要的部件
31153	Axle Component	减轻磨损的部件
31155	Blueprint Supplies	矮人族绘图的工具
31157	Steel Plate Component	钢板增产的部件
31159	Cask Component	酒桶的部件
31161	Engine Component	保护引擎的部件
31163	Filtration Supplies	提炼实验的用品
31165	Cooling Device Component	冷却装置的部件
31167	Tavern Materials	酒馆的必需品
31169	Heat-resistant Component	耐热性的部件
31171	Bespoke Barter Item	充当货款的商品
31173	Test-fire Target Dummy	试射用的靶子
31175	Experimental Plating Component	试做装甲的部件
31177	Unfailing Eye Opener	驱散睡意的秘密道具
31179	Eye-catching Custom Option	气派华丽的外装部件
31181	Automaton Repair Component	修理自走人偶的部件
31183	Low-profile Custom Option	隐秘型外装的部件
31184	Grade 3 Skybuilders' Plywood	第三期重建用的合板
31185	Grade 3 Skybuilders' Alloy	第三期重建用的合金
31186	Grade 3 Skybuilders' Steel Plate	第三期重建用的金属板
31187	Grade 3 Skybuilders' Ingot	第三期重建用的金属锭
31188	Grade 3 Skybuilders' Leather	第三期重建用的鞣革
31189	Grade 3 Skybuilders' Rope	第三期重建用的草绳
31190	Grade 3 Skybuilders' Ink	第三期重建用的墨水
31191	Grade 3 Skybuilders' Hemp Milk	第三期重建用的麻乳
31192	Grade 3 Skybuilders' Crate	第三期重建用的木箱
31193	Grade 3 Skybuilders' Nails	第三期重建用的铁钉
31194	Grade 3 Skybuilders' Rivets	第三期重建用的铆钉
31195	Grade 3 Skybuilders' Rings	第三期重建用的铁环
31196	Grade 3 Skybuilders' Leather Straps	第三期重建用的皮绳
31197	Grade 3 Skybuilders' Cloth	第三期重建用的布料
31198	Grade 3 Skybuilders' Plant Oil	第三期重建用的植物油
31199	Grade 3 Skybuilders' Sesame Cookie	第三期重建用的芝麻饼干
31200	Grade 3 Skybuilders' Grinding Wheel	第三期重建用的泥岩砂轮机
31201	Grade 3 Skybuilders' Pickaxe	第三期重建用的鹤嘴锄
31202	Grade 3 Skybuilders' Cookpot	第三期重建用的吊锅
31203	Grade 3 Skybuilders' Embroidery Frame	第三期重建用的裁衣工具
31204	Grade 3 Skybuilders' Leather Sack	第三期重建用的皮袋
31205	Grade 3 Skybuilders' Broom	第三期重建用的扫把
31206	Grade 3 Skybuilders' Holy Water	第三期重建用的圣水
31207	Grade 3 Skybuilders' Tea	第三期重建用的红茶
31208	Grade 3 Skybuilders' Stepladder	第三期重建用的梯子
31209	Grade 3 Skybuilders' Crosscut Saw	第三期重建用的锯子
31210	Grade 3 Skybuilders' Mesail	第三期重建用的口罩
31211	Grade 3 Skybuilders' Stone	第三期重建用的石材
31212	Grade 3 Skybuilders' Longboots	第三期重建用的长靴
31213	Grade 3 Skybuilders' Gloves	第三期重建用的手套
31214	Grade 3 Skybuilders' Soap	第三期重建用的肥皂
31215	Grade 3 Skybuilders' All-purpose Infusion	第三期重建用的药汤
31216	Grade 3 Skybuilders' Bed	第三期重建用的睡床
31217	Grade 3 Skybuilders' Oven	第三期重建用的火炉
31218	Grade 3 Skybuilders' Lamppost	第三期重建用的街灯
31219	Grade 3 Skybuilders' Brazier	第三期重建用的篝火台
31220	Grade 3 Skybuilders' Overalls	第三期重建用的工作服
31221	Grade 3 Skybuilders' Awning	第三期重建用的遮蓬
31222	Grade 3 Skybuilders' Growth Formula	第三期重建用的植物成长剂
31223	Grade 3 Skybuilders' Stew	第三期重建用的炖菜
31224	Grade 3 Artisanal Skybuilders' Goldsmithing Bench	第三期重建用的特供金匠工作台
31225	Grade 3 Artisanal Skybuilders' Smithing Bench	第三期重建用的特供铁匠工作台
31226	Grade 3 Artisanal Skybuilders' Door	第三期重建用的特供门
31227	Grade 3 Artisanal Skybuilders' Chronometer	第三期重建用的特供时钟
31228	Grade 3 Artisanal Skybuilders' Leather Chair	第三期重建用的特供皮革椅子
31229	Grade 3 Artisanal Skybuilders' Apron	第三期重建用的特供围裙
31230	Grade 3 Artisanal Skybuilders' Tiled Flooring	第三期重建用的特供铺瓦地板
31231	Grade 3 Artisanal Skybuilders' Luncheon	第三期重建用的特供套餐
31652	Rarefied Lignum Vitae Grinding Wheel	收藏用愈疮木砂轮机
31653	Rarefied Mythril Hatchet	收藏用矮人银手斧
31654	Rarefied Mythril Alembic	收藏用矮人银蒸馏器
31655	Rarefied Mythril Ring	收藏用矮人银指环
31656	Rarefied Swallowskin Coat	收藏用海燕革长衣
31657	Rarefied Dwarven Cotton Beret	收藏用矮人棉贝雷帽
31658	Rarefied Dwarven Mythril Grimoire	收藏用矮人银魔导书
31659	Rarefied Lemonade	收藏用柠檬水
31662	Eternal Wind - Shadowbringers Orchestrion Roll	管弦乐琴乐谱：悠久之风　～暗影～
31663	To the Edge Orchestrion Roll	管弦乐琴乐谱：末路尽头
31750	Oddly Delicate Pine Lumber	最终改良用松木木材
31751	Oddly Delicate Silver Gear	最终改良用银制齿轮
31752	Oddly Delicate Wolfram Square	最终改良用钨钢方板
31753	Oddly Delicate Celestine	最终改良用苍天石
31754	Oddly Delicate Gazelle Leather	最终改良用瞪羚革
31755	Oddly Delicate Rhea Cloth	最终改良用纻布
31756	Oddly Delicate Holy Water	最终改良用圣水
31757	Oddly Delicate Shark Oil	最终改良用鲨油
31813	Exarchic Sword	总督长剑
31814	Exarchic Baghnakhs	总督虎爪
31815	Exarchic Axe	总督大斧
31816	Exarchic Spear	总督长枪
31817	Exarchic Longbow	总督长弓
31818	Exarchic Daggers	总督小刀
31819	Exarchic Guillotine	总督断头剑
31820	Exarchic Handgonne	总督手炮
31821	Exarchic Cane	总督牧杖
31822	Exarchic Rod	总督法杖
31823	Exarchic Grimoire	总督魔导书
31824	Exarchic Codex	总督魔导典
31825	Exarchic Star Globe	总督天球仪
31826	Exarchic Blade	总督武士刀
31827	Exarchic Rapier	总督刺剑
31828	Exarchic Gunblade	总督枪刃
31829	Exarchic Glaives	总督轮刃
31830	Exarchic Tower Shield	总督塔盾
31831	Exarchic Circlet of Fending	总督御敌头冠
31832	Exarchic Coat of Fending	总督御敌大衣
31833	Exarchic Gauntlets of Fending	总督御敌手铠
31834	Exarchic Hose of Fending	总督御敌骑兵裤
31835	Exarchic Sabatons of Fending	总督御敌铠靴
31837	Exarchic Circlet of Maiming	总督制敌头冠
31838	Exarchic Mail of Maiming	总督制敌链甲
31839	Exarchic Gauntlets of Maiming	总督制敌手铠
31840	Exarchic Hose of Maiming	总督制敌骑兵裤
31841	Exarchic Sabatons of Maiming	总督制敌铠靴
31843	Exarchic Hood of Striking	总督强袭兜帽
31844	Exarchic Top of Striking	总督强袭上装
31845	Exarchic Armguards of Striking	总督强袭护臂
31846	Exarchic Bottoms of Striking	总督强袭打底裤
31847	Exarchic Boots of Striking	总督强袭长靴
31849	Exarchic Hood of Aiming	总督精准兜帽
31850	Exarchic Top of Aiming	总督精准上装
31851	Exarchic Armguards of Aiming	总督精准护臂
31852	Exarchic Bottoms of Aiming	总督精准打底裤
31853	Exarchic Boots of Aiming	总督精准长靴
31855	Exarchic Hood of Scouting	总督游击兜帽
31856	Exarchic Top of Scouting	总督游击上装
31857	Exarchic Armguards of Scouting	总督游击护臂
31858	Exarchic Bottoms of Scouting	总督游击打底裤
31859	Exarchic Boots of Scouting	总督游击长靴
31861	Exarchic Circlet of Healing	总督治愈头冠
31862	Exarchic Coat of Healing	总督治愈大衣
31863	Exarchic Gloves of Healing	总督治愈手套
31864	Exarchic Hose of Healing	总督治愈骑兵裤
31865	Exarchic Shoes of Healing	总督治愈短靴
31867	Exarchic Hat of Casting	总督咏咒宽边帽
31868	Exarchic Coat of Casting	总督咏咒大衣
31869	Exarchic Gloves of Casting	总督咏咒手套
31870	Exarchic Hose of Casting	总督咏咒骑兵裤
31871	Exarchic Shoes of Casting	总督咏咒短靴
31873	Exarchic Earrings of Fending	总督御敌耳坠
31874	Exarchic Earrings of Slaying	总督强攻耳坠
31875	Exarchic Earrings of Aiming	总督精准耳坠
31876	Exarchic Earrings of Healing	总督治愈耳坠
31877	Exarchic Earrings of Casting	总督咏咒耳坠
31878	Exarchic Choker of Fending	总督御敌项环
31879	Exarchic Choker of Slaying	总督强攻项环
31880	Exarchic Choker of Aiming	总督精准项环
31881	Exarchic Choker of Healing	总督治愈项环
31882	Exarchic Choker of Casting	总督咏咒项环
31883	Exarchic Bracelet of Fending	总督御敌手镯
31884	Exarchic Bracelet of Slaying	总督强攻手镯
31885	Exarchic Bracelet of Aiming	总督精准手镯
31886	Exarchic Bracelet of Healing	总督治愈手镯
31887	Exarchic Bracelet of Casting	总督咏咒手镯
31888	Exarchic Ring of Fending	总督御敌戒指
31889	Exarchic Ring of Slaying	总督强攻戒指
31890	Exarchic Ring of Aiming	总督精准戒指
31891	Exarchic Ring of Healing	总督治愈戒指
31892	Exarchic Ring of Casting	总督咏咒戒指
31893	Grade 4 Tincture of Strength	4级刚力之幻药
31894	Grade 4 Tincture of Dexterity	4级巧力之幻药
31895	Grade 4 Tincture of Vitality	4级耐力之幻药
31896	Grade 4 Tincture of Intelligence	4级智力之幻药
31897	Grade 4 Tincture of Mind	4级意力之幻药
31898	Pizza	披萨
31899	Mist Spinach Quiche	迷雾菠菜乳蛋饼
31900	Chicken Fettuccine	奶油鸡肉宽面
31901	Smoked Chicken	烟熏鸡肉
31902	Golden Pineapple Juice	黄金菠萝汁
31903	Pineapple Salad	菠萝沙拉
31904	Zefir	软果糕
31905	Twilight Popoto Salad	苹果新薯沙拉
31906	Broad Bean Curry	豆子咖喱
31907	Lemon Muffin	柠檬松饼
31913	Grade 4 Skybuilders' Plywood	第四期重建用的合板
31914	Grade 4 Skybuilders' Alloy	第四期重建用的合金
31915	Grade 4 Skybuilders' Steel Plate	第四期重建用的金属板
31916	Grade 4 Skybuilders' Ingot	第四期重建用的金属锭
31917	Grade 4 Skybuilders' Leather	第四期重建用的鞣革
31918	Grade 4 Skybuilders' Rope	第四期重建用的草绳
31919	Grade 4 Skybuilders' Ink	第四期重建用的墨水
31920	Grade 4 Skybuilders' Hemp Milk	第四期重建用的麻乳
31921	Grade 4 Skybuilders' Crate	第四期重建用的木箱
31922	Grade 4 Skybuilders' Nails	第四期重建用的铁钉
31923	Grade 4 Skybuilders' Rivets	第四期重建用的铆钉
31924	Grade 4 Skybuilders' Rings	第四期重建用的铁环
31925	Grade 4 Skybuilders' Leather Straps	第四期重建用的皮绳
31926	Grade 4 Skybuilders' Cloth	第四期重建用的布料
31927	Grade 4 Skybuilders' Plant Oil	第四期重建用的植物油
31928	Grade 4 Skybuilders' Sesame Cookie	第四期重建用的芝麻饼干
31929	Grade 4 Skybuilders' Spinning Wheel	第四期重建用的纺车
31930	Grade 4 Skybuilders' Hatchet	第四期重建用的手斧
31931	Grade 4 Skybuilders' Cookpot	第四期重建用的吊锅
31932	Grade 4 Skybuilders' Embroidery Frame	第四期重建用的裁衣工具
31933	Grade 4 Skybuilders' Leather Sack	第四期重建用的皮袋
31934	Grade 4 Skybuilders' Broom	第四期重建用的扫把
31935	Grade 4 Skybuilders' Holy Water	第四期重建用的圣水
31936	Grade 4 Skybuilders' Tea	第四期重建用的红茶
31937	Grade 4 Skybuilders' Stepladder	第四期重建用的梯子
31938	Grade 4 Skybuilders' Crosscut Saw	第四期重建用的锯子
31939	Grade 4 Skybuilders' Mesail	第四期重建用的口罩
31940	Grade 4 Skybuilders' Stone	第四期重建用的石材
31941	Grade 4 Skybuilders' Longboots	第四期重建用的长靴
31942	Grade 4 Skybuilders' Gloves	第四期重建用的手套
31943	Grade 4 Skybuilders' Soap	第四期重建用的肥皂
31944	Grade 4 Skybuilders' All-purpose Infusion	第四期重建用的药汤
31945	Grade 4 Skybuilders' Bed	第四期重建用的睡床
31946	Grade 4 Skybuilders' Oven	第四期重建用的火炉
31947	Grade 4 Skybuilders' Lamppost	第四期重建用的街灯
31948	Grade 4 Skybuilders' Brazier	第四期重建用的篝火台
31949	Grade 4 Skybuilders' Overalls	第四期重建用的工作服
31950	Grade 4 Skybuilders' Awning	第四期重建用的遮蓬
31951	Grade 4 Skybuilders' Growth Formula	第四期重建用的植物成长剂
31952	Grade 4 Skybuilders' Stew	第四期重建用的炖菜
31953	Grade 4 Artisanal Skybuilders' Icebox	第四期重建用的特供冰盒
31954	Grade 4 Artisanal Skybuilders' Chocobo Weathervane	第四期重建用的特供风向陆行鸟
31955	Grade 4 Artisanal Skybuilders' Company Chest	第四期重建用的特供部队储物柜
31956	Grade 4 Artisanal Skybuilders' Astroscope	第四期重建用的特供天文仪
31957	Grade 4 Artisanal Skybuilders' Tool Belt	第四期重建用的特供工具腰带
31958	Grade 4 Artisanal Skybuilders' Vest	第四期重建用的特供坎肩
31959	Grade 4 Artisanal Skybuilders' Tincture	第四期重建用的特供幻药
31960	Grade 4 Artisanal Skybuilders' Sorbet	第四期重建用的特供冰糕
32202	Grilled Eel Set	鳗鱼食盒
32206	Emerald Weapon Bust	绿宝石神兵像
32212	Shakshouka Pot	铁锅番茄炖蛋
32221	Rose Trellis	玫瑰花架
32224	Swag Valance	花边帷幔
32225	Rustic Chocobo Counter	乡村陆行鸟柜台
32226	Wood Slat Partition	木条隔离墙
32227	Homemade Cookie Set	手工饼干组合
32228	Florist's Counter	花店柜台
32229	Paissa Swing Chair	猴面雀摇椅
32233	Toy Showcase	玩偶展示柜
32234	Apparel Showcase	服装展示柜
32235	Armament Showcase	武器展示柜
32236	Art Showcase	画作展示柜
32237	Baked Goods Showcase	烘焙展示柜
32242	Toymaker's Show Window	玩偶展示窗
32243	Designer's Show Window	服装展示窗
32244	Smith's Show Window	武器展示窗
32245	Artist's Show Window	画作展示窗
32246	Baker's Show Window	烘焙展示窗
32249	Brick Paving	方形砖地
32250	La Noscean Grape Pergola	海滨葡萄藤架
32251	Fruitful Fountain	植树喷泉
32252	Herringbone Flooring	人字形地板
32253	Skylight Chandelier	天窗吊灯
32254	Varied Wood Interior Wall	混合木制内墙
32798	Calfskin Rider's Cap	小牛皮骑手运动帽
32799	Calfskin Rider's Jacket	小牛皮骑手外套
32800	Calfskin Rider's Gloves	小牛皮骑手手套
32801	Calfskin Rider's Bottoms	小牛皮骑手打底裤
32802	Calfskin Rider's Shoes	小牛皮骑手运动鞋
32823	Emerald Barding	绿宝石神兵装甲
32934	Silver Beech Lumber	银山毛榉木材
32935	Duraluminum Ingot	硬铝锭
32936	Solstice Ingot	白夜结晶板
32937	Saffron Cloth	栀子染布
32938	Thylacoleo Leather	袋狮革
32939	Grade 4 Strength Alkahest	4级刚力之幻水
32940	Grade 4 Dexterity Alkahest	4级巧力之幻水
32941	Grade 4 Vitality Alkahest	4级耐力之幻水
32942	Grade 4 Intelligence Alkahest	4级智力之幻水
32943	Grade 4 Mind Alkahest	4级意力之幻水
33028	Red Carnation Earring	红色康乃馨耳环
33029	Blue Carnation Earring	蓝色康乃馨耳环
33030	Yellow Carnation Earring	黄色康乃馨耳环
33031	Green Carnation Earring	绿色康乃馨耳环
33032	Orange Carnation Earring	橙色康乃馨耳环
33033	Purple Carnation Earring	紫色康乃馨耳环
33034	White Carnation Earring	白色康乃馨耳环
33035	Black Carnation Earring	黑色康乃馨耳环
33036	Rainbow Carnation Earring	混色康乃馨耳环
33110	The Black Wolf Stalks Again Orchestrion Roll	管弦乐琴乐谱：漆黑王狼重现世间
33224	Patient Necessities	纪念医院的日用品
33225	Medical Supplies	纪念医院的医疗用品
33226	Rehabilitation Aids	纪念医院的康复训练用品
33227	High Tea Essentials	纪念医院的茶会用品
33228	Art Supplies	纪念医院的绘画道具
33248	Storm Blue Interior Wall	暴风蓝内墙
33249	Cream Yellow Carpet	奶油黄地毯
33250	Cloud Acorn Chandelier	云海橡果吊灯
33253	Diamond Weapon Bust	钻石神兵像
33258	Eastern Indoor Pond	东方室内水塘
33259	Grocery Counter Cart	杂货店推车柜台
33263	Wooden Reel Table	鼓桌
33264	Violin Showcase	小提琴展示柜
33266	Pub Signboard	立式招牌：酒馆
33267	Windowed Partition	窗户隔离墙
33268	Hingan Windowed Partition	圆窗隔离墙
33271	Wooden Spiral Staircase	木制螺旋楼梯
33272	Approved Ishgardian Lunch	伊修加德式午餐组合
33273	Country Dining Set	餐桌套装（花格桌布）
33275	Icebox	冰盒
33276	Red Brick Counter	砖块柜台
33278	Hand-poured Coffee	滤挂式咖啡
33279	Back Bar	酒品陈列架
33280	Pixie Apple Basket	仙子苹果篮子
33281	Philosopher's Stone Table	哲学者圆桌
33282	Crystarium Wardrobe	水晶都衣柜
33283	Low Bookshelf	矮书柜
33284	Qiqirn Shelf	卢恩置物架
33285	Mogbureau	莫古力书桌
33286	Bar Rack	酒杯吊架
33291	Goobbue Wall Chronometer	古菩挂钟
33292	Armor Hanger	盔甲架
33293	Mounted Dinosaur Skull	古代兽的头骨
33295	Glade Gazebo	林间凉亭
33296	Garden Tool Shelf	庭园工具架
33299	Forging Bench	锻冶工作台
33300	Garden Anvil	庭院铁砧
33301	Materiel Table	室外武具桌
33598	Byakko's Enspirited Fists	白帝斗手甲
33599	Byakko's Enspirited Greataxe	白帝大斧
33600	Byakko's Enspirited Lance	白帝长枪
33601	Byakko's Enspirited Lutebow	白帝琵琶弓
33602	Byakko's Enspirited Handscythes	白帝忍镰
33603	Byakko's Enspirited Greatsword	白帝斩马刀
33604	Byakko's Enspirited Revolver	白帝短铳
33605	Byakko's Enspirited Cane	白帝锡杖
33606	Byakko's Enspirited Rod	白帝咒杖
33607	Byakko's Enspirited Grimoire	白帝经典
33608	Byakko's Enspirited Codex	白帝文书
33609	Byakko's Enspirited Ephemeris	白帝天仪
33610	Byakko's Enspirited Katana	白帝刀
33611	Byakko's Enspirited Estoc	白帝宝剑
33655	Frontier Hat	前沿帽
33656	Frontier Jacket	前沿外套
33657	Frontier Trousers	前沿软甲裤
33658	Frontier Shoes	前沿短靴
33659	Frontier Ribbon	前沿缎带
33660	Frontier Dress	前沿礼服
33661	Frontier Dress Gloves	前沿礼服手套
33662	Frontier Pumps	前沿礼鞋
33673	Diamond Barding	钻石神兵装甲
33696	Wanderer's Campfire	浪人的篝火
33839	In the Arms of War Orchestrion Roll	管弦乐琴乐谱：孤儿们的战斗
33874	Red Moth Orchid Earring	红色蝴蝶兰耳饰
33875	Blue Moth Orchid Earring	蓝色蝴蝶兰耳饰
33876	Yellow Moth Orchid Earring	黄色蝴蝶兰耳饰
33877	Green Moth Orchid Earring	绿色蝴蝶兰耳饰
33878	Orange Moth Orchid Earring	橙色蝴蝶兰耳饰
33879	Purple Moth Orchid Earring	紫色蝴蝶兰耳饰
33880	White Moth Orchid Earring	白色蝴蝶兰耳饰
33881	Black Moth Orchid Earring	黑色蝴蝶兰耳饰
33882	Rainbow Moth Orchid Earring	混色蝴蝶兰耳饰
33888	Augmented Zelos	再品争先逐进之苦
33889	Augmented Thumosis	再燃骤然狂怒之欲
33890	Augmented Menis	再燃蓄怨积愤之欲
33891	Augmented Deima	再陷背善向邪之惧
33892	Augmented Phthonos	再品嫉贤妒能之苦
33893	Augmented Eleos	再品恻隐悲悯之苦
33894	Augmented Ekplexis	再陷胆战心惊之惧
33895	Augmented Kelesis	再识欣喜若狂之悦
33896	Augmented Oknos	再陷艰辛劳苦之惧
33897	Augmented Epikairekakia	再识幸灾乐祸之悦
33898	Augmented Enochlesis	再品形槁心灰之苦
33899	Augmented Himeros	再燃渴念离人之欲
33900	Augmented Aischune	再陷身败名裂之惧
33901	Augmented Agonia	再陷心孤意怯之惧
33902	Augmented Odune	再品身负重担之苦
33903	Augmented Zelotupia	再品妒火中烧之苦
34080	High Durium Sword	辉翠银剑
34081	High Durium Knuckles	辉翠银拳套
34082	High Durium Axe	辉翠银战斧
34083	Horse Chestnut Spear	马栗木长枪
34084	Horse Chestnut Longbow	马栗木长弓
34085	High Durium Cleavers	辉翠银屠刀
34086	High Durium Guillotine	辉翠银断头剑
34087	High Durium Pistol	辉翠银短铳
34088	Horse Chestnut Cane	马栗木牧杖
34089	Horse Chestnut Rod	马栗木咒杖
34090	Gaja Grimoire	伽迦象革魔导书
34091	Gaja Codex	伽迦象革魔导典
34092	High Durium Planisphere	辉翠银天星盘
34093	High Durium Katana	辉翠银武士刀
34094	High Durium Rapier	辉翠银刺剑
34095	High Durium Manatrigger	辉翠银魔机刃
34096	High Durium Tathlums	辉翠银环刃
34097	High Durium Milpreves	辉翠银蛇石针
34098	High Durium Sickle	辉翠银夺命镰
34099	High Durium Shield	辉翠银盾
34100	High Durium Helm of Fending	辉翠银御敌头盔
34101	Gajaskin Coat of Fending	伽迦象革御敌长衣
34102	High Durium Armguards of Fending	辉翠银御敌护臂
34103	Darkhempen Trousers of Fending	黑麻御敌软甲裤
34104	Gajaskin Boots of Fending	伽迦象革御敌长靴
34105	High Durium Visor of Maiming	辉翠银制敌面罩
34106	Gajaskin Vest of Maiming	伽迦象革制敌坎肩
34107	High Durium Armguards of Maiming	辉翠银制敌护臂
34108	Darkhempen Trousers of Maiming	黑麻制敌软甲裤
34109	Gajaskin Boots of Maiming	伽迦象革制敌长靴
34110	High Durium Visor of Striking	辉翠银强袭面罩
34111	Gajaskin Vest of Striking	伽迦象革强袭坎肩
34112	Fingerless Gajaskin Gloves of Striking	伽迦象革强袭半指护手
34113	Darkhempen Skirt of Striking	黑麻强袭短裙
34114	Gajaskin Shoes of Striking	伽迦象革强袭皮靴
34115	High Durium Visor of Aiming	辉翠银精准面罩
34116	Gajaskin Jacket of Aiming	伽迦象革精准短衣
34117	High Durium Armguards of Aiming	辉翠银精准护臂
34118	Darkhempen Trousers of Aiming	黑麻精准软甲裤
34119	Gajaskin Shoes of Aiming	伽迦象革精准皮靴
34120	High Durium Helm of Scouting	辉翠银游击头盔
34121	Gajaskin Vest of Scouting	伽迦象革游击坎肩
34122	Fingerless Gajaskin Gloves of Scouting	伽迦象革游击半指护手
34123	Darkhempen Skirt of Scouting	黑麻游击短裙
34124	Gajaskin Shoes of Scouting	伽迦象革游击皮靴
34125	Gajaskin Circlet of Healing	伽迦象革治愈头冠
34126	Darkhempen Coat of Healing	黑麻治愈长衣
34127	Fingerless Darkhempen Gloves of Healing	黑麻治愈半指护手
34128	Darkhempen Bottoms of Healing	黑麻治愈打底裤
34129	Gajaskin Boots of Healing	伽迦象革治愈高筒靴
34130	Gajaskin Circlet of Casting	伽迦象革咏咒头冠
34131	Darkhempen Coat of Casting	黑麻咏咒长衣
34132	Fingerless Darkhempen Gloves of Casting	黑麻咏咒半指护手
34133	Darkhempen Bottoms of Casting	黑麻咏咒打底裤
34134	Gajaskin Boots of Casting	伽迦象革咏咒高筒靴
34135	Ametrine Earrings of Fending	紫黄晶御敌耳坠
34136	Ametrine Earrings of Slaying	紫黄晶强攻耳坠
34137	Ametrine Earrings of Aiming	紫黄晶精准耳坠
34138	Ametrine Earrings of Healing	紫黄晶治愈耳坠
34139	Ametrine Earrings of Casting	紫黄晶咏咒耳坠
34140	Ametrine Choker of Fending	紫黄晶御敌项环
34141	Ametrine Choker of Slaying	紫黄晶强攻项环
34142	Ametrine Choker of Aiming	紫黄晶精准项环
34143	Ametrine Choker of Healing	紫黄晶治愈项环
34144	Ametrine Choker of Casting	紫黄晶咏咒项环
34145	Ametrine Bracelet of Fending	紫黄晶御敌手环
34146	Ametrine Bracelet of Slaying	紫黄晶强攻手环
34147	Ametrine Bracelet of Aiming	紫黄晶精准手环
34148	Ametrine Bracelet of Healing	紫黄晶治愈手环
34149	Ametrine Bracelet of Casting	紫黄晶咏咒手环
34150	Ametrine Ring of Fending	紫黄晶御敌指环
34151	Ametrine Ring of Slaying	紫黄晶强攻指环
34152	Ametrine Ring of Aiming	紫黄晶精准指环
34153	Ametrine Ring of Healing	紫黄晶治愈指环
34154	Ametrine Ring of Casting	紫黄晶咏咒指环
34230	High Durium Longsword	辉翠银长剑
34231	High Durium Cesti	辉翠银钢拳
34232	High Durium Bhuj	辉翠银长刃斧
34233	Palm Halberd	棕榈战戟
34234	Palm Longbow	棕榈长弓
34235	High Durium Knives	辉翠银匕首
34236	High Durium Greatsword	辉翠银巨剑
34237	High Durium Musketoon	辉翠银火枪
34238	Palm Crook	棕榈手杖
34239	Pewter Rod	白镴咒杖
34240	Luncheon Toadskin Grimoire	山鸡革魔导书
34241	Luncheon Toadskin Codex	山鸡革魔导典
34242	Pewter Astrometer	白镴量天仪
34243	High Durium Uchigatana	辉翠银打刀
34244	Pewter Rapier	白镴刺剑
34245	High Durium Bayonet	辉翠银刺刀
34246	High Durium Glaives	辉翠银轮刃
34247	Pewter Pendulums	白镴振空摆
34248	High Durium War Scythe	辉翠银战镰
34249	High Durium Kite Shield	辉翠银鸢盾
34250	Pewter Circlet of Fending	白镴御敌头冠
34251	High Durium Armor of Fending	辉翠银御敌战甲
34252	High Durium Gauntlets of Fending	辉翠银御敌手铠
34253	Luncheon Toadskin Hose of Fending	山鸡革御敌骑兵裤
34254	High Durium Sollerets of Fending	辉翠银御敌锁甲靴
34255	Pewter Circlet of Maiming	白镴制敌头冠
34256	High Durium Armor of Maiming	辉翠银制敌战甲
34257	High Durium Gauntlets of Maiming	辉翠银制敌手铠
34258	Luncheon Toadskin Hose of Maiming	山鸡革制敌骑兵裤
34259	High Durium Sollerets of Maiming	辉翠银制敌锁甲靴
34260	Almasty Serge Headband of Striking	阿尔马斯提强袭头带
34261	Luncheon Toadskin Jacket of Striking	山鸡革强袭短衣
34262	Luncheon Toadskin Gloves of Striking	山鸡革强袭手套
34263	Luncheon Toadskin Hose of Striking	山鸡革强袭骑兵裤
34264	Luncheon Toadskin Boots of Striking	山鸡革强袭短靴
34265	Almasty Serge Hat of Aiming	阿尔马斯提精准狩猎帽
34266	Almasty Serge Coat of Aiming	阿尔马斯提精准外套
34267	Almasty Serge Gloves of Aiming	阿尔马斯提精准手套
34268	Luncheon Toadskin Hose of Aiming	山鸡革精准骑兵裤
34269	Luncheon Toadskin Thighboots of Aiming	山鸡革精准高筒靴
34270	Almasty Serge Headband of Scouting	阿尔马斯提游击头带
34271	Luncheon Toadskin Jacket of Scouting	山鸡革游击短衣
34272	Luncheon Toadskin Gloves of Scouting	山鸡革游击手套
34273	Luncheon Toadskin Hose of Scouting	山鸡革游击骑兵裤
34274	Luncheon Toadskin Thighboots of Scouting	山鸡革游击高筒靴
34275	Almasty Serge Hat of Healing	阿尔马斯提治愈无檐帽
34276	Almasty Serge Coat of Healing	阿尔马斯提治愈外套
34277	Almasty Serge Gloves of Healing	阿尔马斯提治愈手套
34278	Luncheon Toadskin Hose of Healing	山鸡革治愈骑兵裤
34279	Luncheon Toadskin Thighboots of Healing	山鸡革治愈高筒靴
34280	Almasty Serge Hat of Casting	阿尔马斯提咏咒礼帽
34281	Almasty Serge Coat of Casting	阿尔马斯提咏咒外套
34282	Almasty Serge Gloves of Casting	阿尔马斯提咏咒手套
34283	Luncheon Toadskin Hose of Casting	山鸡革咏咒骑兵裤
34284	Luncheon Toadskin Thighboots of Casting	山鸡革咏咒高筒靴
34285	Palm Ear Cuffs of Fending	棕榈御敌耳夹
34286	Palm Ear Cuffs of Slaying	棕榈强攻耳夹
34287	Palm Ear Cuffs of Aiming	棕榈精准耳夹
34288	Palm Ear Cuffs of Healing	棕榈治愈耳夹
34289	Palm Ear Cuffs of Casting	棕榈咏咒耳夹
34290	Pewter Choker of Fending	白镴御敌项环
34291	Pewter Choker of Slaying	白镴强攻项环
34292	Pewter Choker of Aiming	白镴精准项环
34293	Pewter Choker of Healing	白镴治愈项环
34294	Pewter Choker of Casting	白镴咏咒项环
34295	Palm Bracelets of Fending	棕榈御敌手环
34296	Palm Bracelets of Slaying	棕榈强攻手环
34297	Palm Bracelets of Aiming	棕榈精准手环
34298	Palm Bracelets of Healing	棕榈治愈手环
34299	Palm Bracelets of Casting	棕榈咏咒手环
34300	Pewter Ring of Fending	白镴御敌指环
34301	Pewter Ring of Slaying	白镴强攻指环
34302	Pewter Ring of Aiming	白镴精准指环
34303	Pewter Ring of Healing	白镴治愈指环
34304	Pewter Ring of Casting	白镴咏咒指环
34380	Bismuth Katzbalger	铋金斗剑
34381	Bismuth Tonfa	铋金旋棍
34382	Bismuth Axe	铋金战斧
34383	Red Pine Spear	红松木长枪
34384	Bismuth Bow	铋金弓
34385	Bismuth Daggers	铋金小刀
34386	Bismuth Greatsword	铋金巨剑
34387	Bismuth Blunderbuss	铋金雷火炮
34388	Red Pine Cane	红松木牧杖
34389	Phrygian Rod	弗里金咒杖
34390	Saigaskin Grimoire	赛加羚羊革魔导书
34391	Saigaskin Codex	赛加羚羊革魔导典
34392	Phrygian Orrery	弗里金太阳仪
34393	Bismuth Uchigatana	铋金打刀
34394	Phrygian Hanger	弗里金重刺剑
34395	Bismuth Gunblade	铋金枪刃
34396	Bismuth Chakrams	铋金圆月轮
34397	Phrygian Wings	弗里金飞翼
34398	Bismuth War Scythe	铋金战镰
34399	Bismuth Shield	铋金盾
34400	Bismuth Goggles of Fending	铋金御敌护目镜
34401	Saigaskin Coat of Fending	赛加羚羊革御敌长衣
34402	Saigaskin Armguards of Fending	赛加羚羊革御敌护臂
34403	Saigaskin Trousers of Fending	赛加羚羊革御敌软甲裤
34404	Saigaskin Boots of Fending	赛加羚羊革御敌筒靴
34405	Bismuth Headgear of Maiming	铋金制敌头甲
34406	Saigaskin Coat of Maiming	赛加羚羊革制敌长衣
34407	Saigaskin Armguards of Maiming	赛加羚羊革制敌护臂
34408	Saigaskin Trousers of Maiming	赛加羚羊革制敌软甲裤
34409	Saigaskin Boots of Maiming	赛加羚羊革制敌筒靴
34410	Snow Linen Cap of Striking	雪亚麻强袭无檐帽
34411	Saigaskin Jacket of Striking	赛加羚羊革强袭长衣
34412	Saigaskin Gloves of Striking	赛加羚羊革强袭手套
34413	Snow Linen Bottoms of Striking	雪亚麻强袭打底裤
34414	Saigaskin Shoes of Striking	赛加羚羊革强袭厚底鞋
34415	Saigaskin Cap of Aiming	赛加羚羊革精准仪仗帽
34416	Saigaskin Jacket of Aiming	赛加羚羊革精准长衣
34417	Saigaskin Gloves of Aiming	赛加羚羊革精准手套
34418	Snow Linen Bottoms of Aiming	雪亚麻精准打底裤
34419	Saigaskin Shoes of Aiming	赛加羚羊革精准厚底鞋
34420	Snow Linen Cap of Scouting	雪亚麻游击无檐帽
34421	Saigaskin Jacket of Scouting	赛加羚羊革游击短衣
34422	Saigaskin Armguards of Scouting	赛加羚羊革游击护臂
34423	Snow Linen Sarouel of Scouting	雪亚麻游击垮裤
34424	Saigaskin Shoes of Scouting	赛加羚羊革游击厚底鞋
34425	Snow Linen Cap of Healing	雪亚麻治愈无檐帽
34426	Snow Linen Jacket of Healing	雪亚麻治愈短衣
34427	Saigaskin Gloves of Healing	赛加羚羊革治愈手套
34428	Snow Linen Bottoms of Healing	雪亚麻治愈打底裤
34429	Saigaskin Shoes of Healing	赛加羚羊革治愈厚底鞋
34430	Saigaskin Cap of Casting	赛加羚羊革咏咒仪仗帽
34431	Snow Linen Jacket of Casting	雪亚麻咏咒长袍
34432	Saigaskin Armguards of Casting	赛加羚羊革咏咒护臂
34433	Snow Linen Sarouel of Casting	雪亚麻咏咒垮裤
34434	Saigaskin Shoes of Casting	赛加羚羊革咏咒厚底鞋
34435	Phrygian Ear Cuffs of Fending	弗里金御敌耳夹
34436	Phrygian Ear Cuffs of Slaying	弗里金强攻耳夹
34437	Phrygian Ear Cuffs of Aiming	弗里金精准耳夹
34438	Phrygian Ear Cuffs of Healing	弗里金治愈耳夹
34439	Phrygian Ear Cuffs of Casting	弗里金咏咒耳夹
34440	Phrygian Choker of Fending	弗里金御敌项环
34441	Phrygian Choker of Slaying	弗里金强攻项环
34442	Phrygian Choker of Aiming	弗里金精准项环
34443	Phrygian Choker of Healing	弗里金治愈项环
34444	Phrygian Choker of Casting	弗里金咏咒项环
34445	Bismuth Bracelet of Fending	铋金御敌手环
34446	Bismuth Bracelet of Slaying	铋金强攻手环
34447	Bismuth Bracelet of Aiming	铋金精准手环
34448	Bismuth Bracelet of Healing	铋金治愈手环
34449	Bismuth Bracelet of Casting	铋金咏咒手环
34450	Bismuth Ring of Fending	铋金御敌指环
34451	Bismuth Ring of Slaying	铋金强攻指环
34452	Bismuth Ring of Aiming	铋金精准指环
34453	Bismuth Ring of Healing	铋金治愈指环
34454	Bismuth Ring of Casting	铋金咏咒指环
34530	Manganese Sword	锰钢剑
34531	Manganese Knuckles	锰钢拳套
34532	Manganese Axe	锰钢战斧
34533	Ironwood Spear	铁木长枪
34534	Ironwood Longbow	铁木长弓
34535	Manganese Daggers	锰钢小刀
34536	Manganese Greatsword	锰钢巨剑
34537	Manganese Arquebus	锰钢明火枪
34538	Ironwood Cane	铁木牧杖
34539	Ironwood Staff	铁木法杖
34540	Kumbhiraskin Grimoire	金毗罗鳄革魔导书
34541	Kumbhiraskin Codex	金毗罗鳄革魔导典
34542	Manganese Orrery	锰钢太阳仪
34543	Manganese Uchigatana	锰钢打刀
34544	Manganese Rapier	锰钢刺剑
34545	Manganese Bayonet	锰钢刺刀
34546	Manganese Chakrams	锰钢圆月轮
34547	Manganese Syrinxi	锰钢注射管
34548	Manganese War Scythe	锰钢战镰
34549	Manganese Kite Shield	锰钢鸢盾
34550	Manganese Helm of the Behemoth King	锰钢贝希摩斯王战盔
34551	Manganese Armor of the Behemoth King	锰钢贝希摩斯王战甲
34552	Manganese Gauntlets of the Behemoth King	锰钢贝希摩斯王手铠
34553	Kumbhiraskin Cuisses of the Behemoth King	金毗罗鳄革贝希摩斯王腿甲
34554	Manganese Sabatons of the Behemoth King	锰钢贝希摩斯王铠靴
34555	Manganese Helm of the Behemoth Queen	锰钢贝希摩斯女王战盔
34556	Manganese Armor of the Behemoth Queen	锰钢贝希摩斯女王战甲
34557	Manganese Gauntlets of the Behemoth Queen	锰钢贝希摩斯女王手铠
34558	Kumbhiraskin Cuisses of the Behemoth Queen	金毗罗鳄革贝希摩斯女王腿甲
34559	Manganese Sabatons of the Behemoth Queen	锰钢贝希摩斯女王铠靴
34560	Manganese Helm of the Rising Dragon	锰钢升龙战盔
34561	Kumbhiraskin Jacket of the Rising Dragon	金毗罗鳄革升龙皮甲
34562	Manganese Gloves of the Rising Dragon	锰钢升龙手套
34563	Scarlet Moko Gaskins of the Rising Dragon	绛红草布升龙束膝裤
34564	Manganese Gaiters of the Rising Dragon	锰钢升龙斗鞋
34565	Manganese Horn of the Last Unicorn	锰钢最后的独角兽之角
34566	Scarlet Moko Robe of the Last Unicorn	绛红草布最后的独角兽长袍
34567	Kumbhiraskin Armguards of the Last Unicorn	金毗罗鳄革最后的独角兽护臂
34568	Scarlet Moko Longkilt of the Last Unicorn	绛红草布最后的独角兽长裙
34569	Kumbhiraskin Leg Guards of the Last Unicorn	金毗罗鳄革最后的独角兽甲靴
34570	Manganese Helm of the Falling Dragon	锰钢堕龙战盔
34571	Kumbhiraskin Jacket of the Falling Dragon	金毗罗鳄革堕龙皮甲
34572	Manganese Gloves of the Falling Dragon	锰钢堕龙手套
34573	Scarlet Moko Gaskins of the Falling Dragon	绛红草布堕龙束膝裤
34574	Manganese Gaiters of the Falling Dragon	锰钢堕龙斗鞋
34575	Scarlet Moko Hood of the White Griffin	绛红草布白狮鹫兜帽
34576	Scarlet Moko Robe of the White Griffin	绛红草布白狮鹫长袍
34577	Kumbhiraskin Gloves of the White Griffin	金毗罗鳄革白狮鹫手套
34578	Scarlet Moko Chausses of the White Griffin	绛红草布白狮鹫裤袜
34579	Manganese Boots of the White Griffin	锰钢白狮鹫筒靴
34580	Scarlet Moko Hood of the Black Griffin	绛红草布黑狮鹫兜帽
34581	Scarlet Moko Robe of the Black Griffin	绛红草布黑狮鹫长袍
34582	Kumbhiraskin Gloves of the Black Griffin	金毗罗鳄革黑狮鹫手套
34583	Scarlet Moko Chausses of the Black Griffin	绛红草布黑狮鹫裤袜
34584	Manganese Boots of the Black Griffin	锰钢黑狮鹫筒靴
34585	Blue Zircon Earrings of Fending	蓝锆石御敌耳坠
34586	Blue Zircon Earrings of Slaying	蓝锆石强攻耳坠
34587	Blue Zircon Earrings of Aiming	蓝锆石精准耳坠
34588	Blue Zircon Earrings of Healing	蓝锆石治愈耳坠
34589	Blue Zircon Earrings of Casting	蓝锆石咏咒耳坠
34590	Ironwood Choker of Fending	铁木御敌项环
34591	Ironwood Choker of Slaying	铁木强攻项环
34592	Ironwood Choker of Aiming	铁木精准项环
34593	Ironwood Choker of Healing	铁木治愈项环
34594	Ironwood Choker of Casting	铁木咏咒项环
34595	Blue Zircon Bracelet of Fending	蓝锆石御敌手环
34596	Blue Zircon Bracelet of Slaying	蓝锆石强攻手环
34597	Blue Zircon Bracelet of Aiming	蓝锆石精准手环
34598	Blue Zircon Bracelet of Healing	蓝锆石治愈手环
34599	Blue Zircon Bracelet of Casting	蓝锆石咏咒手环
34600	Blue Zircon Ring of Fending	蓝锆石御敌指环
34601	Blue Zircon Ring of Slaying	蓝锆石强攻指环
34602	Blue Zircon Ring of Aiming	蓝锆石精准指环
34603	Blue Zircon Ring of Healing	蓝锆石治愈指环
34604	Blue Zircon Ring of Casting	蓝锆石咏咒指环
34680	Chondrite Magitek Sword	球粒陨石魔导剑
34681	Chondrite Magitek Baghnakhs	球粒陨石魔导虎爪
34682	Chondrite Magitek Axe	球粒陨石魔导战斧
34683	Integral Magitek Spear	完满木魔导长枪
34684	Integral Magitek Bow	完满木魔导弓
34685	Chondrite Magitek Cleavers	球粒陨石魔导屠刀
34686	Chondrite Magitek Guillotine	球粒陨石魔导断头剑
34687	Chondrite Magitek Handgonne	球粒陨石魔导手炮
34688	Integral Magitek Cane	完满木魔导牧杖
34689	Integral Magitek Rod	完满木魔导咒杖
34690	Ophiotauroskin Magitek Index	蛇牛革魔导书
34691	Ophiotauroskin Magitek Codex	蛇牛革魔导典
34692	Chondrite Magitek Planisphere	球粒陨石魔导天星盘
34693	Chondrite Magitek Samurai Blade	球粒陨石魔导武士刀
34694	Chondrite Magitek Tuck	球粒陨石魔导刺剑
34695	Chondrite Magitek Sawback	球粒陨石魔导锯刃
34696	Chondrite Magitek Glaives	球粒陨石魔导轮刃
34697	Chondrite Magitek Wings	球粒陨石魔导飞翼
34698	Chondrite Magitek War Scythe	球粒陨石魔导战镰
34699	Chondrite Magitek Shield	球粒陨石魔导盾
34700	AR-Caean Velvet Cap of Fending	迷彩绒御敌军帽
34701	Chondrite Top of Fending	球粒陨石御敌上装
34702	Chondrite Gauntlets of Fending	球粒陨石御敌手铠
34703	AR-Caean Velvet Bottoms of Fending	迷彩绒御敌打底裤
34704	Chondrite Sollerets of Fending	球粒陨石御敌锁甲靴
34705	AR-Caean Velvet Cap of Maiming	迷彩绒制敌军帽
34706	Chondrite Top of Maiming	球粒陨石制敌上装
34707	Chondrite Gloves of Maiming	球粒陨石制敌手套
34708	AR-Caean Velvet Bottoms of Maiming	迷彩绒制敌打底裤
34709	Ophiotauroskin Boots of Maiming	蛇牛革制敌皮靴
34710	AR-Caean Velvet Hat of Striking	迷彩绒强袭礼帽
34711	AR-Caean Velvet Top of Striking	迷彩绒强袭上装
34712	Chondrite Gloves of Striking	球粒陨石强袭手套
34713	AR-Caean Velvet Bottoms of Striking	迷彩绒强袭打底裤
34714	Ophiotauroskin Boots of Striking	蛇牛革强袭长靴
34715	AR-Caean Velvet Cap of Aiming	迷彩绒精准军帽
34716	Ophiotauroskin Top of Aiming	蛇牛革精准上装
34717	Chondrite Gloves of Aiming	球粒陨石精准手套
34718	AR-Caean Velvet Bottoms of Aiming	迷彩绒精准打底裤
34719	Ophiotauroskin Boots of Aiming	蛇牛革精准长靴
34720	AR-Caean Velvet Hat of Scouting	迷彩绒游击军帽
34721	Ophiotauroskin Top of Scouting	蛇牛革游击上装
34722	Chondrite Gloves of Scouting	球粒陨石游击手套
34723	AR-Caean Velvet Bottoms of Scouting	迷彩绒游击打底裤
34724	Chondrite Sollerets of Scouting	球粒陨石游击锁甲靴
34725	AR-Caean Velvet Cap of Healing	迷彩绒治愈军帽
34726	Ophiotauroskin Top of Healing	蛇牛革治愈上装
34727	Chondrite Gloves of Healing	球粒陨石治愈手套
34728	AR-Caean Velvet Bottoms of Healing	迷彩绒治愈打底裤
34729	Ophiotauroskin Boots of Healing	蛇牛革治愈长靴
34730	AR-Caean Velvet Hat of Casting	迷彩绒咏咒礼帽
34731	Ophiotauroskin Top of Casting	蛇牛革咏咒上装
34732	Chondrite Gloves of Casting	球粒陨石咏咒手套
34733	AR-Caean Velvet Bottoms of Casting	迷彩绒咏咒打底裤
34734	Ophiotauroskin Boots of Casting	蛇牛革咏咒皮靴
34735	Star Quartz Earrings of Fending	星点石英御敌耳坠
34736	Star Quartz Earrings of Slaying	星点石英强攻耳坠
34737	Star Quartz Earrings of Aiming	星点石英精准耳坠
34738	Star Quartz Earrings of Healing	星点石英治愈耳坠
34739	Star Quartz Earrings of Casting	星点石英咏咒耳坠
34740	Star Quartz Choker of Fending	星点石英御敌项环
34741	Star Quartz Choker of Slaying	星点石英强攻项环
34742	Star Quartz Choker of Aiming	星点石英精准项环
34743	Star Quartz Choker of Healing	星点石英治愈项环
34744	Star Quartz Choker of Casting	星点石英咏咒项环
34745	Star Quartz Wristband of Fending	星点石英御敌腕带
34746	Star Quartz Wristband of Slaying	星点石英强攻腕带
34747	Star Quartz Wristband of Aiming	星点石英精准腕带
34748	Star Quartz Wristband of Healing	星点石英治愈腕带
34749	Star Quartz Wristband of Casting	星点石英咏咒腕带
34750	Star Quartz Ring of Fending	星点石英御敌指环
34751	Star Quartz Ring of Slaying	星点石英强攻指环
34752	Star Quartz Ring of Aiming	星点石英精准指环
34753	Star Quartz Ring of Healing	星点石英治愈指环
34754	Star Quartz Ring of Casting	星点石英咏咒指环
35020	Classical Longsword	古典风格长剑
35021	Classical Tonfa	古典风格旋棍
35022	Classical Battleaxe	古典风格战斧
35023	Classical Spear	古典风格长枪
35024	Classical Cavalry Bow	古典风格骑兵弓
35025	Classical Daggers	古典风格小刀
35026	Classical Greatsword	古典风格巨剑
35027	Classical Handgonne	古典风格手炮
35028	Classical Cane	古典风格牧杖
35029	Classical Longpole	古典风格长玉杖
35030	Classical Index	古典风格魔导书
35031	Classical Codex	古典风格魔导典
35032	Classical Torquetum	古典风格黄道仪
35033	Classical Samurai Blade	古典风格武士刀
35034	Classical Smallsword	古典风格小剑
35035	Classical Gunblade	古典风格枪刃
35036	Classical Chakrams	古典风格圆月轮
35037	Classical Milpreves	古典风格蛇石针
35038	Classical War Scythe	古典风格战镰
35039	Classical Shield	古典风格长盾
35040	Classical Hoplomachus's Headgear	古典风格剑斗士头甲
35041	Classical Hoplomachus's Lorica	古典风格剑斗士兜甲
35042	Classical Hoplomachus's Manicae	古典风格剑斗士袖甲
35043	Classical Hoplomachus's Loincloth	古典风格剑斗士三角裤
35044	Classical Hoplomachus's Greaves	古典风格剑斗士胫甲
35045	Classical Eques's Headgear	古典风格骑士头甲
35046	Classical Eques's Chiton	古典风格骑士长衣
35047	Classical Eques's Manicae	古典风格骑士袖甲
35048	Classical Eques's Loincloth	古典风格骑士三角裤
35049	Classical Eques's Caligae	古典风格骑士战靴
35050	Classical Secutor's Mask	古典风格拳斗士面具
35051	Classical Secutor's Lorica	古典风格拳斗士兜甲
35052	Classical Secutor's Manicae	古典风格拳斗士袖甲
35053	Classical Secutor's Loincloth	古典风格拳斗士三角裤
35054	Classical Secutor's Caligae	古典风格拳斗士战靴
35055	Classical Sagittarius's Headband	古典风格弓斗士头甲
35056	Classical Sagittarius's Chiton	古典风格弓斗士长衣
35057	Classical Sagittarius's Wrist Torque	古典风格弓斗士腕环
35058	Classical Sagittarius's Loincloth	古典风格弓斗士三角裤
35059	Classical Sagittarius's Caligae	古典风格弓斗士战靴
35060	Classical Dimachaerius's Mask	古典风格双剑斗士面具
35061	Classical Dimachaerius's Lorica	古典风格双剑斗士兜甲
35062	Classical Dimachaerius's Manicae	古典风格双剑斗士袖甲
35063	Classical Dimachaerius's Loincloth	古典风格双剑斗士三角裤
35064	Classical Dimachaerius's Caligae	古典风格双剑斗士战靴
35065	Classical Medicus's Laurel Wreath	古典风格医护兵月桂冠
35066	Classical Medicus's Chiton	古典风格医护兵长衣
35067	Classical Medicus's Wrist Torque	古典风格医护兵腕环
35068	Classical Medicus's Loincloth	古典风格医护兵三角裤
35069	Classical Medicus's Caligae	古典风格医护兵战靴
35070	Classical Signifer's Horns	古典风格旗手角冠
35071	Classical Signifer's Chiton	古典风格旗手长衣
35072	Classical Signifer's Fingerless Gloves	古典风格旗手半指护手
35073	Classical Signifer's Culottes	古典风格旗手裙裤
35074	Classical Signifer's Caligae	古典风格旗手战靴
35075	Classical Earrings of Fending	古典风格御敌耳坠
35076	Classical Earrings of Slaying	古典风格强攻耳坠
35077	Classical Earrings of Aiming	古典风格精准耳坠
35078	Classical Earrings of Healing	古典风格治愈耳坠
35079	Classical Earrings of Casting	古典风格咏咒耳坠
35080	Classical Choker of Fending	古典风格御敌项环
35081	Classical Choker of Slaying	古典风格强攻项环
35082	Classical Choker of Aiming	古典风格精准项环
35083	Classical Choker of Healing	古典风格治愈项环
35084	Classical Choker of Casting	古典风格咏咒项环
35085	Classical Wristband of Fending	古典风格御敌手环
35086	Classical Wristband of Slaying	古典风格强攻手环
35087	Classical Wristband of Aiming	古典风格精准手环
35088	Classical Wristband of Healing	古典风格治愈手环
35089	Classical Wristband of Casting	古典风格咏咒手环
35090	Classical Ring of Fending	古典风格御敌指环
35091	Classical Ring of Slaying	古典风格强攻指环
35092	Classical Ring of Aiming	古典风格精准指环
35093	Classical Ring of Healing	古典风格治愈指环
35094	Classical Ring of Casting	古典风格咏咒指环
35320	High Durium Saw	辉翠银手锯
35321	High Durium Cross-pein Hammer	辉翠银横头锤
35322	High Durium Raising Hammer	辉翠银圆头锤
35323	High Durium Lapidary Hammer	辉翠银工艺锤
35324	High Durium Creasing Knife	辉翠银制革刀
35325	High Durium Needle	辉翠银缝针
35326	High Durium Alembic	辉翠银蒸馏器
35327	High Durium Namazu Frypan	辉翠银鲶鱼精煎锅
35328	High Durium Pickaxe	辉翠银鹤嘴锄
35329	High Durium Hatchet	辉翠银手斧
35330	Horse Chestnut Fishing Rod	马栗木钓竿
35331	High Durium Claw Hammer	辉翠银羊角锤
35332	High Durium File	辉翠银锉刀
35333	High Durium Pliers	辉翠银手钳
35334	Horse Chestnut Grinding Wheel	马栗木泥岩砂轮机
35335	High Durium Awl	辉翠银平斩
35336	Horse Chestnut Spinning Wheel	马栗木纺车
35337	High Durium Mortar	辉翠银研钵
35338	High Durium Culinary Knife	辉翠银厨刀
35339	High Durium Sledgehammer	辉翠银碎石锤
35340	High Durium Garden Scythe	辉翠银园艺镰
35341	Bismuth Saw	铋金手锯
35342	Bismuth Cross-pein Hammer	铋金横头锤
35343	Bismuth Raising Hammer	铋金圆头锤
35344	Bismuth Lapidary Hammer	铋金工艺锤
35345	Bismuth Round Knife	铋金圆革刀
35346	Phrygian Needle	弗里金缝针
35347	Bismuth Alembic	铋金蒸馏器
35348	Bismuth Fat Cat Frypan	铋金猫小胖煎锅
35349	Bismuth Pickaxe	铋金鹤嘴锄
35350	Bismuth Hatchet	铋金手斧
35351	Red Pine Fishing Rod	红松木钓竿
35352	Bismuth Claw Hammer	铋金羊角锤
35353	Bismuth File	铋金锉刀
35354	Bismuth Pliers	铋金手钳
35355	Red Pine Grinding Wheel	红松木泥岩砂轮机
35356	Bismuth Awl	铋金平斩
35357	Red Pine Spinning Wheel	红松木纺车
35358	Bismuth Mortar	铋金研钵
35359	Bismuth Culinary Knife	铋金厨刀
35360	Bismuth Sledgehammer	铋金碎石锤
35361	Bismuth Garden Scythe	铋金园艺镰
35362	Manganese Saw	锰钢手锯
35363	Manganese Cross-pein Hammer	锰钢横头锤
35364	Manganese Raising Hammer	锰钢圆头锤
35365	Manganese Lapidary Hammer	锰钢工艺锤
35366	Manganese Round Knife	锰钢圆革刀
35367	Manganese Needle	锰钢缝针
35368	Manganese Alembic	锰钢蒸馏器
35369	Manganese Chocobo Frypan	锰钢陆行鸟煎锅
35370	Manganese Pickaxe	锰钢鹤嘴锄
35371	Manganese Hatchet	锰钢手斧
35372	Ironwood Fishing Rod	铁木钓竿
35373	Manganese Claw Hammer	锰钢羊角锤
35374	Manganese File	锰钢锉刀
35375	Manganese Pliers	锰钢手钳
35376	Ironwood Grinding Wheel	铁木泥岩砂轮机
35377	Manganese Awl	锰钢平斩
35378	Ironwood Spinning Wheel	铁木纺车
35379	Manganese Mortar	锰钢研钵
35380	Manganese Culinary Knife	锰钢厨刀
35381	Manganese Sledgehammer	锰钢碎石锤
35382	Manganese Garden Scythe	锰钢园艺镰
35383	Chondrite Saw	球粒陨石手锯
35384	Chondrite Cross-pein Hammer	球粒陨石横头锤
35385	Chondrite Raising Hammer	球粒陨石圆头锤
35386	Chondrite Lapidary Hammer	球粒陨石工艺锤
35387	Chondrite Round Knife	球粒陨石圆革刀
35388	Chondrite Needle	球粒陨石缝针
35389	Chondrite Alembic	球粒陨石蒸馏器
35390	Chondrite Bomb Frypan	球粒陨石爆弹怪煎锅
35391	Chondrite Pickaxe	球粒陨石鹤嘴锄
35392	Chondrite Hatchet	球粒陨石手斧
35393	Integral Fishing Rod	完满木钓竿
35394	Chondrite Claw Hammer	球粒陨石羊角锤
35395	Chondrite File	球粒陨石锉刀
35396	Chondrite Pliers	球粒陨石手钳
35397	Integral Grinding Wheel	完满木泥岩砂轮机
35398	Chondrite Awl	球粒陨石平斩
35399	Integral Spinning Wheel	完满木纺车
35400	Chondrite Mortar	球粒陨石研钵
35401	Chondrite Culinary Knife	球粒陨石厨刀
35402	Chondrite Sledgehammer	球粒陨石碎石锤
35403	Chondrite Garden Scythe	球粒陨石园艺镰
35404	Darkhempen Hat	黑麻帽
35405	Darkhempen Dogi	黑麻胴着
35406	Gajaskin Handekko	伽迦象革半手甲
35407	Darkhempen Momohiki	黑麻束裤
35408	Gajaskin Tabi	伽迦象革足袋
35409	Horse Chestnut Kasa	马栗木笠
35410	Darkhempen Tabigoromo	黑麻旅衣
35411	Gajaskin Tekko	伽迦象革手甲
35412	Darkhempen Kyakui	黑麻软裤
35413	Gajaskin Zori	伽迦象革草履
35414	Snow Linen Turban of Crafting	雪亚麻布巧匠包头巾
35415	Snow Linen Doublet of Crafting	雪亚麻布巧匠工作坎肩
35416	Saigaskin Gloves of Crafting	赛加羚羊革巧匠手套
35417	Snow Linen Bottoms of Crafting	雪亚麻布巧匠打底裤
35418	Saigaskin Shoes of Crafting	赛加羚羊革巧匠皮鞋
35419	Snow Linen Turban of Gathering	雪亚麻布大地包头巾
35420	Snow Linen Coat of Gathering	雪亚麻布大地外套
35421	Saigaskin Halfgloves of Gathering	赛加羚羊革大地手套
35422	Snow Linen Bottoms of Gathering	雪亚麻布大地打底裤
35423	Saigaskin Sandals of Gathering	赛加羚羊革大地皮鞋
35424	Scarlet Moko Wedge Cap of Crafting	绛红草布巧匠无檐帽
35425	Scarlet Moko Coatee of Crafting	绛红草布巧匠短上衣
35426	Kumbhiraskin Gloves of Crafting	金毗罗鳄革巧匠手套
35427	Scarlet Moko Bottoms of Crafting	绛红草布巧匠打底裤
35428	Kumbhiraskin Shoes of Crafting	金毗罗鳄革巧匠皮鞋
35429	Scarlet Moko Beret of Gathering	绛红草布大地贝雷帽
35430	Scarlet Moko Vest of Gathering	绛红草布大地坎肩
35431	Kumbhiraskin Gloves of Gathering	金毗罗鳄革大地手套
35432	Scarlet Moko Halfslops of Gathering	绛红草布大地五分裤
35433	Kumbhiraskin Boots of Gathering	金毗罗鳄革大地筒靴
35434	AR-Caean Velvet Work Cap of Crafting	迷彩绒巧匠工作帽
35435	AR-Caean Velvet Work Shirt of Crafting	迷彩绒巧匠工作衫
35436	Ophiotauroskin Halfgloves of Crafting	蛇牛革巧匠半指手套
35437	AR-Caean Velvet Hose of Crafting	迷彩绒巧匠骑兵裤
35438	Ophiotauroskin Workboots of Crafting	蛇牛革巧匠工作靴
35439	AR-Caean Velvet Trapper's Hat of Gathering	迷彩绒大地狩猎帽
35440	AR-Caean Velvet Jacket of Gathering	迷彩绒大地短衣
35441	Ophiotauroskin Halfgloves of Gathering	蛇牛革大地半指手套
35442	AR-Caean Velvet Culottes of Gathering	迷彩绒大地及膝裤
35443	Ophiotauroskin Boots of Gathering	蛇牛革大地矮靴
35444	Ametrine Ear Cuffs of Crafting	紫黄晶巧匠耳夹
35445	Ametrine Necklace of Crafting	紫黄晶巧匠项链
35446	Ametrine Armillae of Crafting	紫黄晶巧匠腕环
35447	Ametrine Ring of Crafting	紫黄晶巧匠指环
35448	Horse Chestnut Earrings of Gathering	马栗木大地耳坠
35449	Horse Chestnut Necklace of Gathering	马栗木大地项链
35450	Horse Chestnut Bracelet of Gathering	马栗木大地手镯
35451	Horse Chestnut Ring of Gathering	马栗木大地指环
35452	Ironwood Earrings of Crafting	铁木巧匠耳坠
35453	Ironwood Necklace of Crafting	铁木巧匠项链
35454	Ironwood Bracelet of Crafting	铁木巧匠手镯
35455	Ironwood Ring of Crafting	铁木巧匠指环
35456	Kumbhiraskin Earrings of Gathering	金毗罗鳄革大地耳坠
35457	Kumbhiraskin Necklace of Gathering	金毗罗鳄革大地项链
35458	Kumbhiraskin Armilla of Gathering	金毗罗鳄革大地手环
35459	Kumbhiraskin Ring of Gathering	金毗罗鳄革大地指环
35460	Integral Earrings of Crafting	完满木巧匠耳坠
35461	Integral Necklace of Crafting	完满木巧匠项链
35462	Integral Bracelet of Crafting	完满木巧匠手镯
35463	Integral Ring of Crafting	完满木巧匠指环
35464	Ophiotauroskin Earrings of Gathering	蛇牛革大地耳坠
35465	Ophiotauroskin Necklace of Gathering	蛇牛革大地项链
35466	Ophiotauroskin Wristband of Gathering	蛇牛革大地手环
35467	Ophiotauroskin Ring of Gathering	蛇牛革大地指环
35555	Orchestrion Phonograph	管弦乐琴留声机
35556	Shoe Rack	鞋架
35559	Matching Cushions	双软垫
35560	Marimba	马林巴琴
35561	Indoor Oriental Waterfall	东方室内喷泉
35563	Heavenly Ornamental Array	群星壁挂
35564	Woodland Chair	森林旧椅子
35565	Apothecary's Workbench	配药工作台
35566	Candlelit Sundries	花样蜡烛套装
35567	Fat Cat Rug	猫小胖地毯
35568	Walnut Flower Vases	胡桃木立架花瓶
35569	Fluffy Pancakes	松软煎饼套餐
35571	Wooden Blinds	木制百叶帘
35574	Wooden Bin	木制垃圾桶
35575	Imitation Wooden Skylight	仿制木屋阁楼天窗
35576	Square Niche Partition	方孔隔离墙
35577	Pendant Wall Light	悬挂壁灯
35578	Loft Bed	高架床
35579	Restaurant Showcase	餐厅木制展示柜
35582	Il Mheg Garden Fountain	伊尔美格花园喷泉
35583	Hanging Bench	秋千椅
35585	Poroggo Lawn Ornament	庭院智蛙摆饰
35586	Miniature Antique Clock Tower	小型古董时钟塔
35587	Shirogane Pinwheel	白银风车
35588	Gold Plating	黄金外壳零件
35589	Gold Cog	黄金精密齿轮
35590	Gold Motor Component	黄金动力零件
35591	Gold Mechanical Voice Box	黄金发声零件
35592	Starlens Brace	观星镜的支架
35593	Aetherial Lens	以太观测部件
35594	Aetherial Amplifier	以太增幅部件
35595	Aetherial Conductor	以太传导部件
35596	Panaloaf Sweetener	特制甜味素
35597	Panaloaf Yeast	特制酵母
35598	Panaloaf Oil	特制油脂
35599	Ascorbic Additive	特制添加剂
35626	Rarefied Horse Chestnut Kasa	收藏用马栗木笠
35627	Rarefied Palm Bracelet	收藏用棕榈木手镯
35628	Rarefied Red Pine Spinning Wheel	收藏用红松木纺车
35629	Rarefied Ironwood Grinding Wheel	收藏用铁木泥岩砂轮机
35630	Rarefied Integral Armillae	收藏用完满木腕环
35631	Rarefied High Durium Pistol	收藏用辉翠银短铳
35632	Rarefied High Durium Greatsword	收藏用辉翠银巨剑
35633	Rarefied Bismuth Sledgehammer	收藏用铋金锤
35634	Rarefied Manganese Cross-pein Hammer	收藏用锰钢横头锤
35635	Rarefied Chondrite Culinary Knife	收藏用球粒陨石厨刀
35636	Rarefied High Durium Knuckles	收藏用辉翠银拳套
35637	Rarefied High Durium Kite Shield	收藏用辉翠银鸢盾
35638	Rarefied Bismuth Fat Cat Frypan	收藏用铋金猫小胖煎锅
35639	Rarefied Manganese Armor of the Behemoth King	收藏用锰钢贝希摩斯王战甲
35640	Rarefied Chondrite Sollerets	收藏用球粒陨石锁甲靴
35641	Rarefied High Durium Milpreves	收藏用辉翠银蛇石针
35642	Rarefied Pewter Choker	收藏用白镴项环
35643	Rarefied Phrygian Earring	收藏用弗里金耳环
35644	Rarefied Manganese Horn of the Last Unicorn	收藏用锰钢最后的独角兽之角
35645	Rarefied Star Quartz Choker	收藏用星点石英项环
35646	Rarefied Gajaskin Shoes	收藏用伽迦象革皮鞋
35647	Rarefied Luncheon Toadskin Hose	收藏用山鸡革骑兵裤
35648	Rarefied Saigaskin Gloves	收藏用赛加羚羊革手套
35649	Rarefied Kumbhiraskin Shoes	收藏用金毗罗鳄革皮鞋
35650	Rarefied Ophiotauroskin Top	收藏用蛇牛革上装
35651	Rarefied Darkhempen Hat	收藏用黑麻帽
35652	Rarefied Almasty Serge Gloves	收藏用阿尔马斯提手套
35653	Rarefied Snow Linen Doublet	收藏用雪亚麻布巧匠工作坎肩
35654	Rarefied Scarlet Moko Wedge Cap	收藏用绛红草布无檐帽
35655	Rarefied AR-Caean Velvet Bottoms	收藏用迷彩绒打底裤
35656	Rarefied Gajaskin Codex	收藏用伽迦象革魔导典
35657	Rarefied Luncheon Toadskin Grimoire	收藏用山鸡革魔导书
35658	Rarefied Moon Gel	收藏用月凝胶
35659	Rarefied Enchanted Manganese Ink	收藏用锰钢附魔墨水
35660	Rarefied Draught	收藏用药酒
35661	Rarefied Archon Loaf	收藏用贤人面包
35662	Rarefied King Crab Cake	收藏用炸帝王蟹饼
35663	Rarefied Happiness Juice	收藏用开心汁
35664	Rarefied Giant Haddock Dip	收藏用巨人鱼子泥沙拉
35665	Rarefied Giant Popoto Pancakes	收藏用巨人新薯煎饼
35760	Deepgold War Scythe	深金战镰
35763	Deepgold Sickle	深金夺命镰
35765	Bluespirit Sickle	灵青夺命镰
35767	Titanbronze Zaghnal	钛铜扎戈斧镰
35769	Dwarven Mythril War Scythe	矮人银战镰
35778	Stonegold Milpreves	石金蛇石针
35781	Stonegold Syrinxi	石金注射管
35783	Bluespirit Wings	灵青飞翼
35785	Titanbronze Pendulums	钛铜振空摆
35787	Dwarven Mythril Milpreves	矮人银蛇石针
35793	Trophy of Eternal Darkness	永暗奖杯
35794	Trophy of Divine Light	圣光奖杯
35796	New World Burrito Lunch	新世界午餐组合：卷饼
35809	Garlean Concrete Inner Wall	加雷马混凝土内墙
35810	Varied Wood Flooring	撞色木纹地板
35811	Leafy Ceiling Lamp	浓翠吊灯
35836	Gold Core	黄金核心
35838	Gold Connector	黄金联结零件
35840	Writing Utensils	有型的文具套装
35842	Starlens Wand	观星镜操作杖
35844	Golden Spice	黄金香料
35846	Sharlayan Fishcake Ingredient	炸鱼饼必需品
35862	Red Ribbon	红缎带
35868	Cape of Happiness	开心披肩斗篷
35869	Wristlet of Happiness	开心手链
35870	Hose of Happiness	开心骑兵裤
35871	Boots of Happiness	开心筒靴
35984	Adventure Basket	冒险者野餐篮
35991	Red Triteleia Earring	红色紫灯花耳环
35992	Blue Triteleia Earring	蓝色紫灯花耳环
35993	Yellow Triteleia Earring	黄色紫灯花耳环
35994	Green Triteleia Earring	绿色紫灯花耳环
35995	Orange Triteleia Earring	橙色紫灯花耳环
35996	Purple Triteleia Earring	紫色紫灯花耳环
35997	White Triteleia Earring	白色紫灯花耳环
35998	Black Triteleia Earring	黑色紫灯花耳环
35999	Rainbow Triteleia Earring	混色紫灯花耳环
36011	Barding of Eternal Darkness	永暗装甲
36012	Barding of Divine Light	圣光装甲
36036	Archon Loaf	贤人面包
36037	Zurek	裸麦酸汤
36038	Amra Salad	庵摩罗果沙拉
36039	Amra Lassi	庵摩罗果酸奶昔
36040	Island Miq'abob	猫魅风味岛萃烤串
36041	King Crab Cake	炸帝王蟹饼
36042	Ukha	鱼蔬清汤
36043	Borscht	红菜汤
36044	Wine-dark Soup	奶油紫汤
36045	Glory Be Soup	皇帝浓汤
36046	Happiness Juice	开心汁
36047	Carrot Nibbles	胡萝卜丝
36048	Hamsa Curry	桓娑鸟肉咖喱
36049	Karniyarik	茄子镶桓娑鸟肉
36050	Spicy Shakshouka	辣味番茄炖蛋
36051	Lentil Curry	小扁豆咖喱
36052	Skyr	北洋酸奶
36053	Giant Haddock Dip	巨人鱼子泥沙拉
36054	Yakow Moussaka	亚考牛慕沙卡
36055	Philosopher's Sandwich	贤人三明治
36056	Salted Thavnairian Cod	盐烤浅滩鳕鱼
36057	Coconut Cod Chowder	椰香鱼羹
36058	The Noodles of Elpis	厄尔庇斯之面
36059	Giant Popoto Pancakes	巨人新薯煎饼
36060	Tsai tou Vounou	高山茶
36061	Sideritis Cookie	高山茶饼干
36062	Elpis Deipnon	厄尔庇斯佳肴
36063	Baked Alien Soup	星外洋葱汤
36064	Sykon Salad	无花果沙拉
36065	Sykon Compote	无花果蜜饯
36066	Sykon Bavarois	无花果冻糕
36067	Archon Burger	贤人汉堡
36068	Beef Stroganoff	奶汁牛肉
36069	Pumpkin Ratatouille	南瓜香烩时蔬
36070	Pumpkin Potage	南瓜浓汤
36071	Peach Juice	白桃汁
36072	Peach Tart	白桃挞
36073	Sykon Cookie	无花果饼干
36074	Thavnairian Chai	萨维奈奶茶
36075	Scallop Salad	扇贝沙拉
36076	Scallop Curry	扇贝咖喱
36077	Dark Rye Flour	裸麦粉
36078	Northern Sea Salt	北洋食盐
36079	Perilla Oil	紫苏油
36080	Palm Sugar	棕榈糖
36081	Garlean Cheese	加雷马奶酪
36082	Coconut Milk	椰奶
36104	Grade 5 Tincture of Strength	5级刚力之幻药
36105	Grade 5 Tincture of Dexterity	5级巧力之幻药
36106	Grade 5 Tincture of Vitality	5级耐力之幻药
36107	Grade 5 Tincture of Intelligence	5级智力之幻药
36108	Grade 5 Tincture of Mind	5级意力之幻药
36109	Grade 6 Tincture of Strength	6级刚力之幻药
36110	Grade 6 Tincture of Dexterity	6级巧力之幻药
36111	Grade 6 Tincture of Vitality	6级耐力之幻药
36112	Grade 6 Tincture of Intelligence	6级智力之幻药
36113	Grade 6 Tincture of Mind	6级意力之幻药
36114	Competent Craftsman's Draught	名匠药酒
36115	Commanding Craftsman's Draught	巨匠药酒
36116	Cunning Craftsman's Draught	魔匠药酒
36122	Paladin's Mighty Levin Arms	惊雷骑士武具
36123	Paladin's Endless Expanse Arms	无尽云神骑士武具
36124	Paladin's Dead Hive Arms	偃武骑士武具
36125	Paladin's Fiend Arms	生命骑士武具
36126	Paladin's Horde Arms	邪龙怨影骑士武具
36127	Paladin's Goddess Arms	神圣女神骑士武具
36128	Paladin's Demon Arms	无限鬼神骑士武具
36129	Shinryu's Ephemeral Paladin Arms	神龙梦幻骑士武具
36130	Byakko's Enspirited Paladin Arms	白帝骑士武具
36131	Tsukuyomi's Moonlit Paladin Arms	月读命幽夜骑士武具
36132	Suzaku's Flame-kissed Paladin Arms	朱焰骑士武具
36133	Seiryu's Sanctified Paladin Arms	青君骑士武具
36134	Paladin's Augmented Hades Arms	哈迪斯骑士武具
36168	High Durium Nugget	辉翠银块
36169	High Durium Ingot	辉翠银锭
36170	Bismuth Ingot	铋金锭
36171	Manganese Ingot	锰钢锭
36172	Chondrite Ingot	球粒陨石锭
36173	Lunar Adamantite Ingot	月精金锭
36182	Ametrine	紫黄晶
36183	Pewter Ingot	白镴锭
36184	Phrygian Gold Ingot	弗里金锭
36185	Blue Zircon	蓝锆石
36186	Star Quartz	星点石英
36187	Rhodium Ingot	铑金锭
36188	Chloroschist Whetstone	绿片岩磨刀石
36189	Annite Whetstone	铁云母磨刀石
36196	Horse Chestnut Lumber	马栗木木材
36197	Palm Lumber	棕榈木材
36198	Red Pine Lumber	红松木材
36199	Ironwood Lumber	铁木木材
36200	Integral Lumber	完满木木材
36201	Mempisang Lumber	藤春木木材
36208	Dark Hempen Cloth	黑麻布
36209	Almasty Serge	阿尔马斯提哔叽
36210	Snow Linen	雪亚麻布
36211	Scarlet Moko Cloth	绛红草布
36212	AR-Caean Velvet	迷彩绒
36213	Golden Silk	黄金丝绸
36227	Grade 5 Strength Alkahest	5级刚力之幻水
36228	Grade 5 Dexterity Alkahest	5级巧力之幻水
36229	Grade 5 Vitality Alkahest	5级耐力之幻水
36230	Grade 5 Intelligence Alkahest	5级智力之幻水
36231	Grade 5 Mind Alkahest	5级意力之幻水
36232	Grade 6 Strength Alkahest	6级刚力之幻水
36233	Grade 6 Dexterity Alkahest	6级巧力之幻水
36234	Grade 6 Vitality Alkahest	6级耐力之幻水
36235	Grade 6 Intelligence Alkahest	6级智力之幻水
36236	Grade 6 Mind Alkahest	6级意力之幻水
36237	Enchanted High Durium Ink	辉翠银附魔墨水
36238	Enchanted Manganese Ink	锰钢附魔墨水
36239	Moon Gel	月凝胶
36240	Sungold Firesand	黄色火药
36247	Gaja Leather	伽迦象革
36248	Luncheon Toad Leather	山鸡革
36249	Saiga Leather	赛加羚羊革
36250	Kumbhira Leather	金毗罗鳄革
36251	Ophiotauros Leather	蛇牛革
36252	Amynodon Leather	两栖犀革
36311	Resplendent Carpenter's Component A	辉煌工具的第一次加工部件：刻木
36312	Resplendent Blacksmith's Component A	辉煌工具的第一次加工部件：锻冶
36313	Resplendent Armorer's Component A	辉煌工具的第一次加工部件：铸甲
36314	Resplendent Goldsmith's Component A	辉煌工具的第一次加工部件：雕金
36315	Resplendent Leatherworker's Component A	辉煌工具的第一次加工部件：制革
36316	Resplendent Weaver's Component A	辉煌工具的第一次加工部件：裁缝
36317	Resplendent Alchemist's Component A	辉煌工具的第一次加工部件：炼金
36318	Resplendent Culinarian's Component A	辉煌工具的第一次加工部件：烹调
36319	Resplendent Carpenter's Component B	辉煌工具的第二次加工部件：刻木
36320	Resplendent Blacksmith's Component B	辉煌工具的第二次加工部件：锻冶
36321	Resplendent Armorer's Component B	辉煌工具的第二次加工部件：铸甲
36322	Resplendent Goldsmith's Component B	辉煌工具的第二次加工部件：雕金
36323	Resplendent Leatherworker's Component B	辉煌工具的第二次加工部件：制革
36324	Resplendent Weaver's Component B	辉煌工具的第二次加工部件：裁缝
36325	Resplendent Alchemist's Component B	辉煌工具的第二次加工部件：炼金
36326	Resplendent Culinarian's Component B	辉煌工具的第二次加工部件：烹调
36327	Resplendent Carpenter's Component C	辉煌工具的第三次加工部件：刻木
36328	Resplendent Blacksmith's Component C	辉煌工具的第三次加工部件：锻冶
36329	Resplendent Armorer's Component C	辉煌工具的第三次加工部件：铸甲
36330	Resplendent Goldsmith's Component C	辉煌工具的第三次加工部件：雕金
36331	Resplendent Leatherworker's Component C	辉煌工具的第三次加工部件：制革
36332	Resplendent Weaver's Component C	辉煌工具的第三次加工部件：裁缝
36333	Resplendent Alchemist's Component C	辉煌工具的第三次加工部件：炼金
36334	Resplendent Culinarian's Component C	辉煌工具的第三次加工部件：烹调
36354	Endcaller Orchestrion Roll	管弦乐琴乐谱：呼唤终结之神
36355	Your Answer Orchestrion Roll	管弦乐琴乐谱：你的答案
36615	Paladin's Arms of the Round	圆桌之骑士武具
36619	Rarefied Integral Fishing Rod	收藏用完满木钓竿
36620	Rarefied Chondrite Lapidary Hammer	收藏用球粒陨石工艺锤
36621	Rarefied Chondrite Alembic	收藏用球粒陨石蒸馏器
36622	Rarefied Chondrite Needle	收藏用球粒陨石缝针
36623	Rarefied Ophiotauroskin Halfgloves	收藏用蛇牛革半手套
36624	Rarefied AR-Caean Velvet Work Cap	收藏用迷彩绒工作帽
36625	Rarefied Ophiotauroskin Magitek Codex	收藏用蛇牛革魔导典
36626	Rarefied Sykon Bavarois	收藏用无花果冻糕
36664	Aetheroconductive Quill	留学生用文具
36665	Aetheroconductive Focus	留学生用魔器
36666	Luncheon Coffer	魔法餐盒
36667	Aetheroconductive Mammet	特训用魔法人偶
36668	School Supplies	辅助学习用品
36687	Pactmaker's Halfheart Saw	条约圆手锯
36688	Pactmaker's Cross-pein Hammer	条约横头锤
36689	Pactmaker's Raising Hammer	条约圆头锤
36690	Pactmaker's Lapidary Hammer	条约工艺锤
36691	Pactmaker's Creasing Knife	条约制革刀
36692	Pactmaker's Needle	条约缝针
36693	Pactmaker's Alembic	条约蒸馏器
36694	Pactmaker's Arkasodara Frypan	条约悌阳象煎锅
36695	Pactmaker's Pickaxe	条约鹤嘴锄
36696	Pactmaker's Hatchet	条约手斧
36697	Pactmaker's Fishing Rod	条约钓竿
36698	Pactmaker's Claw Hammer	条约羊角锤
36699	Pactmaker's File	条约锉刀
36700	Pactmaker's Pliers	条约手钳
36701	Pactmaker's Grinding Wheel	条约砂轮机
36702	Pactmaker's Awl	条约平斩
36703	Pactmaker's Spinning Wheel	条约纺车
36704	Pactmaker's Mortar	条约研钵
36705	Pactmaker's Culinary Knife	条约厨刀
36706	Pactmaker's Sledgehammer	条约碎石锤
36707	Pactmaker's Garden Scythe	条约园艺镰
36708	Pactmaker's Turban of Crafting	条约巧匠包头巾
36709	Pactmaker's Vest of Crafting	条约巧匠坎肩
36710	Pactmaker's Halfgloves of Crafting	条约巧匠半指手套
36711	Pactmaker's Sarouel of Crafting	条约巧匠垮裤
36712	Pactmaker's Pumps of Crafting	条约巧匠浅口鞋
36713	Pactmaker's Ushanka of Gathering	条约大地毛帽
36714	Pactmaker's Coat of Gathering	条约大地外套
36715	Pactmaker's Gloves of Gathering	条约大地手套
36716	Pactmaker's Breeches of Gathering	条约大地马裤
36717	Pactmaker's Boots of Gathering	条约大地矮靴
36837	Varsity Flat Cap	校园平顶帽
36838	Varsity Jacket	校园外套
36839	Varsity Bottoms	校园打底裤
36840	Varsity Shoes	校园皮鞋
36841	Buttoned Varsity Jacket	系扣校园外套
36842	Varsity Skirt	校园长裙
36849	Bluefeather Barding	蓝羽装甲
36863	Highland Cottage Roof (Wood)	木制雪峰小屋房顶
36864	Highland Cottage Roof (Stone)	石制雪峰小屋房顶
36865	Highland Cottage Roof (Composite)	混合制雪峰小屋房顶
36866	Highland House Roof (Wood)	木制雪峰公馆房顶
36867	Highland House Roof (Stone)	石制雪峰公馆房顶
36868	Highland House Roof (Composite)	混合制雪峰公馆房顶
36869	Highland Mansion Roof (Wood)	木制雪峰别墅房顶
36870	Highland Mansion Roof (Stone)	石制雪峰别墅房顶
36871	Highland Mansion Roof (Composite)	混合制雪峰别墅房顶
36872	Highland Cottage Wall (Wood)	木制雪峰小屋外墙
36873	Highland Cottage Wall (Stone)	石制雪峰小屋外墙
36874	Highland Cottage Wall (Composite)	混合制雪峰小屋外墙
36875	Highland House Wall (Wood)	木制雪峰公馆外墙
36876	Highland House Wall (Stone)	石制雪峰公馆外墙
36877	Highland House Wall (Composite)	混合制雪峰公馆外墙
36878	Highland Mansion Wall (Wood)	木制雪峰别墅外墙
36879	Highland Mansion Wall (Stone)	石制雪峰别墅外墙
36880	Highland Mansion Wall (Composite)	混合制雪峰别墅外墙
36881	Highland Classical Window	雪峰古典窗
36882	Highland Lancet Window	雪峰尖窗
36883	Highland Oblong Window	雪峰方窗
36884	Highland Wooden Door	雪峰木制门
36885	Highland Ornate Door	雪峰装饰门
36886	Highland Classical Door	雪峰古典门
36887	Highland Interior Wall	雪峰内墙
36888	Highland Flooring	雪峰地板
36889	Highland Pendant Lamp	雪峰吊灯
36890	Deluxe Highland Pendant Lamp	雪峰豪华吊灯
36891	Highland Chandelier	雪峰枝形吊灯
36892	Highland Composite Chimney	雪峰混合制烟囱
36893	Highland Rounded Chimney	雪峰圆形烟囱
36894	Highland Stone Chimney	雪峰石制烟囱
36895	Highland Wooden Awning	雪峰木制遮蓬
36896	Highland Stone Awning	雪峰石制遮蓬
36897	Highland Composite Awning	雪峰混合制遮蓬
36898	Highland Placard	雪峰门牌
36899	Highland Hanging Placard	雪峰悬挂门牌
36900	Highland Banner	雪峰标旗
36901	Highland Stone Wall	雪峰石制围墙
36902	Highland Fence	雪峰栅栏围墙
36903	Highland Potting Fence	雪峰园艺围墙
37280	Eblan Danburite	艾布拉纳赛黄晶
37281	Hannish Fiber	萨维奈纤维
37282	Calamari Ripieni	镶烤墨鱼
37283	Kalamarakia Tiganita	炸墨鱼圈
37289	Gunblade of the Round	圆桌之枪刃
37290	War Quoits of the Round	圆桌之战轮
37291	Milpreves of the Round	圆桌之蛇石针
37292	Sickle of the Round	圆桌之夺命镰
37293	Red Byregotia Choker	红色比尔格紫罗兰项环
37294	Blue Byregotia Choker	蓝色比尔格紫罗兰项环
37295	Yellow Byregotia Choker	黄色比尔格紫罗兰项环
37296	Green Byregotia Choker	绿色比尔格紫罗兰项环
37297	Orange Byregotia Choker	橙色比尔格紫罗兰项环
37298	Purple Byregotia Choker	紫色比尔格紫罗兰项环
37299	White Byregotia Choker	白色比尔格紫罗兰项环
37300	Black Byregotia Choker	黑色比尔格紫罗兰项环
37301	Rainbow Byregotia Choker	混色比尔格紫罗兰项环
37318	Susano's Rapturous Knuckles	豪勇铁甲
37319	Susano's Rapturous War Axe	豪勇战斧
37320	Susano's Rapturous Pike	豪勇长矛
37321	Susano's Rapturous Greatbow	豪勇大弓
37322	Susano's Rapturous Kunai	豪勇苦无
37323	Susano's Rapturous Greatsword	豪勇大剑
37324	Susano's Rapturous Revolver	豪勇短铳
37325	Susano's Rapturous Cane	豪勇锡杖
37326	Susano's Rapturous Rod	豪勇咒杖
37327	Susano's Rapturous Grimoire	豪勇经典
37328	Susano's Rapturous Codex	豪勇文书
37329	Susano's Rapturous Ephemeris	豪勇干支
37330	Susano's Rapturous Tachi	豪勇太刀
37331	Susano's Rapturous Rapier	豪勇细剑
37333	Susano's Rapturous Paladin Arms	豪勇骑士武具
37347	Classic Dresser	古典梳妆台
37348	Log Rack	木柴架
37349	Indoor Marble Fountain	大理石室内喷泉
37351	Ornamental Crystal Array	水晶壁挂
37353	Kweh-kweh Clock	咕哎钟
37355	Eastern Canopy Bed	东方四柱床
37356	Wondrous Parfait	奇妙芭菲
37357	Eulmoran Divan	游末邦睡榻
37358	Sweetfish Skewers	碳烤香鱼
37359	Ivy Curtain	常春藤幕帘
37360	Luminous Wooden Loft	底灯木制夹层楼板
37361	Swinging-door Counter	弹簧门柜台
37362	Ironworks Tool Set	加隆德工具套装
37363	Trick Bookshelf Partition	书柜暗门隔离墙
37364	Simple Arched Window	简易拱窗
37365	Factory Pillar	复制立柱
37367	Iron Chair	钢铁座椅
37369	Steel Locker	白钢储物柜
37373	Imitation Highland Window	仿制雪峰方窗
37374	House Fortemps Fireplace	福尔唐府邸壁炉
37376	Cathedral Lectern	大圣堂讲坛
37380	Bluefeather Astrolabos	蓝羽星盘
37397	Alpine Open-air Bath	伊修加德浴室
37398	Ivy-covered Bridge	常春藤白拱桥
37400	Raised Wooden Deck	高架木制平台
37401	Garden Gate	花园大门
37402	Planter Set	植物套装
37408	Amaurotine Interior Wall	亚马乌罗提内墙
37409	Amaurotine Flooring	亚马乌罗提地板
37410	Amaurotine Spire Chandelier	亚马乌罗提枝形吊灯
37412	The Final Day Orchestrion Roll	管弦乐琴乐谱：终结之战
37413	With Hearts Aligned Orchestrion Roll	管弦乐琴乐谱：情感所影响的力量
37699	Water Otter Fountain Lumber	獭獭喷泉建造用部件
37700	Water Otter Fountain Hardware	獭獭喷泉建造用金属材料
37701	Water Otter Fountain Resin	獭獭喷泉建造用合成树脂
37742	Rinascita Sword	复兴长剑
37743	Rinascita Knuckles	复兴指虎
37744	Rinascita Labrys	复兴双刃斧
37745	Rinascita Spear	复兴长枪
37746	Rinascita Composite Bow	复兴复合弓
37747	Rinascita Daggers	复兴小刀
37748	Rinascita Greatsword	复兴巨剑
37749	Rinascita Culverin	复兴重炮
37750	Rinascita Cane	复兴牧杖
37751	Rinascita Rod	复兴法杖
37752	Rinascita Index	复兴魔导书
37753	Rinascita Codex	复兴魔导典
37754	Rinascita Planisphere	复兴天星盘
37755	Rinascita Samurai Blade	复兴武士刀
37756	Rinascita Rapier	复兴刺剑
37757	Rinascita Manatrigger	复兴魔机刃
37758	Rinascita War Quoits	复兴战轮
37759	Rinascita Pendulums	复兴振空摆
37760	Rinascita Zaghnal	复兴扎戈斧镰
37761	Rinascita Kite Shield	复兴鸢盾
37762	Rinascita Helm of Fending	复兴御敌头盔
37763	Rinascita Cuirass of Fending	复兴御敌胸甲
37764	Rinascita Vambraces of Fending	复兴御敌臂甲
37765	Rinascita Poleyns of Fending	复兴御敌护膝裤
37766	Rinascita Sabatons of Fending	复兴御敌铠靴
37767	Rinascita Helm of Maiming	复兴制敌头盔
37768	Rinascita Cuirass of Maiming	复兴制敌胸甲
37769	Rinascita Vambraces of Maiming	复兴制敌臂甲
37770	Rinascita Poleyns of Maiming	复兴制敌护膝裤
37771	Rinascita Sabatons of Maiming	复兴制敌铠靴
37772	Rinascita Hood of Striking	复兴强袭兜帽
37773	Rinascita Jacket of Striking	复兴强袭上衣
37774	Rinascita Armguards of Striking	复兴强袭护臂
37775	Rinascita Poleyns of Striking	复兴强袭护膝裤
37776	Rinascita Shoes of Striking	复兴强袭皮鞋
37777	Rinascita Beret of Aiming	复兴精准贝雷帽
37778	Rinascita Jacket of Aiming	复兴精准上衣
37779	Rinascita Gloves of Aiming	复兴精准手套
37780	Rinascita Poleyns of Aiming	复兴精准护膝裤
37781	Rinascita Sabatons of Aiming	复兴精准铠靴
37782	Rinascita Hood of Scouting	复兴游击兜帽
37783	Rinascita Jacket of Scouting	复兴游击上衣
37784	Rinascita Armguards of Scouting	复兴游击护臂
37785	Rinascita Poleyns of Scouting	复兴游击护膝裤
37786	Rinascita Sabatons of Scouting	复兴游击铠靴
37787	Rinascita Beret of Healing	复兴治愈贝雷帽
37788	Rinascita Coat of Healing	复兴治愈外套
37789	Rinascita Gloves of Healing	复兴治愈手套
37790	Rinascita Poleyns of Healing	复兴治愈护膝裤
37791	Rinascita Shoes of Healing	复兴治愈皮鞋
37792	Rinascita Hood of Casting	复兴咏咒兜帽
37793	Rinascita Coat of Casting	复兴咏咒外套
37794	Rinascita Armguards of Casting	复兴咏咒护臂
37795	Rinascita Poleyns of Casting	复兴咏咒护膝裤
37796	Rinascita Shoes of Casting	复兴咏咒皮鞋
37797	Rinascita Earring of Fending	复兴御敌耳坠
37798	Rinascita Earring of Slaying	复兴强攻耳坠
37799	Rinascita Earring of Aiming	复兴精准耳坠
37800	Rinascita Earring of Healing	复兴治愈耳坠
37801	Rinascita Earring of Casting	复兴咏咒耳坠
37802	Rinascita Necklace of Fending	复兴御敌项链
37803	Rinascita Necklace of Slaying	复兴强攻项链
37804	Rinascita Necklace of Aiming	复兴精准项链
37805	Rinascita Necklace of Healing	复兴治愈项链
37806	Rinascita Necklace of Casting	复兴咏咒项链
37807	Rinascita Bracelet of Fending	复兴御敌手镯
37808	Rinascita Bracelet of Slaying	复兴强攻手镯
37809	Rinascita Bracelet of Aiming	复兴精准手镯
37810	Rinascita Bracelet of Healing	复兴治愈手镯
37811	Rinascita Bracelet of Casting	复兴咏咒手镯
37812	Rinascita Ring of Fending	复兴御敌戒指
37813	Rinascita Ring of Slaying	复兴强攻戒指
37814	Rinascita Ring of Aiming	复兴精准戒指
37815	Rinascita Ring of Healing	复兴治愈戒指
37816	Rinascita Ring of Casting	复兴咏咒戒指
37830	Rutilated Quartz	发晶
37831	Paldao Lumber	仁面木木材
37832	Titanoboa Leather	泰坦蚺革
37833	Ilmenite Ingot	钛铁锭
37834	Bayberry Cloth	杨梅染布
37835	Grade 7 Strength Alkahest	7级刚力之幻水
37836	Grade 7 Dexterity Alkahest	7级巧力之幻水
37837	Grade 7 Vitality Alkahest	7级耐力之幻水
37838	Grade 7 Intelligence Alkahest	7级智力之幻水
37839	Grade 7 Mind Alkahest	7级意力之幻水
37840	Grade 7 Tincture of Strength	7级刚力之幻药
37841	Grade 7 Tincture of Dexterity	7级巧力之幻药
37842	Grade 7 Tincture of Vitality	7级耐力之幻药
37843	Grade 7 Tincture of Intelligence	7级智力之幻药
37844	Grade 7 Tincture of Mind	7级意力之幻药
38243	Lawless Enforcer's Hat	法外执行者帽
38244	Lawless Enforcer's Jacket	法外执行者上衣
38245	Lawless Enforcer's Gloves	法外执行者手套
38246	Lawless Enforcer's Slacks	法外执行者长裤
38247	Lawless Enforcer's Shoes	法外执行者皮鞋
38261	Melon Pie	蜜瓜派
38262	Melon Juice	蜜瓜果汁
38263	Sunset Carrot Nibbles	落日胡萝卜丝
38264	Carrot Pudding	胡萝卜布丁
38265	Gyros	旋转烤肉卷饼
38266	Loaghtan Rump Steak	洛夫坦山羊臀肉排
38267	Piennolo Tomato Salad	悬挂番茄沙拉
38268	Garlean Pizza	加雷马披萨
38269	Urchin Pasta	帝王海胆奶油面
38270	King Urchin Loaf	焗帝王海胆佐面包
38440	Windswept Barding	煞风装甲
38536	Island Prism	海岛幻象棱晶
38542	The Fae's Crown Claws	梦羽妖灵王利爪
38543	The Fae's Crown Axe	梦羽妖灵王重斧
38544	The Fae's Crown Spear	梦羽妖灵王长枪
38545	The Fae's Crown Longbow	梦羽妖灵王长弓
38546	The Fae's Crown Cleavers	梦羽妖灵王屠刀
38547	The Fae's Crown Guillotine	梦羽妖灵王断头剑
38548	The Fae's Crown Handgonne	梦羽妖灵王手炮
38549	The Fae's Crown Cane	梦羽妖灵王牧杖
38550	The Fae's Crown Rod	梦羽妖灵王法杖
38551	The Fae's Crown Grimoire	梦羽妖灵王魔导书
38552	The Fae's Crown Codex	梦羽妖灵王魔导典
38553	The Fae's Crown Star Globe	梦羽妖灵王天球仪
38554	The Fae's Crown Katana	梦羽妖灵王刀
38555	The Fae's Crown Rapier	梦羽妖灵王刺剑
38556	The Fae's Crown Manatrigger	梦羽妖灵王魔机刃
38557	The Fae's Crown Tathlums	梦羽妖灵王环刃
38560	Red Sweet Pea Necklace	红色香豌豆花项链
38561	Blue Sweet Pea Necklace	蓝色香豌豆花项链
38562	Yellow Sweet Pea Necklace	黄色香豌豆花项链
38563	Green Sweet Pea Necklace	绿色香豌豆花项链
38564	Orange Sweet Pea Necklace	橙色香豌豆花项链
38565	Purple Sweet Pea Necklace	紫色香豌豆花项链
38566	White Sweet Pea Necklace	白色香豌豆花项链
38567	Black Sweet Pea Necklace	黑色香豌豆花项链
38568	Rainbow Sweet Pea Necklace	混色香豌豆花项链
38573	The Fae's Crown Paladin Arms	梦羽妖灵王骑士武具
38576	Imitation Stained Crystal Roundel	仿制圆形彩绘玻璃窗
38577	Hanging Planter Branch	树枝盆栽挂架
38583	Wondrous Windoor	奇妙门窗
38585	Cheese Fondue Set	奶酪火锅
38586	Enigma Partition	青蓝之手隔离墙
38591	Side-tied Curtain	侧系带窗帘
38592	Tatami Loft	榻榻米夹层楼板
38595	Sharlayan Sink	北洋清洗台
38605	Korpokkur Chronometer	叶小妖挂钟
38606	Natural Wooden Beam	原生态木制横梁
38612	Storm's Crown Sword Stand	巴尔巴莉希娅之剑展示台
38616	Rousing Chronometer	起床闹钟
38617	Countertop Coffee Service	柜台咖啡套装
38618	Camping Tent	露营帐篷
38621	Blooming Garden Table	绽放庭院桌
38622	Bamboo Fence	竹制篱笆墙
38623	Camping Furniture	野营套装
38629	Battle with the Four Fiends (Buried Memory) Orchestrion Roll	管弦乐琴乐谱：高贝扎四天王之战　～禁断的记忆～
38672	Leveilleur Estate Flooring	莱韦耶勒尔地板
38673	Leveilleur Estate Chandelier	莱韦耶勒尔吊灯
38674	Leveilleur Estate Interior Wall	莱韦耶勒尔内墙
38756	Connoisseur's Chair	面向收藏家的座椅
38757	Connoisseur's Wall Lantern	面向收藏家的壁灯
38758	Connoisseur's Ornate Door	面向收藏家的装饰门
38759	Connoisseur's Vanity Mirror	面向收藏家的化妆镜
38760	Connoisseur's Rug	面向收藏家的地毯
38761	Connoisseur's Swag Valance	面向收藏家的装饰帷幔
38762	Connoisseur's Cosmetics Box	面向收藏家的化妆箱
38763	Connoisseur's Pixieberry Tea	面向收藏家的仙子莓茶
38764	Connoisseur's Marimba	面向收藏家的马林巴琴
38765	Connoisseur's Coffee Brewer	面向收藏家的虹吸咖啡机
38766	Connoisseur's Bench	面向收藏家的长椅
38767	Connoisseur's Astroscope	面向收藏家的天文望远镜
38768	Connoisseur's Leather Sofa	面向收藏家的皮革沙发
38769	Connoisseur's Red Carpet	面向收藏家的红地毯
38770	Connoisseur's Elixir Bottle	面向收藏家的圣灵药瓶
38771	Connoisseur's Pixieberry Tart	面向收藏家的仙子莓挞
38815	Sheep Equipment	牧羊工具
38816	Mountain Garb	山岳防寒用品
38817	Classic Voeburtite Cuisine	孚布特风土美食
38818	Traditional Voeburtite Handicraft	孚布特样式工艺品
38819	Lovely Box of Pretty Things	可爱的礼物
38843	Musicking Station Component	舞台重要部件
38845	Machining Supplies	开发机械的必需品
38847	Restaurant-grade Supplies	出品菜肴的必需品
38849	Painting Supplies	画材必需品
38851	Radio Equipment	搭建活动台必需品
38853	Audio Spare Parts	音箱调音设备
38855	Wind Instrument Component	管乐器部件
38857	Coin Manufacturing Component	货币制造工具
38859	Signed Memorabilia	署名纪念品
38861	Lighting Parts	灯饰替换部件
38863	Carrotlight Pieces	携带式荧光棒部件
38865	Cleaner Upgrade Component	清洁机改良部件
38867	Audio Recording Component	录音协助机开发部件
38869	Parasital Infection Protection Suit Component	气密性防护服部件
38871	Occult Paraphernalia	寻找刺激用的工具
38873	Cookbook Printing Paraphernalia	印刷菜谱的工具
38875	Carrot Chiller Component	修理冷冻器的部件
38877	Loporrit's Gathering Tool Component	修理采集工具的部件
38879	Popular Kitchen Goods	缺少的烹饪用品
38881	“Exercise Equipment”	健身用品
38883	Paint-mixer's Toolbox	涂料调和用品
38885	Super Sudsy Soap Bars	超强力洗涤剂
38887	Fungi Fighter	对菌类兵器
38889	Fashionable Thingums	时尚饰品
38890	Indagator's Saw	研究者圆手锯
38891	Indagator's Cross-pein Hammer	研究者横头锤
38892	Indagator's Raising Hammer	研究者圆头锤
38893	Indagator's Lapidary Hammer	研究者工艺锤
38894	Indagator's Knife	研究者制革刀
38895	Indagator's Needle	研究者缝针
38896	Indagator's Alembic	研究者蒸馏器
38897	Indagator's Frypan	研究者煎锅
38898	Indagator's Pickaxe	研究者鹤嘴锄
38899	Indagator's Hatchet	研究者手斧
38900	Indagator's Fishing Rod	研究者钓竿
38901	Indagator's Claw Hammer	研究者羊角锤
38902	Indagator's File	研究者锉刀
38903	Indagator's Pliers	研究者手钳
38904	Indagator's Grinding Wheel	研究者砂轮机
38905	Indagator's Awl	研究者平斩
38906	Indagator's Spinning Wheel	研究者纺车
38907	Indagator's Mortar	研究者研钵
38908	Indagator's Culinary Knife	研究者厨刀
38909	Indagator's Sledgehammer	研究者碎石锤
38910	Indagator's Garden Scythe	研究者园艺镰
38911	Indagator's Goggles of Crafting	研究者巧匠护目镜
38912	Indagator's Coat of Crafting	研究者巧匠长衣
38913	Indagator's Gloves of Crafting	研究者巧匠手套
38914	Indagator's Trousers of Crafting	研究者巧匠软甲裤
38915	Indagator's Boots of Crafting	研究者巧匠筒靴
38916	Indagator's Helmet of Gathering	研究者大地头灯帽
38917	Indagator's Doublet Vest of Gathering	研究者大地工作坎肩
38918	Indagator's Armguards of Gathering	研究者大地护臂
38919	Indagator's Bottoms of Gathering	研究者大地打底裤
38920	Indagator's Shoes of Gathering	研究者大地皮靴
38921	Indagator's Earrings of Crafting	研究者巧匠耳坠
38922	Indagator's Necklace of Crafting	研究者巧匠项链
38923	Indagator's Bracelet of Crafting	研究者巧匠手镯
38924	Indagator's Ring of Crafting	研究者巧匠戒指
38925	Indagator's Earrings of Gathering	研究者大地耳坠
38926	Indagator's Necklace of Gathering	研究者大地项链
38927	Indagator's Bracelet of Gathering	研究者大地手环
38928	Indagator's Ring of Gathering	研究者大地指环
38929	Jhinga Biryani	近东虾香饭
38930	Jhinga Curry	近东虾咖喱
38931	Zoisite	黝帘石
38932	Craftsman's Alkahest	工匠的幻水
38956	Hyper-Potion	殊级恢复药
39242	Smaller Water Otter Fountain Lumber	家用獭獭喷泉部件
39243	Smaller Water Otter Fountain Hardware	家用獭獭喷泉金属材料
39244	Smaller Water Otter Fountain Resin	家用獭獭喷泉合成树脂
39308	Salon Server's Hat	沙龙服务员帽
39309	Salon Server's Vest	沙龙服务员坎肩
39310	Salon Server's Gloves	沙龙服务员手套
39311	Salon Server's Bottoms	沙龙服务员打底裤
39312	Salon Server's Shoes	沙龙服务员皮鞋
39313	Salon Server's Dress Vest	沙龙服务员礼服坎肩
39314	Salon Server's Dress Gloves	沙龙服务员礼服手套
39315	Salon Server's Skirt	沙龙服务员长裙
39316	Red Morning Glory Corsage	红色牵牛花头花
39317	Blue Morning Glory Corsage	蓝色牵牛花头花
39318	Yellow Morning Glory Corsage	黄色牵牛花头花
39319	Green Morning Glory Corsage	绿色牵牛花头花
39320	Orange Morning Glory Corsage	橙色牵牛花头花
39321	Purple Morning Glory Corsage	紫色牵牛花头花
39322	White Morning Glory Corsage	白色牵牛花头花
39323	Black Morning Glory Corsage	黑色牵牛花头花
39324	Rainbow Morning Glory Corsage	混色牵牛花头花
39379	Flower Boucage	花艺鸟笼
39380	Faerie Door	妖灵门
39381	Rattan Sofa	热带风情沙发
39384	Far Eastern Stained Crystal Roundel	东方彩绘玻璃窗
39385	Timeworn Thaumaturgic Array	古旧的咒术道具
39390	Toy Cooking Set	烹饪玩具套装
39395	Enigma Wall Chronometer	青蓝之手挂钟
39409	Waterfall Partition	水幕隔离墙
39410	Infernal Archfiend Cloak	火之天王的斗篷
39411	Faerie Round Table	妖灵圆桌
39412	Pudding Pudding	软糊怪布丁
39414	Simple Sink	简易水槽
39421	Smaller Water Otter Fountain	家用獭獭喷泉
39423	Simple Fountain	简易喷泉
39424	Jinrikisha	东方人力车
39426	Dorpokkur Kiln	焦化叶小妖石窑
39429	Hannish Interior Wall	多彩内墙
39430	Hannish Tile Flooring	多彩地板
39431	Hannish Ceiling Lamp	多彩顶灯
39470	Flamecloaked Barding	炀火装甲
39482	Bantam Train	小火车
39550	Rubellux Cesti	绯光钢拳
39551	Rubellux Battleaxe	绯光战斧
39552	Rubellux Partisan	绯光游击枪
39553	Rubellux Bow	绯光战弓
39554	Rubellux Daggers	绯光小刀
39555	Rubellux Greatsword	绯光巨剑
39556	Rubellux Knifelock	绯光刀锁
39557	Rubellux Cane	绯光牧杖
39558	Rubellux Rod	绯光法杖
39559	Rubellux Index	绯光魔导书
39560	Rubellux Codex	绯光魔导典
39561	Rubellux Astrometer	绯光天仪
39562	Rubellux Samurai Blade	绯光武士刀
39563	Rubellux Hanger	绯光重刺剑
39564	Rubellux Sawback	绯光锯刃
39565	Rubellux Chakrams	绯光圆月轮
39567	Paladin's Rubellux Arms	绯光骑士武具
39596	Forged in Crimson Orchestrion Roll	管弦乐琴乐谱：魂火铸就
39630	Diadochos Sword	继业者长剑
39631	Diadochos Knuckles	继业者指虎
39632	Diadochos War Axe	继业者战斧
39633	Diadochos Spear	继业者长枪
39634	Diadochos Compound Bow	继业者复合弓
39635	Diadochos Main Gauches	继业者左手剑
39636	Diadochos Greatsword	继业者巨剑
39637	Diadochos Revolver	继业者左轮枪
39638	Diadochos Cane	继业者牧杖
39639	Diadochos Rod	继业者法杖
39640	Diadochos Index	继业者魔导书
39641	Diadochos Codex	继业者魔导典
39642	Diadochos Planisphere	继业者天星盘
39643	Diadochos Blade	继业者武士刀
39644	Diadochos Smallsword	继业者小剑
39645	Diadochos Gunblade	继业者枪刃
39646	Diadochos Chakrams	继业者圆月轮
39647	Diadochos Wings	继业者飞翼
39648	Diadochos Zaghnal	继业者扎戈斧镰
39649	Diadochos Shield	继业者之盾
39650	Diadochos Headband of Fending	继业者御敌头带
39651	Diadochos Jacket of Fending	继业者御敌短衣
39652	Diadochos Halfgloves of Fending	继业者御敌半指手套
39653	Diadochos Poleyns of Fending	继业者御敌护膝裤
39654	Diadochos Boots of Fending	继业者御敌矮靴
39655	Diadochos Headband of Maiming	继业者制敌头带
39656	Diadochos Jacket of Maiming	继业者制敌短衣
39657	Diadochos Halfgloves of Maiming	继业者制敌半指手套
39658	Diadochos Poleyns of Maiming	继业者制敌护膝裤
39659	Diadochos Boots of Maiming	继业者制敌矮靴
39660	Diadochos Headband of Striking	继业者强袭头带
39661	Diadochos Jacket of Striking	继业者强袭短衣
39662	Diadochos Gloves of Striking	继业者强袭手套
39663	Diadochos Bottoms of Striking	继业者强袭打底裤
39664	Diadochos Shoes of Striking	继业者强袭皮靴
39665	Diadochos Headband of Aiming	继业者精准头带
39666	Diadochos Jacket of Aiming	继业者精准短衣
39667	Diadochos Halfgloves of Aiming	继业者精准半指手套
39668	Diadochos Poleyns of Aiming	继业者精准护膝裤
39669	Diadochos Boots of Aiming	继业者精准矮靴
39670	Diadochos Headband of Scouting	继业者游击头带
39671	Diadochos Jacket of Scouting	继业者游击短衣
39672	Diadochos Gloves of Scouting	继业者游击手套
39673	Diadochos Bottoms of Scouting	继业者游击打底裤
39674	Diadochos Shoes of Scouting	继业者游击皮靴
39675	Diadochos Beret of Healing	继业者治愈贝雷帽
39676	Diadochos Coat of Healing	继业者治愈长衣
39677	Diadochos Armlets of Healing	继业者治愈护臂
39678	Diadochos Bottoms of Healing	继业者治愈打底裤
39679	Diadochos Boots of Healing	继业者治愈矮靴
39680	Diadochos Beret of Casting	继业者咏咒贝雷帽
39681	Diadochos Coat of Casting	继业者咏咒长衣
39682	Diadochos Armlets of Casting	继业者咏咒护臂
39683	Diadochos Bottoms of Casting	继业者咏咒打底裤
39684	Diadochos Boots of Casting	继业者咏咒矮靴
39685	Diadochos Earring of Fending	继业者御敌耳坠
39686	Diadochos Earring of Slaying	继业者强攻耳坠
39687	Diadochos Earring of Aiming	继业者精准耳坠
39688	Diadochos Earring of Healing	继业者治愈耳坠
39689	Diadochos Earring of Casting	继业者咏咒耳坠
39690	Diadochos Choker of Fending	继业者御敌项环
39691	Diadochos Choker of Slaying	继业者强攻项环
39692	Diadochos Choker of Aiming	继业者精准项环
39693	Diadochos Choker of Healing	继业者治愈项环
39694	Diadochos Choker of Casting	继业者咏咒项环
39695	Diadochos Wristband of Fending	继业者御敌手环
39696	Diadochos Wristband of Slaying	继业者强攻手环
39697	Diadochos Wristband of Aiming	继业者精准手环
39698	Diadochos Wristband of Healing	继业者治愈手环
39699	Diadochos Wristband of Casting	继业者咏咒手环
39700	Diadochos Ring of Fending	继业者御敌盔甲戒指
39701	Diadochos Ring of Slaying	继业者强攻盔甲戒指
39702	Diadochos Ring of Aiming	继业者精准盔甲戒指
39703	Diadochos Ring of Healing	继业者治愈盔甲戒指
39704	Diadochos Ring of Casting	继业者咏咒盔甲戒指
39717	Dark Cherry Lumber	暗樱木材
39718	Softsilver Ingot	软银锭
39719	Spodumene	紫锂辉石
39720	Garnet Cotton	石榴红棉布
39721	Deinosuchus Leather	恐鳄鞣革
39722	Grade 8 Strength Alkahest	8级刚力之幻水
39723	Grade 8 Dexterity Alkahest	8级巧力之幻水
39724	Grade 8 Vitality Alkahest	8级耐力之幻水
39725	Grade 8 Intelligence Alkahest	8级智力之幻水
39726	Grade 8 Mind Alkahest	8级意力之幻水
39727	Grade 8 Tincture of Strength	8级刚力之幻药
39728	Grade 8 Tincture of Dexterity	8级巧力之幻药
39729	Grade 8 Tincture of Vitality	8级耐力之幻药
39730	Grade 8 Tincture of Intelligence	8级智力之幻药
39731	Grade 8 Tincture of Mind	8级意力之幻药
39773	Connoisseur's Picture Frame	面向收藏家的画框
39774	Connoisseur's Samurai Blade	面向收藏家的武士刀
39775	Connoisseur's Aquarium	面向收藏家的水族箱
39776	Connoisseur's Glaives	面向收藏家的轮刃
39777	Connoisseur's Varsity Shoes	面向收藏家的校园皮鞋
39778	Connoisseur's Linen Parasol	面向收藏家的亚麻阳伞
39779	Connoisseur's Topiary Moogle	面向收藏家的莫古力绿雕
39780	Connoisseur's Squid Baguette	面向收藏家的乌贼墨汁长棍面包
39781	Connoisseur's Bookshelf	面向收藏家的书柜
39782	Connoisseur's Chandelier	面向收藏家的吊灯
39783	Connoisseur's Escutcheon	面向收藏家的纹章盾
39784	Connoisseur's Baghnakhs	面向收藏家的虎爪
39785	Connoisseur's Drinking Apkallu	面向收藏家的喝水碧企鹅
39786	Connoisseur's Jacket	面向收藏家的外套
39787	Connoisseur's Planter Partition	面向收藏家的植物隔离矮墙
39788	Connoisseur's Spaghetti al Nero	面向收藏家的黑色酱汁直面
39869	Honeyed Dragonfruit	蜜浸火龙果
39870	Dragonfruit Blend	火龙果果昔
39871	Baba Ghanoush	茄泥酱
39872	Baked Eggplant	烧烤暗色茄子
39873	Spicy Stellar Soup	宇宙香辣汤
39874	Tandoori Raptor	窑烤盗龙腿
39875	Caviar Sandwich	鱼子酱三明治
39876	Caviar Canapes	鱼子酱佐小饼干
39877	Marinated Broccoflower	浅腌球形甘蓝
39878	Broccoflower Stew	球形甘蓝炖菜
39914	Uncharted Course Lumber	船景跳跳乐建造用部件
39915	Uncharted Course Hardware	船景跳跳乐建造用金属材料
39916	Uncharted Course Resin	船景跳跳乐建造用合成树脂
40367	Voidcast Barding	高贝扎装甲
40380	Wind-up Barbariccia	迷你巴尔巴莉希娅
40395	Red Chrysanthemum Corsage	红色菊花头花
40396	Blue Chrysanthemum Corsage	蓝色菊花头花
40397	Yellow Chrysanthemum Corsage	黄色菊花头花
40398	Green Chrysanthemum Corsage	绿色菊花头花
40399	Orange Chrysanthemum Corsage	橙色菊花头花
40400	Purple Chrysanthemum Corsage	紫色菊花头花
40401	White Chrysanthemum Corsage	白色菊花头花
40402	Black Chrysanthemum Corsage	黑色菊花头花
40403	Rainbow Chrysanthemum Corsage	混色菊花头花
40404	Plain Pajama Eye Mask	朴素寝室眼罩
40405	Plain Pajama Shirt	朴素寝室衬衫
40406	Plain Pajama Bottoms	朴素寝室打底裤
40407	Plain Pajama Slippers	朴素寝室拖鞋
40408	Cactuar Pajama Eye Mask	仙人刺寝室眼罩
40409	Cactuar Pajama Shirt	仙人刺寝室衬衫
40410	Cactuar Pajama Bottoms	仙人刺寝室打底裤
40411	Cactuar Pajama Slippers	仙人刺寝室拖鞋
40412	Chocobo Pajama Eye Mask	陆行鸟寝室眼罩
40413	Chocobo Pajama Shirt	陆行鸟寝室衬衫
40414	Chocobo Pajama Bottoms	陆行鸟寝室打底裤
40415	Chocobo Pajama Slippers	陆行鸟寝室拖鞋
40620	Watcher's Palace Interior Wall	监视者之馆内墙
40621	Watcher's Palace Flooring	监视者之馆地板
40622	Watcher's Palace Ceiling Lamp	监视者之馆顶灯
40623	Botanist's Work Table	园艺工作桌
40624	Imitation Curtained Window	仿制帘窗
40625	Assorted Cookies	什锦饼干
40626	Botanical Candle Display	园艺蜡烛摆件
40629	Classic Table Lamp	经典桌面台灯
40630	Imitation Moonlit Window	仿制月光窗
40631	Metal Pipe Wall Shelf	金属管置物架
40632	Steamed Shumai	蒸笼烧麦
40633	Fried Gyoza	煎饺
40634	Floating Kitchen Cabinet	悬挂厨房柜
40637	Freestanding Rattan Hammock	热带风情独立式吊床
40639	Classic Umbrella Stand	经典雨伞架
40640	Rustic Log Table	乡村原木桌
40641	Rustic Log Bench	乡村原木座椅
40643	Vintage Side Table	老式边桌
40644	Short Pillar Bookshelf	短柱书架
40645	Imitation Vault	仿制金库
40646	Ivy Pendant Wall Light	常青藤吊灯
40647	Crystarium Pendant Wall Light	水晶都吊坠壁灯
40649	Far Eastern Indoor Bamboo Fountain	东方室内竹景喷泉
40652	Rattan Partition	热带风情隔离墙
40655	Imitation Closed Door	仿制关闭的门
40656	Wall-mounted Pot Rack	壁挂式锅架
40657	Serving Barrel	自助酒桶
40658	Classic Secretaire	古典书桌
40661	Blighted Earth Sword Stand	斯卡米留尼之剑展示台
40662	Drowned King Sculpture	凶水四天王像
40663	Eventide Sword Stand	黄昏之剑展示台
40678	Country Swing Seat	乡村秋千双人长椅
40679	Ornate Fountain	装饰喷泉
40681	Well Pump	井泵
40682	Ivy-canopied Deck	常青藤遮阳棚木制平台
40703	Voidcast Savior Orchestrion Roll	管弦乐琴乐谱：虚无界的救赎者
40757	Seiryu Sculpture	青龙雕像
40758	Suzaku Sculpture	朱雀雕像
41057	Abyssal Barding	泽罗姆斯装甲
41063	Cushion Care Package	缓解腰痛的必需品
41064	Feline Recreational Device	魅惑猫咪的必需品
41065	Mesmerizing Miniature	魅力十足的立体模型
41066	Energizing Eye-lixir	应对眼疲劳的必需品
41067	Researcher's Relaxation Kit	研究员的休息必需品
41082	Fern Interior Wall	蕨类内墙
41083	Greige Carpet	米灰色地毯
41084	Seabed Ceiling Lamp	海底吊灯
41086	Abyssal Wings Display	泽罗姆斯的追忆
41087	Crystarium Wall Canopy	水晶都壁挂雨棚
41088	Nursery Canopy	天蓬吊帘
41089	Ronkan Fireplace	隆卡壁炉
41090	Tomestool	阅读凳子
41092	Celestial Screen	星空屏风
41094	Imitation Trapdoor	仿制地窖门
41095	Manderville's Adventurer Flakes	曼德维尔冒险者谷物片
41096	Cluster Lamp	仿晶簇室内灯
41105	Portaled Partition	舷窗隔离墙
41106	Korpokkur Moss Ball	叶小妖藓球
41108	Bubbly Mogfloat	雪顶莫古泡泡冰
41109	Royal Leather Sofa	高级皮革沙发
41110	Wall Cabinet	墙面收藏柜
41111	Field of Hope Rug	希望之地地毯
41112	Sake Barrel	酒樽
41113	Colossal Chronometer Window	巨型钟表窗
41137	Il Mheg Arbor	伊尔美格花架
41144	Imitation Magitek Repair Station (Wall Unit)	仿制魔导维修站墙
41145	Labyrinthos Grape Lamppost	迷津葡萄路灯
41147	Sharlayan Reflecting Pool	萨雷安反射水池
41254	Connoisseur's Bamboo Fence	面向收藏家的竹制篱笆墙
41255	Connoisseur's Rousing Chronometer	面向收藏家的闹钟
41256	Connoisseur's Trumpet	面向收藏家的小号
41257	Connoisseur's Washbasin	面向收藏家的洗面台
41258	Connoisseur's Targe	面向收藏家的皮盾
41259	Connoisseur's Petasos	面向收藏家的三角帽
41260	Connoisseur's Lunar Curtain	面向收藏家的月之幕帘
41261	Connoisseur's Crab Cakes	面向收藏家的炸蟹饼
41262	Connoisseur's Shishi-odoshi	面向收藏家的添水
41263	Connoisseur's Retainer Bell	面向收藏家的传唤铃
41264	Connoisseur's Marching Horn	面向收藏家的号角
41265	Connoisseur's Marble Fountain	面向收藏家的大理石喷泉
41266	Connoisseur's Leather Jacket	面向收藏家的皮衣
41267	Connoisseur's Fat Cat Sofa	面向收藏家的猫小胖沙发
41268	Connoisseur's Tincture of Vitality	面向收藏家的耐力之幻药
41269	Connoisseur's Chili Crab	面向收藏家的辣酱炒全蟹
41421	Aetherial Arbor Lumber	魔法树建造用部件
41422	Aetherial Arbor Hardware	魔法树建造用金属材料
41423	Aetherial Arbor Resin	魔法树建造用合成树脂
41429	Imitation Magitek Repair Station (Floor Unit)	仿制魔导维修站地台
41509	Red Lupin Corsage	红色鲁冰花头花
41510	Blue Lupin Corsage	蓝色鲁冰花头花
41511	Yellow Lupin Corsage	黄色鲁冰花头花
41512	Green Lupin Corsage	绿色鲁冰花头花
41513	Orange Lupin Corsage	橙色鲁冰花头花
41514	Purple Lupin Corsage	紫色鲁冰花头花
41515	White Lupin Corsage	白色鲁冰花头花
41516	Black Lupin Corsage	黑色鲁冰花头花
41517	Rainbow Lupin Corsage	混色鲁冰花头花
41592	Martial Artist's Vest	习武背心
41593	Martial Artist's Slops	习武工作裤
41594	Martial Artist's Pumps	习武礼鞋
41595	Martial Artist's Sleeveless Vest	习武无袖背心
41601	Smaragdine Knuckles	翠光指虎
41602	Smaragdine Battleaxe	翠光战斧
41603	Smaragdine Partisan	翠光游击枪
41604	Smaragdine Longbow	翠光长弓
41605	Smaragdine Cleavers	翠光屠刀
41606	Smaragdine Greatsword	翠光巨剑
41607	Smaragdine Pistol	翠光手枪
41608	Smaragdine Cane	翠光牧杖
41609	Smaragdine Rod	翠光咒杖
41610	Smaragdine Index	翠光魔导书
41611	Smaragdine Codex	翠光魔导典
41612	Smaragdine Torquetum	翠光黄道仪
41613	Smaragdine Blade	翠光武士刀
41614	Smaragdine Rapier	翠光刺剑
41615	Smaragdine Sawback	翠光锯刃
41616	Smaragdine Chakrams	翠光圆月轮
41618	Paladin's Smaragdine Arms	翠光骑士武具
41655	FINAL FANTASY IV: The Final Battle (Endwalker) Orchestrion Roll	管弦乐琴乐谱：最后之战（最终幻想IV）
41656	The Red Wings (Endwalker) Orchestrion Roll	管弦乐琴乐谱：赤翼　～晓月～
41814	Skyruin Trophy	艳翼蛇鸟奖杯
41815	Resilient Sword Stand	奇迹之剑展示台
41816	Kitchen Cabinet	厨房橱柜
41817	Slovenly Chair	杂乱的椅子
41822	Decorative Hingan Door	东方装饰门窗
41829	Twintop Table	双台面桌子
41830	Mug of Cocoa	巧克力马克杯
41832	Stargazing Deck	观星平台
41833	Wooden Garden Gate	木制庭院门
41836	Mountain Chromite Kilij	奥阔铬铁曲剑
41837	Mountain Chromite Fists	奥阔铬铁拳套
41838	Mountain Chromite Battleaxe	奥阔铬铁战斧
41839	Lar Glaive	混金大刀
41840	Lar Longbow	混金长弓
41841	Lar Cane	混金牧杖
41842	Lar Rod	混金法杖
41843	Loboskin Grimoire	银狼革魔导书
41844	Loboskin Codex	银狼革魔导典
41845	Mountain Chromite Daggers	奥阔铬铁小刀
41846	Mountain Chromite Guillotine	奥阔铬铁断头剑
41847	Mountain Chromite Musketoon	奥阔铬铁火枪
41848	Lar Star Globe	混金天球仪
41849	Mountain Chromite Blade	奥阔铬铁武士刀
41850	Lar Rapier	混金刺剑
41851	Mountain Chromite Bayonet	奥阔铬铁刺刀
41852	Mountain Chromite Chakrams	奥阔铬铁圆月轮
41853	Mountain Chromite War Scythe	奥阔铬铁战镰
41854	Lar Pendulums	混金振空摆
41855	Mountain Chromite Twinfangs	奥阔铬铁双牙
41856	Ginseng Angle Brush	五加木斜角笔
41857	Mountain Chromite Tower Shield	奥阔铬铁塔盾
41858	Lar Headgear of Fending	混金御敌头甲
41859	Loboskin Coat of Fending	银狼革御敌外套
41860	Loboskin Fingerless Gloves of Fending	银狼革御敌半指护手
41861	Snow Cotton Bottoms of Fending	雪木棉御敌打底裤
41862	Loboskin Caligae of Fending	银狼革御敌战靴
41863	Lar Headgear of Maiming	混金制敌头甲
41864	Loboskin Coat of Maiming	银狼革制敌短衣
41865	Loboskin Fingerless Gloves of Maiming	银狼革制敌半指护手
41866	Snow Cotton Bottoms of Maiming	雪木棉制敌打底裤
41867	Loboskin Caligae of Maiming	银狼革制敌战靴
41868	Snow Cotton Headband of Striking	雪木棉强袭头带
41869	Snow Cotton Jacket of Striking	雪木棉强袭短衣
41870	Loboskin Fingerless Gloves of Striking	银狼革强袭半指护手
41871	Snow Cotton Bottoms of Striking	雪木棉强袭打底裤
41872	Loboskin Caligae of Striking	银狼革强袭战靴
41873	Snow Cotton Ushanka of Aiming	雪木棉精准毛帽
41874	Snow Cotton Coat of Aiming	雪木棉精准长衣
41875	Loboskin Fingerless Gloves of Aiming	银狼革精准半指护手
41876	Snow Cotton Skirt of Aiming	雪木棉精准短裙
41877	Loboskin Caligae of Aiming	银狼革精准战靴
41878	Snow Cotton Ushanka of Scouting	雪木棉游击毛帽
41879	Snow Cotton Tunic of Scouting	雪木棉游击束腰猎衣
41880	Loboskin Fingerless Gloves of Scouting	银狼革游击半指护手
41881	Snow Cotton Bottoms of Scouting	雪木棉游击打底裤
41882	Loboskin Sandals of Scouting	银狼革游击凉鞋
41883	Snow Cotton Muffed Met of Healing	雪木棉治愈皮毛帽
41884	Snow Cotton Tunic of Healing	雪木棉治愈束腰猎衣
41885	Loboskin Fingerless Gloves of Healing	银狼革治愈半指护手
41886	Snow Cotton Bottoms of Healing	雪木棉治愈打底裤
41887	Loboskin Sandals of Healing	银狼革治愈凉鞋
41888	Snow Cotton Muffed Met of Casting	雪木棉咏咒皮毛帽
41889	Snow Cotton Coat of Casting	雪木棉咏咒外套
41890	Loboskin Fingerless Gloves of Casting	银狼革咏咒半指护手
41891	Snow Cotton Skirt of Casting	雪木棉咏咒短裙
41892	Loboskin Caligae of Casting	银狼革咏咒战靴
41893	Ginseng Earring of Fending	五加木御敌耳坠
41894	Ginseng Earring of Slaying	五加木强攻耳坠
41895	Ginseng Earring of Aiming	五加木精准耳坠
41896	Ginseng Earring of Healing	五加木治愈耳坠
41897	Ginseng Earring of Casting	五加木咏咒耳坠
41898	Loboskin Necklace of Fending	银狼革御敌项链
41899	Loboskin Necklace of Slaying	银狼革强攻项链
41900	Loboskin Necklace of Aiming	银狼革精准项链
41901	Loboskin Necklace of Healing	银狼革治愈项链
41902	Loboskin Necklace of Casting	银狼革咏咒项链
41903	Loboskin Amulet of Fending	银狼革御敌手镯
41904	Loboskin Amulet of Slaying	银狼革强攻手镯
41905	Loboskin Amulet of Aiming	银狼革精准手镯
41906	Loboskin Amulet of Healing	银狼革治愈手镯
41907	Loboskin Amulet of Casting	银狼革咏咒手镯
41908	Lar Ring of Fending	混金御敌指环
41909	Lar Ring of Slaying	混金强攻指环
41910	Lar Ring of Aiming	混金精准指环
41911	Lar Ring of Healing	混金治愈指环
41912	Lar Ring of Casting	混金咏咒指环
41990	Ruthenium Scimitar	钌金弯刀
41991	Ruthenium Tonfas	钌金旋棍
41992	Ruthenium War Axe	钌金战斧
41993	Ceiba Spear	木棉木长枪
41994	Ceiba Longbow	木棉木长弓
41995	Ceiba Crook	木棉木手杖
41996	Ceiba Staff	木棉木咒杖
41997	Crocodileskin Index	锤头鳄革魔导书
41998	Crocodileskin Codex	锤头鳄革魔导典
41999	Ruthenium Knives	钌金匕首
42000	Ruthenium Greatsword	钌金巨剑
42001	Ruthenium-barreled Musketoon	钌金火枪
42002	Ruthenium Torquetum	钌金黄道仪
42003	Ruthenium Blade	钌金武士刀
42004	Ruthenium Tuck	钌金刺剑
42005	Ruthenium Gunblade	钌金枪刃
42006	Ruthenium Folding Fans	钌金折扇
42007	Ruthenium War Scythe	钌金战镰
42008	Ceiba Wings	木棉木飞翼
42009	Ruthenium Twinfangs	钌金双牙
42010	Ceiba Round Brush	木棉木圆笔
42011	Ruthenium Kite Shield	钌金鸢盾
42012	Ihuykanite Circlet of Fending	河岸石御敌头冠
42013	Ruthenium Lorica of Fending	钌金御敌兜甲
42014	Ruthenium Vambraces of Fending	钌金御敌臂甲
42015	Mountain Linen Hose of Fending	高山亚麻御敌骑兵裤
42016	Ruthenium Sabatons of Fending	钌金御敌铠靴
42017	Ihuykanite Circlet of Maiming	河岸石制敌头冠
42018	Ruthenium Lorica of Maiming	钌金制敌兜甲
42019	Ruthenium Vambraces of Maiming	钌金制敌臂甲
42020	Mountain Linen Hose of Maiming	高山亚麻制敌骑兵裤
42021	Ruthenium Sabatons of Maiming	钌金制敌铠靴
42022	Mountain Linen Bandana of Striking	高山亚麻强袭头巾
42023	Mountain Linen Top of Striking	高山亚麻强袭上装
42024	Crocodileskin Fingerless Gloves of Striking	锤头鳄革强袭半指护手
42025	Crocodileskin Breeches of Striking	锤头鳄革强袭马裤
42026	Crocodileskin Leg Wraps of Striking	锤头鳄革强袭护腿
42027	Mountain Linen Field Dressing of Aiming	高山亚麻精准缠头巾
42028	Mountain Linen Cloak of Aiming	高山亚麻精准斗篷
42029	Crocodileskin Armguards of Aiming	锤头鳄革精准护臂
42030	Mountain Linen Longkilt of Aiming	高山亚麻精准长裙
42031	Crocodileskin Thighboots of Aiming	锤头鳄革精准长靴
42032	Mountain Linen Bandana of Scouting	高山亚麻游击头巾
42033	Mountain Linen Top of Scouting	高山亚麻游击上装
42034	Crocodileskin Fingerless Gloves of Scouting	锤头鳄革游击半指护手
42035	Crocodileskin Breeches of Scouting	锤头鳄革游击马裤
42036	Crocodileskin Leg Wraps of Scouting	锤头鳄革游击护腿
42037	Mountain Linen Hat of Healing	高山亚麻治愈宽边帽
42038	Mountain Linen Cloak of Healing	高山亚麻治愈斗篷
42039	Crocodileskin Armguards of Healing	锤头鳄革治愈护臂
42040	Mountain Linen Longkilt of Healing	高山亚麻治愈长裙
42041	Crocodileskin Thighboots of Healing	锤头鳄革治愈长靴
42042	Mountain Linen Hat of Casting	高山亚麻咏咒宽边帽
42043	Mountain Linen Cloak of Casting	高山亚麻咏咒斗篷
42044	Crocodileskin Armguards of Casting	锤头鳄革咏咒护臂
42045	Mountain Linen Longkilt of Casting	高山亚麻咏咒长裙
42046	Crocodileskin Thighboots of Casting	锤头鳄革咏咒长靴
42047	Ihuykanite Earring of Fending	河岸石御敌耳坠
42048	Ihuykanite Earring of Slaying	河岸石强攻耳坠
42049	Ihuykanite Earring of Aiming	河岸石精准耳坠
42050	Ihuykanite Earring of Healing	河岸石治愈耳坠
42051	Ihuykanite Earring of Casting	河岸石咏咒耳坠
42052	Ihuykanite Choker of Fending	河岸石御敌项环
42053	Ihuykanite Choker of Slaying	河岸石强攻项环
42054	Ihuykanite Choker of Aiming	河岸石精准项环
42055	Ihuykanite Choker of Healing	河岸石治愈项环
42056	Ihuykanite Choker of Casting	河岸石咏咒项环
42057	Ihuykanite Bracelet of Fending	河岸石御敌手镯
42058	Ihuykanite Bracelet of Slaying	河岸石强攻手镯
42059	Ihuykanite Bracelet of Aiming	河岸石精准手镯
42060	Ihuykanite Bracelet of Healing	河岸石治愈手镯
42061	Ihuykanite Bracelet of Casting	河岸石咏咒手镯
42062	Ihuykanite Ring of Fending	河岸石御敌指环
42063	Ihuykanite Ring of Slaying	河岸石强攻指环
42064	Ihuykanite Ring of Aiming	河岸石精准指环
42065	Ihuykanite Ring of Healing	河岸石治愈指环
42066	Ihuykanite Ring of Casting	河岸石咏咒指环
42144	Cobalt Tungsten Scimitar	钴钨弯刀
42145	Cobalt Tungsten Knuckles	钴钨指虎
42146	Cobalt Tungsten Axe	钴钨战斧
42147	Dark Mahogany Spear	深红木长枪
42148	Dark Mahogany Longbow	深红木长弓
42149	Dark Mahogany Cane	深红木牧杖
42150	Dark Mahogany Rod	深红木法杖
42151	Br'aaxskin Grimoire	狞豹革魔导书
42152	Br'aaxskin Codex	狞豹革魔导典
42153	Cobalt Tungsten Khukuri	钴钨反曲刀
42154	Cobalt Tungsten Guillotine	钴钨断头剑
42155	Cobalt Tungsten Handgonne	钴钨手炮
42156	Cobalt Tungsten Planisphere	钴钨天星盘
42157	Cobalt Tungsten Blade	钴钨武士刀
42158	Cobalt Tungsten Tuck	钴钨刺剑
42159	Cobalt Tungsten Sawback	钴钨锯刃
42160	Cobalt Tungsten Glaives	钴钨轮刃
42161	Cobalt Tungsten War Scythe	钴钨战镰
42162	Cobalt Tungsten Pendulums	钴钨振空摆
42163	Cobalt Tungsten Diamondbacks	钴钨钻纹蛇刀
42164	Dark Mahogany Round Brush	深红木圆笔
42165	Cobalt Tungsten Kite Shield	钴钨鸢盾
42166	Br'aaxskin Headband of Fending	狞豹革御敌头带
42167	Cobalt Tungsten Vest of Fending	钴钨御敌坎肩
42168	Br'aaxskin Armlets of Fending	狞豹革御敌护臂
42169	Sarcenet Kecks of Fending	薄绢御敌腿套
42170	Br'aaxskin Thighboots of Fending	狞豹革御敌高筒靴
42171	Br'aaxskin Headband of Maiming	狞豹革制敌头带
42172	Cobalt Tungsten Vest of Maiming	钴钨制敌坎肩
42173	Br'aaxskin Armlets of Maiming	狞豹革制敌护臂
42174	Sarcenet Kecks of Maiming	薄绢制敌腿套
42175	Br'aaxskin Thighboots of Maiming	狞豹革制敌高筒靴
42176	Br'aaxskin Headband of Striking	狞豹革强袭头带
42177	Sarcenet Chestwrap of Striking	薄绢强袭斗服
42178	Br'aaxskin Armlets of Striking	狞豹革强袭护臂
42179	Sarcenet Slops of Striking	薄绢强袭长裤
42180	Br'aaxskin Sandals of Striking	狞豹革强袭凉鞋
42181	Br'aaxskin Headband of Aiming	狞豹革精准头带
42182	Sarcenet Chestwrap of Aiming	薄绢精准斗服
42183	Br'aaxskin Armlets of Aiming	狞豹革精准护臂
42184	Sarcenet Slops of Aiming	薄绢精准长裤
42185	Br'aaxskin Sandals of Aiming	狞豹革精准凉鞋
42186	Sarcenet Headband of Scouting	薄绢游击头饰
42187	Sarcenet Chestwrap of Scouting	薄绢游击斗服
42188	Br'aaxskin Armlets of Scouting	狞豹革游击护臂
42189	Sarcenet Slops of Scouting	薄绢游击长裤
42190	Br'aaxskin Sandals of Scouting	狞豹革游击凉鞋
42191	Br'aaxskin Headband of Healing	狞豹革治愈头带
42192	Sarcenet Chestwrap of Healing	薄绢治愈斗服
42193	Pink Beryl Halfgloves of Healing	粉绿柱石治愈半指手套
42194	Sarcenet Slops of Healing	薄绢治愈长裤
42195	Br'aaxskin Sandals of Healing	狞豹革治愈凉鞋
42196	Br'aaxskin Headband of Casting	狞豹革咏咒头带
42197	Sarcenet Chestwrap of Casting	薄绢咏咒斗服
42198	Pink Beryl Halfgloves of Casting	粉绿柱石咏咒半指手套
42199	Sarcenet Slops of Casting	薄绢咏咒长裤
42200	Br'aaxskin Sandals of Casting	狞豹革咏咒凉鞋
42201	Pink Beryl Earrings of Fending	粉绿柱石御敌耳坠
42202	Pink Beryl Earrings of Slaying	粉绿柱石强攻耳坠
42203	Pink Beryl Earrings of Aiming	粉绿柱石精准耳坠
42204	Pink Beryl Earrings of Healing	粉绿柱石治愈耳坠
42205	Pink Beryl Earrings of Casting	粉绿柱石咏咒耳坠
42206	Dark Mahogany Necklace of Fending	深红木御敌项链
42207	Dark Mahogany Necklace of Slaying	深红木强攻项链
42208	Dark Mahogany Necklace of Aiming	深红木精准项链
42209	Dark Mahogany Necklace of Healing	深红木治愈项链
42210	Dark Mahogany Necklace of Casting	深红木咏咒项链
42211	Pink Beryl Bracelet of Fending	粉绿柱石御敌手镯
42212	Pink Beryl Bracelet of Slaying	粉绿柱石强攻手镯
42213	Pink Beryl Bracelet of Aiming	粉绿柱石精准手镯
42214	Pink Beryl Bracelet of Healing	粉绿柱石治愈手镯
42215	Pink Beryl Bracelet of Casting	粉绿柱石咏咒手镯
42216	Pink Beryl Ring of Fending	粉绿柱石御敌指环
42217	Pink Beryl Ring of Slaying	粉绿柱石强攻指环
42218	Pink Beryl Ring of Aiming	粉绿柱石精准指环
42219	Pink Beryl Ring of Healing	粉绿柱石治愈指环
42220	Pink Beryl Ring of Casting	粉绿柱石咏咒指环
42298	Titanium Gold Falchion	钛金弯刃刀
42299	Titanium Gold Claws	钛金利爪
42300	Titanium Gold Battleaxe	钛金战斧
42301	Acacia Fork	相思木战叉
42302	Acacia Longbow	相思木长弓
42303	Acacia Signum	相思木符杖
42304	Acacia Rod	相思木法杖
42305	Gomphotherium Grimoire	嵌齿象革魔导书
42306	Gomphotherium Codex	嵌齿象革魔导典
42307	Titanium Gold Knives	钛金匕首
42308	Titanium Gold Greatsword	钛金巨剑
42309	Titanium Gold Pistol	钛金手枪
42310	White Gold Astrometer	白黄金量天仪
42311	Titanium Gold Blade	钛金武士刀
42312	White Gold Foil	白黄金花剑
42313	Titanium Gold Gunblade	钛金枪刃
42314	Titanium Gold War Quoits	钛金战轮
42315	Titanium Gold Sickle	钛金夺命镰
42316	White Gold Syrinxi	白黄金注射管
42317	Titanium Gold Saberfangs	钛金双军刀
42318	Acacia Round Brush	相思木圆笔
42319	Titanium Gold Shield	钛金盾
42320	Titanium Gold Helm of Fending	钛金御敌头盔
42321	Titanium Gold Thornplate of Fending	钛金御敌钉刺战甲
42322	Titanium Gold Spiked Gloves of Fending	钛金御敌钉刺手套
42323	Gomphotherium Trousers of Fending	嵌齿象革御敌软甲裤
42324	Titanium Gold Leg Wraps of Fending	钛金御敌护腿
42325	White Gold Halfmask of Maiming	白黄金制敌半假面
42326	Titanium Gold Thornplate of Maiming	钛金制敌钉刺战甲
42327	Titanium Gold Spiked Gloves of Maiming	钛金制敌钉刺手套
42328	Gomphotherium Trousers of Maiming	嵌齿象革制敌软甲裤
42329	Titanium Gold Leg Wraps of Maiming	钛金制敌护腿
42330	Titanium Gold Helm of Striking	钛金强袭头盔
42331	Gomphotherium Thorned Harness of Striking	嵌齿象革强袭钉刺格斗服
42332	Titanium Gold Spiked Gloves of Striking	钛金强袭钉刺手套
42333	Gomphotherium Brais of Striking	嵌齿象革强袭衬裤
42334	Gomphotherium Boots of Striking	嵌齿象革强袭筒靴
42335	White Gold Mask of Aiming	白黄金精准面具
42336	Gomphotherium Thornvest of Aiming	嵌齿象革精准钉刺坎肩
42337	Rroneek Serge Halfgloves of Aiming	犎牛哔叽精准半指手套
42338	Gomphotherium Brais of Aiming	嵌齿象革精准衬裤
42339	Gomphotherium Boots of Aiming	嵌齿象革精准筒靴
42340	White Gold Halfmask of Scouting	白黄金游击半假面
42341	Titanium Gold Thorned Corselet of Scouting	钛金游击钉刺护甲
42342	Titanium Gold Spiked Gloves of Scouting	钛金游击钉刺手套
42343	Gomphotherium Trousers of Scouting	嵌齿象革游击软甲裤
42344	Titanium Gold Leg Wraps of Scouting	钛金游击护腿
42345	White Gold Visor of Healing	白黄金治愈眼罩
42346	Gomphotherium Thornvest of Healing	嵌齿象革治愈钉刺坎肩
42347	Rroneek Serge Halfgloves of Healing	犎牛哔叽治愈半指手套
42348	Gomphotherium Brais of Healing	嵌齿象革治愈衬裤
42349	Gomphotherium Boots of Healing	嵌齿象革治愈筒靴
42350	Titanium Gold Helm of Casting	钛金咏咒头盔
42351	Gomphotherium Thornvest of Casting	嵌齿象革咏咒钉刺坎肩
42352	Rroneek Serge Halfgloves of Casting	犎牛哔叽咏咒半指手套
42353	Gomphotherium Brais of Casting	嵌齿象革咏咒衬裤
42354	Gomphotherium Boots of Casting	嵌齿象革咏咒筒靴
42355	White Gold Earrings of Fending	白黄金御敌耳坠
42356	White Gold Earrings of Slaying	白黄金强攻耳坠
42357	White Gold Earrings of Aiming	白黄金精准耳坠
42358	White Gold Earrings of Healing	白黄金治愈耳坠
42359	White Gold Earrings of Casting	白黄金咏咒耳坠
42360	White Gold Choker of Fending	白黄金御敌项环
42361	White Gold Choker of Slaying	白黄金强攻项环
42362	White Gold Choker of Aiming	白黄金精准项环
42363	White Gold Choker of Healing	白黄金治愈项环
42364	White Gold Choker of Casting	白黄金咏咒项环
42365	White Gold Amulet of Fending	白黄金御敌护身手镯
42366	White Gold Amulet of Slaying	白黄金强攻护身手镯
42367	White Gold Amulet of Aiming	白黄金精准护身手镯
42368	White Gold Amulet of Healing	白黄金治愈护身手镯
42369	White Gold Amulet of Casting	白黄金咏咒护身手镯
42370	White Gold Ring of Fending	白黄金御敌指环
42371	White Gold Ring of Slaying	白黄金强攻指环
42372	White Gold Ring of Aiming	白黄金精准指环
42373	White Gold Ring of Healing	白黄金治愈指环
42374	White Gold Ring of Casting	白黄金咏咒指环
42452	Ra'Kaznar Katzbalger	卡扎纳尔斗剑
42453	Ra'Kaznar Tonfas	卡扎纳尔旋棍
42454	Ra'Kaznar Labrys	卡扎纳尔双刃斧
42455	Claro Walnut Spear	克拉洛胡桃木长枪
42456	Ra'Kaznar Bow	卡扎纳尔复合弓
42457	Claro Walnut Cane	克拉洛胡桃木牧杖
42458	Ra'Kaznar Rod	卡扎纳尔法杖
42459	Book of Ra'Kaznar	卡扎纳尔之书
42460	Word of Ra'Kaznar	卡扎纳尔之典
42461	Ra'Kaznar Daggers	卡扎纳尔小刀
42462	Ra'Kaznar Greatsword	卡扎纳尔巨剑
42463	Ra'Kaznar Blunderbuss	卡扎纳尔雷火炮
42464	Ra'Kaznar Orrery	卡扎纳尔太阳仪
42465	Ra'Kaznar Samurai Blade	卡扎纳尔武士刀
42466	Ra'Kaznar Hanger	卡扎纳尔重刺剑
42467	Ra'Kaznar Gunblade	卡扎纳尔枪刃
42468	Ra'Kaznar Chakrams	卡扎纳尔圆月轮
42469	Ra'Kaznar War Scythe	卡扎纳尔战镰
42470	Ra'Kaznar Wings	卡扎纳尔飞翼
42471	Ra'Kaznar Twinfangs	卡扎纳尔双牙
42472	Claro Walnut Flat Brush	克拉洛胡桃木平笔
42473	Ra'Kaznar Shield	卡扎纳尔盾
42474	Ra'Kaznar Helm of Fending	卡扎纳尔御敌头盔
42475	Ra'Kaznar Armor of Fending	卡扎纳尔御敌战甲
42476	Ra'Kaznar Gauntlets of Fending	卡扎纳尔御敌手铠
42477	Gargantuaskin Trousers of Fending	卡冈图亚革御敌软甲裤
42478	Ra'Kaznar Greaves of Fending	卡扎纳尔御敌胫甲
42479	Ra'Kaznar Helm of Maiming	卡扎纳尔制敌头盔
42480	Ra'Kaznar Armor of Maiming	卡扎纳尔制敌战甲
42481	Ra'Kaznar Gauntlets of Maiming	卡扎纳尔制敌手铠
42482	Gargantuaskin Trousers of Maiming	卡冈图亚革制敌软甲裤
42483	Ra'Kaznar Greaves of Maiming	卡扎纳尔制敌胫甲
42484	Black Star Headgear of Striking	黑星石强袭头甲
42485	Gargantuaskin Jacket of Striking	卡冈图亚革强袭短衣
42486	Ra'Kaznar Armguards of Striking	卡扎纳尔强袭护臂
42487	Gargantuaskin Trousers of Striking	卡冈图亚革强袭软甲裤
42488	Ra'Kaznar Greaves of Striking	卡扎纳尔强袭胫甲
42489	Black Star Headgear of Aiming	黑星石精准头甲
42490	Thunderyards Silk Tabard of Aiming	落雷绢精准罩衣
42491	Ra'Kaznar Gloves of Aiming	卡扎纳尔精准手套
42492	Thunderyards Silk Trousers of Aiming	落雷绢精准软甲裤
42493	Ra'Kaznar Greaves of Aiming	卡扎纳尔精准胫甲
42494	Black Star Visor of Scouting	黑星石游击开面罩盔
42495	Thunderyards Silk Tabard of Scouting	落雷绢游击罩衣
42496	Ra'Kaznar Gloves of Scouting	卡扎纳尔游击手套
42497	Thunderyards Silk Trousers of Scouting	落雷绢游击软甲裤
42498	Ra'Kaznar Greaves of Scouting	卡扎纳尔游击胫甲
42499	Black Star Mask of Healing	黑星石治愈口罩
42500	Thunderyards Silk Coat of Healing	落雷绢治愈长衣
42501	Thunderyards Silk Gloves of Healing	落雷绢治愈手套
42502	Thunderyards Silk Trousers of Healing	落雷绢治愈软甲裤
42503	Gargantuaskin Shoes of Healing	卡冈图亚革治愈皮靴
42504	Black Star Mask of Casting	黑星石咏咒口罩
42505	Thunderyards Silk Coat of Casting	落雷绢咏咒长衣
42506	Thunderyards Silk Gloves of Casting	落雷绢咏咒手套
42507	Thunderyards Silk Trousers of Casting	落雷绢咏咒软甲裤
42508	Gargantuaskin Shoes of Casting	卡冈图亚革咏咒皮靴
42509	Black Star Ear Cuff of Fending	黑星石御敌耳夹
42510	Black Star Ear Cuff of Slaying	黑星石强攻耳夹
42511	Black Star Ear Cuff of Aiming	黑星石精准耳夹
42512	Black Star Ear Cuff of Healing	黑星石治愈耳夹
42513	Black Star Ear Cuff of Casting	黑星石咏咒耳夹
42514	Black Star Choker of Fending	黑星石御敌项环
42515	Black Star Choker of Slaying	黑星石强攻项环
42516	Black Star Choker of Aiming	黑星石精准项环
42517	Black Star Choker of Healing	黑星石治愈项环
42518	Black Star Choker of Casting	黑星石咏咒项环
42519	Black Star Bracelet of Fending	黑星石御敌手镯
42520	Black Star Bracelet of Slaying	黑星石强攻手镯
42521	Black Star Bracelet of Aiming	黑星石精准手镯
42522	Black Star Bracelet of Healing	黑星石治愈手镯
42523	Black Star Bracelet of Casting	黑星石咏咒手镯
42524	Black Star Ring of Fending	黑星石御敌指环
42525	Black Star Ring of Slaying	黑星石强攻指环
42526	Black Star Ring of Aiming	黑星石精准指环
42527	Black Star Ring of Healing	黑星石治愈指环
42528	Black Star Ring of Casting	黑星石咏咒指环
42870	Archeo Kingdom Broadsword	旧日王国宽刃剑
42871	Archeo Kingdom Patas	旧日王国拳剑
42872	Archeo Kingdom Labrys	旧日王国双刃斧
42873	Archeo Kingdom Partisan	旧日王国游击枪
42874	Archeo Kingdom Bow	旧日王国弓
42875	Archeo Kingdom Candelarod	旧日王国烛杖
42876	Archeo Kingdom Scepter	旧日王国咒杖
42877	Archeo Kingdom Index	旧日王国魔导书
42878	Archeo Kingdom Codex	旧日王国魔导典
42879	Archeo Kingdom Daggers	旧日王国小刀
42880	Archeo Kingdom Claymore	旧日王国大剑
42881	Archeo Kingdom Culverin	旧日王国重炮
42882	Archeo Kingdom Planisphere	旧日王国天星盘
42883	Archeo Kingdom Samurai Blade	旧日王国武士刀
42884	Archeo Kingdom Tuck	旧日王国穿甲剑
42885	Archeo Kingdom Gunblade	旧日王国枪刃
42886	Archeo Kingdom Chakrams	旧日王国圆月轮
42887	Archeo Kingdom Sickle	旧日王国夺命镰
42888	Archeo Kingdom Milpreves	旧日王国蛇石针
42889	Archeo Kingdom Twinfangs	旧日王国双牙
42890	Archeo Kingdom Round Brush	旧日王国圆笔
42891	Archeo Kingdom Scutum	旧日王国步兵盾
42892	Archeo Kingdom Helm of Fending	旧日王国御敌头盔
42893	Archeo Kingdom Cuirass of Fending	旧日王国御敌胸甲
42894	Archeo Kingdom Vambraces of Fending	旧日王国御敌臂甲
42895	Archeo Kingdom Poleyns of Fending	旧日王国御敌护膝裤
42896	Archeo Kingdom Sabatons of Fending	旧日王国御敌铠靴
42897	Archeo Kingdom Helm of Maiming	旧日王国制敌头盔
42898	Archeo Kingdom Cuirass of Maiming	旧日王国制敌胸甲
42899	Archeo Kingdom Vambraces of Maiming	旧日王国制敌臂甲
42900	Archeo Kingdom Poleyns of Maiming	旧日王国制敌护膝裤
42901	Archeo Kingdom Sabatons of Maiming	旧日王国制敌铠靴
42902	Archeo Kingdom Hood of Striking	旧日王国强袭兜帽
42903	Archeo Kingdom Jacket of Striking	旧日王国强袭上衣
42904	Archeo Kingdom Armguards of Striking	旧日王国强袭护臂
42905	Archeo Kingdom Poleyns of Striking	旧日王国强袭护膝裤
42906	Archeo Kingdom Shoes of Striking	旧日王国强袭皮鞋
42907	Archeo Kingdom Beret of Aiming	旧日王国精准贝雷帽
42908	Archeo Kingdom Jacket of Aiming	旧日王国精准上衣
42909	Archeo Kingdom Gloves of Aiming	旧日王国精准手套
42910	Archeo Kingdom Poleyns of Aiming	旧日王国精准护膝裤
42911	Archeo Kingdom Sabatons of Aiming	旧日王国精准铠靴
42912	Archeo Kingdom Hood of Scouting	旧日王国游击兜帽
42913	Archeo Kingdom Jacket of Scouting	旧日王国游击上衣
42914	Archeo Kingdom Armguards of Scouting	旧日王国游击护臂
42915	Archeo Kingdom Poleyns of Scouting	旧日王国游击护膝裤
42916	Archeo Kingdom Sabatons of Scouting	旧日王国游击铠靴
42917	Archeo Kingdom Beret of Healing	旧日王国治愈贝雷帽
42918	Archeo Kingdom Coat of Healing	旧日王国治愈外套
42919	Archeo Kingdom Gloves of Healing	旧日王国治愈手套
42920	Archeo Kingdom Poleyns of Healing	旧日王国治愈护膝裤
42921	Archeo Kingdom Shoes of Healing	旧日王国治愈皮鞋
42922	Archeo Kingdom Hood of Casting	旧日王国咏咒兜帽
42923	Archeo Kingdom Coat of Casting	旧日王国咏咒外套
42924	Archeo Kingdom Armguards of Casting	旧日王国咏咒护臂
42925	Archeo Kingdom Poleyns of Casting	旧日王国咏咒护膝裤
42926	Archeo Kingdom Shoes of Casting	旧日王国咏咒皮鞋
42927	Archeo Kingdom Earrings of Fending	旧日王国御敌耳坠
42928	Archeo Kingdom Earrings of Slaying	旧日王国强攻耳坠
42929	Archeo Kingdom Earrings of Aiming	旧日王国精准耳坠
42930	Archeo Kingdom Earrings of Healing	旧日王国治愈耳坠
42931	Archeo Kingdom Earrings of Casting	旧日王国咏咒耳坠
42932	Archeo Kingdom Choker of Fending	旧日王国御敌项环
42933	Archeo Kingdom Choker of Slaying	旧日王国强攻项环
42934	Archeo Kingdom Choker of Aiming	旧日王国精准项环
42935	Archeo Kingdom Choker of Healing	旧日王国治愈项环
42936	Archeo Kingdom Choker of Casting	旧日王国咏咒项环
42937	Archeo Kingdom Wristband of Fending	旧日王国御敌手环
42938	Archeo Kingdom Wristband of Slaying	旧日王国强攻手环
42939	Archeo Kingdom Wristband of Aiming	旧日王国精准手环
42940	Archeo Kingdom Wristband of Healing	旧日王国治愈手环
42941	Archeo Kingdom Wristband of Casting	旧日王国咏咒手环
42942	Archeo Kingdom Ring of Fending	旧日王国御敌指环
42943	Archeo Kingdom Ring of Slaying	旧日王国强攻指环
42944	Archeo Kingdom Ring of Aiming	旧日王国精准指环
42945	Archeo Kingdom Ring of Healing	旧日王国治愈指环
42946	Archeo Kingdom Ring of Casting	旧日王国咏咒指环
43200	Mountain Chromite Saw	奥阔铬铁手锯
43201	Mountain Chromite Cross-pein Hammer	奥阔铬铁横头锤
43202	Mountain Chromite Raising Hammer	奥阔铬铁圆头锤
43203	Mountain Chromite Lapidary Hammer	奥阔铬铁工艺锤
43204	Mountain Chromite Creasing Knife	奥阔铬铁制革刀
43205	Lar Needle	混金缝针
43206	Mountain Chromite Alembic	奥阔铬铁蒸馏器
43207	Mountain Chromite Frypan	奥阔铬铁平底锅
43208	Mountain Chromite Pickaxe	奥阔铬铁鹤嘴锄
43209	Mountain Chromite Hatchet	奥阔铬铁手斧
43210	Ginseng Fishing Rod	五加木钓竿
43211	Mountain Chromite Claw Hammer	奥阔铬铁羊角锤
43212	Mountain Chromite File	奥阔铬铁锉刀
43213	Mountain Chromite Pliers	奥阔铬铁手钳
43214	Ginseng Grinding Wheel	五加木砂轮机
43215	Mountain Chromite Awl	奥阔铬铁平斩
43216	Ginseng Spinning Wheel	五加木纺车
43217	Mountain Chromite Mortar	奥阔铬铁研钵
43218	Mountain Chromite Culinary Knife	奥阔铬铁厨刀
43219	Mountain Chromite Maul	奥阔铬铁碎石锤
43220	Mountain Chromite Garden Scythe	奥阔铬铁园艺镰
43221	Cobalt Tungsten Saw	钴钨手锯
43222	Cobalt Tungsten Cross-pein Hammer	钴钨横头锤
43223	Cobalt Tungsten Raising Hammer	钴钨圆头锤
43224	Cobalt Tungsten Lapidary Hammer	钴钨工艺锤
43225	Cobalt Tungsten Creasing Knife	钴钨制革刀
43226	Cobalt Tungsten Needle	钴钨缝针
43227	Cobalt Tungsten Alembic	钴钨蒸馏器
43228	Cobalt Tungsten Chocobo Frypan	钴钨陆行鸟煎锅
43229	Cobalt Tungsten Pickaxe	钴钨鹤嘴锄
43230	Cobalt Tungsten Hatchet	钴钨手斧
43231	Dark Mahogany Fishing Rod	深红木钓竿
43232	Cobalt Tungsten Claw Hammer	钴钨羊角锤
43233	Cobalt Tungsten File	钴钨锉刀
43234	Cobalt Tungsten Pliers	钴钨手钳
43235	Dark Mahogany Grinding Wheel	深红木砂轮机
43236	Cobalt Tungsten Awl	钴钨平斩
43237	Dark Mahogany Spinning Wheel	深红木纺车
43238	Cobalt Tungsten Mortar	钴钨研钵
43239	Cobalt Tungsten Culinary Knife	钴钨厨刀
43240	Cobalt Tungsten Maul	钴钨碎石锤
43241	Cobalt Tungsten Garden Scythe	钴钨园艺镰
43242	Titanium Gold Saw	钛金手锯
43243	Titanium Gold Cross-pein Hammer	钛金横头锤
43244	Titanium Gold Raising Hammer	钛金圆头锤
43245	Titanium Gold Lapidary Hammer	钛金工艺锤
43246	Titanium Gold Creasing Knife	钛金制革刀
43247	White Gold Needle	白黄金缝针
43248	Titanium Gold Alembic	钛金蒸馏器
43249	Titanium Gold Bomb Frypan	钛金爆弹怪煎锅
43250	Titanium Gold Pickaxe	钛金鹤嘴锄
43251	Titanium Gold Hatchet	钛金手斧
43252	Acacia Fishing Rod	相思木钓竿
43253	Titanium Gold Claw Hammer	钛金羊角锤
43254	Titanium Gold File	钛金锉刀
43255	Titanium Gold Pliers	钛金手钳
43256	Acacia Grinding Wheel	相思木砂轮机
43257	Titanium Gold Awl	钛金平斩
43258	Acacia Spinning Wheel	相思木纺车
43259	Titanium Gold Mortar	钛金研钵
43260	Titanium Gold Culinary Knife	钛金厨刀
43261	Titanium Gold Maul	钛金碎石锤
43262	Titanium Gold Garden Scythe	钛金园艺镰
43263	Ra'Kaznar Saw	卡扎纳尔手锯
43264	Ra'Kaznar Cross-pein Hammer	卡扎纳尔横头锤
43265	Ra'Kaznar Raising Hammer	卡扎纳尔圆头锤
43266	Ra'Kaznar Lapidary Hammer	卡扎纳尔工艺锤
43267	Ra'Kaznar Round Knife	卡扎纳尔圆革刀
43268	Ra'Kaznar Needle	卡扎纳尔缝针
43269	Ra'Kaznar Alembic	卡扎纳尔蒸馏器
43270	Ra'Kaznar Spriggan Frypan	卡扎纳尔魔石精平底锅
43271	Ra'Kaznar Pickaxe	卡扎纳尔鹤嘴锄
43272	Ra'Kaznar Hatchet	卡扎纳尔手斧
43273	Claro Walnut Fishing Rod	克拉洛胡桃木钓竿
43274	Ra'Kaznar Claw Hammer	卡扎纳尔羊角锤
43275	Ra'Kaznar File	卡扎纳尔锉刀
43276	Ra'Kaznar Pliers	卡扎纳尔手钳
43277	Claro Walnut Grinding Wheel	克拉洛胡桃木砂轮机
43278	Ra'Kaznar Awl	卡扎纳尔平斩
43279	Claro Walnut Spinning Wheel	克拉洛胡桃木纺车
43280	Ra'Kaznar Mortar	卡扎纳尔研钵
43281	Ra'Kaznar Culinary Knife	卡扎纳尔厨刀
43282	Ra'Kaznar Maul	卡扎纳尔碎石锤
43283	Ra'Kaznar Garden Scythe	卡扎纳尔园艺镰
43284	Snow Cotton Beret	雪木棉贝雷帽
43285	Snow Cotton Jacket	雪木棉外套
43286	Loboskin Fingerless Gloves	银狼革半指护手
43287	Snow Cotton Trousers	雪木棉软甲裤
43288	Loboskin Shoes	银狼革皮靴
43289	Snow Cotton Bandana	雪木棉头巾
43290	Loboskin Coat	银狼革外套
43291	Loboskin Gloves	银狼革手套
43292	Snow Cotton Breeches	雪木棉马裤
43293	Loboskin Boots	银狼革长靴
43294	Sarcenet Work Cap of Crafting	薄绢巧匠工作帽
43295	Sarcenet Work Shirt of Crafting	薄绢巧匠工作衫
43296	Br'aaxskin Halfgloves of Crafting	狞豹革巧匠半指手套
43297	Sarcenet Hose of Crafting	薄绢巧匠骑兵裤
43298	Br'aaxskin Workboots of Crafting	狞豹革巧匠工作靴
43299	Sarcenet Trapper's Hat of Gathering	薄绢大地狩猎帽
43300	Sarcenet Jacket of Gathering	薄绢大地短衣
43301	Br'aaxskin Halfgloves of Gathering	狞豹革大地半指护手
43302	Sarcenet Culottes of Gathering	薄绢大地及膝裤
43303	Br'aaxskin Boots of Gathering	狞豹革大地工作靴
43304	Rroneek Serge Cap of Crafting	犎牛哔叽巧匠皮帽
43305	Rroneek Serge Doublet of Crafting	犎牛哔叽巧匠工作坎肩
43306	Gomphotherium Fingerless Gloves of Crafting	嵌齿象革巧匠半指手套
43307	Rroneek Serge Trousers of Crafting	犎牛哔叽巧匠软甲裤
43308	Gomphotherium Boots	嵌齿象革巧匠长靴
43309	Rroneek Serge Hat of Gathering	犎牛哔叽大地工作帽
43310	Gomphotherium Doublet of Gathering	嵌齿象革大地工作坎肩
43311	Gomphotherium Halfgloves of Gathering	嵌齿象革大地半指护手
43312	Rroneek Serge Trousers of Gathering	犎牛哔叽大地软甲裤
43313	Gomphotherium Boots of Gathering	嵌齿象革大地工作靴
43314	Thunderyards Silk Cap of Crafting	落雷绢巧匠无檐帽
43315	Thunderyards Silk Shirt of Crafting	落雷绢巧匠衬衫
43316	Gargantuaskin Halfgloves of Crafting	卡冈图亚革巧匠半指手套
43317	Thunderyards Silk Culottes of Crafting	落雷绢巧匠宽松七分裤
43318	Claro Walnut Sandals of Crafting	克拉洛胡桃木巧匠凉鞋
43319	Gargantuaskin Hat of Gathering	卡冈图亚革大地工作帽
43320	Thunderyards Silk Vest of Gathering	落雷绢大地坎肩
43321	Gargantuaskin Fingerless Gloves of Gathering	卡冈图亚革大地半指护手
43322	Thunderyards Silk Culottes of Gathering	落雷绢大地宽松七分裤
43323	Claro Walnut Sandals of Gathering	克拉洛胡桃木大地凉鞋
43324	Lar Ear Cuffs	混金耳夹
43325	Lar Choker	混金项环
43326	Lar Bracelets	混金手镯
43327	Lar Ring	混金指环
43328	Ginseng Earrings	五加木耳环
43329	Ginseng Necklace	五加木项链
43330	Ginseng Bracelet	五加木手镯
43331	Ginseng Ring	五加木指环
43332	Acacia Earrings	相思木耳环
43333	Acacia Necklace	相思木项链
43334	Acacia Bracelet	相思木手镯
43335	Acacia Ring	相思木指环
43336	Gomphotherium Earrings	嵌齿象革耳坠
43337	Gomphotherium Necklace	嵌齿象革项链
43338	Gomphotherium Wristband	嵌齿象革手环
43339	Gomphotherium Ring	嵌齿象革指环
43340	Black Star Earrings of Crafting	黑星石巧匠耳坠
43341	Black Star Scarf of Crafting	黑星石巧匠围巾
43342	Black Star Bracelets of Crafting	黑星石巧匠手镯
43343	Black Star Ring of Crafting	卡扎纳尔巧匠戒指
43344	Black Star Earrings of Gathering	黑星石大地耳坠
43345	Claro Walnut Necklace of Gathering	克拉洛胡桃木大地项链
43346	Claro Walnut Bracelet of Gathering	克拉洛胡桃木大地手环
43347	Ra'Kaznar Ring of Gathering	卡扎纳尔大地指环
43602	Skyruin Barding	艳翼蛇鸟装甲
43603	Electrope Barding	雷转质装甲
43613	Red Sunflower Corsage	红色向日葵头花
43614	Blue Sunflower Corsage	蓝色向日葵头花
43615	Yellow Sunflower Corsage	黄色向日葵头花
43616	Green Sunflower Corsage	绿色向日葵头花
43617	Orange Sunflower Corsage	橙色向日葵头花
43618	Purple Sunflower Corsage	紫色向日葵头花
43619	White Sunflower Corsage	白色向日葵头花
43620	Black Sunflower Corsage	黑色向日葵头花
43621	Rainbow Sunflower Corsage	混色向日葵头花
43623	High Durium Twinfangs	辉翠双牙
43625	Bismuth Twinfangs	铋金双牙
43627	Manganese Twinfangs	锰钢双牙
43629	Chondrite Magitek Twinfangs	球粒陨石魔导双牙
43644	Palm Round Brush	棕榈圆笔
43646	Red Pine Flat Brush	红松木平笔
43648	Ironwood Filbert Brush	铁木椭圆笔
43650	Chondrite Magitek Paintbrush	球粒陨石魔导画笔
43887	Reed Scythe	芦苇镰刀
43888	Tortilla Press	玉米薄饼压制机
43889	Lightweight Lantern	旅行提灯
43890	Ceremonial Censer	冥想用香炉
43891	Handcrafted Cover Components	全新的装帧部件
43892	Pelupelu Cover Components	佩鲁佩鲁族样式的装帧部件
43893	Moblin Cover Components	莫布林族样式的装帧部件
43894	Mamool Ja Cover Components	辉鳞族样式的装帧部件
43895	Cherimoya Juice	冷园果汁
43896	Fermented Aloe Juice	发酵芦荟汁
43897	Ja Tiika Juice	深绿果汁
43898	Prickly Pear Juice	腌刺梨果汁
43907	Fulcrum	替换用的中轴
43908	Solar Reflector	金煌采火器
43909	Yok Huy Cover	尤卡巨人族样式的封面
43910	Tonawawtan Cover Components	迎曦之民样式的装帧部件
43911	Kukuru Pulp Juice	可可果肉果汁
43912	Boonewa Soda	布涅瓦发泡水
43972	Cooking Mezcal	梅斯卡料酒
43973	Ut'ohmu Chili Sauce	乌托姆辣酱
43974	Royal Maple Syrup	高级枫糖浆
43975	Whipped Cream	泡沫奶油
43976	Turali Corn Oil	图拉尔玉米油
43977	Mountain Salt	高山食盐
43997	Mountain Chromite Ingot	奥阔铬铁锭
43998	Ruthenium Ingot	钌金锭
43999	Cobalt Tungsten Ingot	钴钨锭
44000	Titanium Gold Nugget	钛金块
44001	Ra'Kaznar Ingot	卡扎纳尔锭
44008	Lar Ingot	混金锭
44009	Ihuykanite	河岸石
44010	Pink Beryl	粉绿柱石
44011	White Gold Ingot	白黄金锭
44012	Black Star	黑星石
44013	Magnesia Whetstone	氧化镁磨刀石
44019	Ginseng Lumber	五加木木材
44020	Ceiba Lumber	木棉木材
44021	Dark Mahogany Lumber	深红木木材
44022	Acacia Lumber	相思木木材
44023	Claro Walnut Lumber	克拉洛胡桃木木材
44029	Snow Cotton Cloth	雪木棉布
44030	Mountain Linen	高山亚麻布
44031	Sarcenet Cloth	薄绢织物
44032	Rroneek Serge	犎牛哔叽
44033	Thunderyards Silk	落雷绢
44044	Grade 1 Gemsap of Strength	刚力之宝水
44045	Grade 1 Gemsap of Dexterity	巧力之宝水
44046	Grade 1 Gemsap of Vitality	耐力之宝水
44047	Grade 1 Gemsap of Intelligence	智力之宝水
44048	Grade 1 Gemsap of Mind	意力之宝水
44049	Growth Formula Lambda	植物成长剂11型
44050	Tungsten Ink	重钨墨水
44051	Sanctified Water	大圣水
44058	Silver Lobo Leather	银狼革
44059	Hammerhead Crocodile Leather	锤头鳄革
44060	Br'aax Leather	狞豹革
44061	Gomphotherium Leather	嵌齿象革
44062	Gargantua Leather	卡冈图亚革
44073	Boiled Alpaca Steak	炖煮羊驼肉排
44074	Mezcal-marinated Swampmonk	梅斯卡香煎沼泽鬼鱼肉
44076	Acqua Pazza	番茄水煮鱼
44077	Salmon Jerky	鲑鱼干
44078	Nasi Goreng	酱炒饭
44079	Shrimp Cocktail	酱汁蘸虾
44081	Omelette Rice	蛋包饭
44082	Royal Toast	高级吐司
44083	Banana Ponzecake	香蕉星磅蛋糕
44084	Maple Teriyaki	照烧枫糖鸡肉
44085	Sweetmuffin	纸杯甜松糕
44086	Creamy Hot Chocolate	奶油热巧克力
44087	Creamy Alpaca Pasta	羊驼奶油面
44088	Gateau au Chocolat	巧克力奶油蛋糕
44089	Tender Shortcake	圆扇刺梨蛋糕
44090	Broccoli and Spinach Saute	西兰花炒菠菜
44091	Rroneek Steak	犎牛牛排
44092	Roast Rroneek	烤犎牛肉
44093	Spaghetti al Olio e Peperoncino	双油风味拌细面
44094	Grilled Urqotrout	盐烤奥阔鳟
44095	Driftwood Catfish Pie	鲶鱼派
44096	Vegetable Soup	蔬菜汤
44097	Mesquite Juice	牧豆树豆汁
44098	Mesquite Soup	牧豆树豆汤
44099	Turali Pineapple Ponzecake	图拉尔菠萝蛋糕
44100	Fruit and Aloe Jelly	芦荟水果冻
44101	Tart Turali Tart	图拉尔水果挞
44102	Wild Banana Blend	野生香蕉果昔
44103	Stuffed Peppers	酿柿子椒
44104	Tacos de Carne Asada	烤牛肉夹饼
44105	Tacos Al Pastor	牧羊人夹饼
44108	Tiled Carpeting	块状地毯
44109	Wisteria Ceiling Lamp	紫藤吊灯
44110	Seafade Interior Wall	淡蓝内墙
44147	Maraging Steel Ingot	马登时效钢锭
44148	Sterling Silver Ingot	优纯银锭
44149	Ipe Lumber	重蚁木木材
44150	Blackseed Cotton Cloth	海岛棉布
44151	Purussaurus Leather	普鲁斯鳄革
44152	Grade 2 Gemsap of Strength	2级刚力之宝水
44153	Grade 2 Gemsap of Dexterity	2级巧力之宝水
44154	Grade 2 Gemsap of Vitality	2级耐力之宝水
44155	Grade 2 Gemsap of Intelligence	2级智力之宝水
44156	Grade 2 Gemsap of Mind	2级意力之宝水
44157	Grade 1 Gemdraught of Strength	刚力之宝药
44158	Grade 1 Gemdraught of Dexterity	巧力之宝药
44159	Grade 1 Gemdraught of Vitality	耐力之宝药
44160	Grade 1 Gemdraught of Intelligence	智力之宝药
44161	Grade 1 Gemdraught of Mind	意力之宝药
44162	Grade 2 Gemdraught of Strength	2级刚力之宝药
44163	Grade 2 Gemdraught of Dexterity	2级巧力之宝药
44164	Grade 2 Gemdraught of Vitality	2级耐力之宝药
44165	Grade 2 Gemdraught of Intelligence	2级智力之宝药
44166	Grade 2 Gemdraught of Mind	2级意力之宝药
44167	Competent Craftsman's Tisane	名匠药液
44168	Commanding Craftsman's Tisane	巨匠药液
44169	Cunning Craftsman's Tisane	魔匠药液
44175	Roast Chicken	烤鸡
44176	Chicken Pasta	鸡肉奶油面
44177	Churrasco	图莱尤拉烤犎牛肉
44178	Moqueca	图莱尤拉炖沼泽鬼鱼
44179	Cinnamon Cream Coffee	泡沫奶油肉桂咖啡
44180	Coffee Kukuru Rusks	咖啡可可甜脆
44181	Navel Orange Cookies	脐橙饼干
44182	Pineapple Orange Jelly	菠萝脐橙果冻
44183	Lobster Bisque	龙虾浓汤
44184	Boiled Lobster	汆烫龙虾
44185	Rarefied Ginseng Earrings	收藏用五加木耳坠
44186	Rarefied Ceiba Spear	收藏用木棉木长枪
44187	Rarefied Dark Mahogany Necklace	收藏用深红木项链
44188	Rarefied Acacia Rod	收藏用相思木法杖
44189	Rarefied Claro Walnut Grinding Wheel	收藏用克拉洛胡桃木砂轮机
44190	Rarefied Claro Walnut Fishing Rod	收藏用克拉洛胡桃木钓竿
44191	Rarefied Mountain Chromite Fists	收藏用奥阔铬铁拳套
44192	Rarefied Ruthenium War Axe	收藏用钌金战斧
44193	Rarefied Cobalt Tungsten Scimitars	收藏用钴钨弯刀
44194	Rarefied Titanium Gold Mortar	收藏用钛金研钵
44195	Rarefied Ra'Kaznar War Scythe	收藏用卡扎纳尔战镰
44196	Rarefied Ra'Kaznar Round Knife	收藏用卡扎纳尔圆革刀
44197	Rarefied Mountain Chromite Alembic	收藏用奥阔铬铁蒸馏器
44198	Rarefied Ruthenium Sabatons	收藏用钌金铠靴
44199	Rarefied Cobalt Tungsten Chocobo Frypan	收藏用钴钨陆行鸟煎锅
44200	Rarefied Titanium Gold Thorned Corselet	收藏用钛金钉刺护甲
44201	Rarefied Ra'Kaznar Greaves	收藏用卡扎纳尔胫甲
44202	Rarefied Ra'Kaznar Ring	收藏用卡扎纳尔指环
44203	Rarefied Lar Longbow	收藏用混金长弓
44204	Rarefied Ihuykanite Circlet	收藏用河岸石头冠
44205	Rarefied Cobalt Tungsten Tuck	收藏用钴钨刺剑
44206	Rarefied White Gold Choker	收藏用白黄金项环
44207	Rarefied Ra'Kaznar Orrery	收藏用卡扎纳尔太阳仪
44208	Rarefied Black Star Earrings	收藏用黑星石耳坠
44209	Rarefied Loboskin Fingerless Gloves	收藏用银狼革半指护手
44210	Rarefied Crocodileskin Leggings	收藏用锤头鳄革护腿
44211	Rarefied Br'aaxskin Armlets	收藏用狞豹革护臂
44212	Rarefied Gomphotherium Brais	收藏用嵌齿象革衬裤
44213	Rarefied Gargantuaskin Trousers	收藏用卡冈图亚革软甲裤
44214	Rarefied Gargantuaskin Hat	收藏用卡冈图亚革工作帽
44215	Rarefied Snow Cotton Beret	收藏用雪木棉贝雷帽
44216	Rarefied Mountain Linen Top	收藏用高山亚麻上装
44217	Rarefied Sarcenet Kecks	收藏用薄绢腿套
44218	Rarefied Rroneek Serge Hat	收藏用犎牛哔叽工作帽
44219	Rarefied Thunderyards Silk Gloves	收藏用落雷绢手套
44220	Rarefied Thunderyards Silk Culottes	收藏用落雷绢宽松七分裤
44221	Rarefied Loboskin Grimoire	收藏用银狼革魔导书
44222	Rarefied Gemsap of Dexterity	收藏用巧力之宝水
44223	Rarefied Br'aaxskin Codex	收藏用狞豹革魔导典
44224	Rarefied Cunning Craftsman's Tisane	收藏用魔匠药液
44225	Rarefied Gemdraught of Vitality	收藏用耐力之宝药
44226	Rarefied Claro Walnut Flat Brush	收藏用克拉洛胡桃木平笔
44227	Rarefied Boiled Alpaca Steak	收藏用炖煮羊驼肉排
44228	Rarefied Banana Ponzecake	收藏用香蕉星磅蛋糕
44229	Rarefied Turali Pineapple Ponzecake	收藏用图拉尔菠萝蛋糕
44230	Rarefied Salmon Jerky	收藏用鲑鱼干
44231	Rarefied Stuffed Peppers	收藏用酿柿子椒
44232	Rarefied Tacos de Carne Asada	收藏用烤牛肉夹饼
44246	Turali Trader's Shirt	图拉尔商人衬衫
44247	Turali Trader's Culottes	图拉尔商人及膝裤
44248	Turali Trader's Shoes	图拉尔商人皮鞋
44249	Turali Traveler's Shirt	图拉尔旅行者衬衫
44250	Turali Traveler's Shoes	图拉尔旅行者皮鞋
44251	Scientist's Monocle	科学家单眼镜
44252	Scientist's Coat	科学家大衣
44253	Scientist's Gloves	科学家手套
44254	Scientist's Breeches	科学家马裤
44255	Scientist's Boots	科学家短靴
44303	The Skyruin Orchestrion Roll	管弦乐琴乐谱：天灾
44304	Seeking Purpose Orchestrion Roll	管弦乐琴乐谱：存在的理由
44411	Everseeker's Saw	探求永恒手锯
44412	Everseeker's Cross-pein Hammer	探求永恒横头锤
44413	Everseeker's Raising Hammer	探求永恒圆头锤
44414	Everseeker's Lapidary Hammer	探求永恒工艺锤
44415	Everseeker's Creasing Knife	探求永恒制革刀
44416	Everseeker's Needle	探求永恒缝针
44417	Everseeker's Alembic	探求永恒蒸馏器
44418	Everseeker's Bomb Frypan	探求永恒煎锅
44419	Everseeker's Pickaxe	探求永恒鹤嘴锄
44420	Everseeker's Hatchet	探求永恒手斧
44421	Everseeker's Fishing Rod	探求永恒钓竿
44422	Everseeker's Claw Hammer	探求永恒羊角锤
44423	Everseeker's File	探求永恒锉刀
44424	Everseeker's Pliers	探求永恒手钳
44425	Everseeker's Grinding Wheel	探求永恒砂轮机
44426	Everseeker's Awl	探求永恒平斩
44427	Everseeker's Spinning Wheel	探求永恒纺车
44428	Everseeker's Mortar	探求永恒研钵
44429	Everseeker's Culinary Knife	探求永恒厨刀
44430	Everseeker's Sledgehammer	探求永恒碎石锤
44431	Everseeker's Garden Scythe	探求永恒园艺镰
44432	Everseeker's Headgear of Crafting	探求永恒巧匠头饰
44433	Everseeker's Top of Crafting	探求永恒巧匠上装
44434	Everseeker's Armguards of Crafting	探求永恒巧匠护臂
44435	Everseeker's Slops of Crafting	探求永恒巧匠工作裤
44436	Everseeker's Workboots of Crafting	探求永恒巧匠工作靴
44437	Everseeker's Goggles of Gathering	探求永恒大地护目镜
44438	Everseeker's Coat of Gathering	探求永恒大地外套
44439	Everseeker's Work Gloves of Gathering	探求永恒大地工作手套
44440	Everseeker's Kecks of Gathering	探求永恒大地腿套
44441	Everseeker's Shoes of Gathering	探求永恒大地工作靴
44495	Eternal Barding	永恒装甲
44650	Wintertide Trapper's Hat	冬季护耳帽
44651	Wintertide Blouson	冬季宽松夹克
44652	Wintertide Culottes	冬季宽松直筒裤
44653	Wintertide Shoes	冬季皮鞋
44654	Wintertide Sheath Skirt	冬季紧身短裙
44823	Red Cattleya Corsage	红色卡特兰头花
44824	Blue Cattleya Corsage	蓝色卡特兰头花
44825	Yellow Cattleya Corsage	黄色卡特兰头花
44826	Green Cattleya Corsage	绿色卡特兰头花
44827	Orange Cattleya Corsage	橙色卡特兰头花
44828	Purple Cattleya Corsage	紫色卡特兰头花
44829	White Cattleya Corsage	白色卡特兰头花
44830	Black Cattleya Corsage	黑色卡特兰头花
44831	Rainbow Cattleya Corsage	混色卡特兰头花
44842	Ceviche	酸柠檬腌鱼
44843	Cloudsail Meuniere	香煎面拖旗鱼
44846	Optical Nanofiber	光学纤维
44847	Alexandrian Plate	亚历山德里亚金属板
44855	Rail Grindstone	新列车的研磨工具
44856	Plush Carriage Seating	舒适的软座靠椅
44857	Map Printing Essentials	导览地图的印刷工具
44858	Engineer's Supply Kit	技师用的必要工具
44859	Railroad Repair Kit	修复铁轨用的资材
44873	Wood-fired Range	柴火烤炉
44877	Frilly Curtains	甜美褶边窗帘
44879	Botanical Loft	园艺夹层楼板
44880	Patchwork Sofa	拼缀皮革沙发
44882	Popoto Chips	新薯片
44885	Grassy Rug	圆形草毯
44886	Royal Bed	王室睡床
44887	Eternal Cenotaph	永恒纪念碑
44897	Imitation Closet	仿制衣柜门
44898	Fighting Ring	格斗擂台
44901	Kugane-yaki	黄金烧
44912	Rail-and-stile Partition	槛框隔离墙
44913	Tea Caddy Cabinet	茶罐柜
44914	Indoor Awning	室内遮阳棚
44928	Far Eastern Gazebo	东方东屋
44970	Cushioned Bench	靠垫长椅
44971	Tropical Canopy Bed	热带风情四柱床
44977	Adamant Knuckles	皓光指虎
44978	Adamant Battleaxe	皓光战斧
44979	Adamant Partisan	皓光游击枪
44980	Adamant Longbow	皓光长弓
44981	Adamant Cleavers	皓光屠刀
44982	Adamant Guillotine	皓光断头剑
44983	Adamant Pistol	皓光手枪
44984	Adamant Cane	皓光牧杖
44985	Adamant Rod	皓光咒杖
44986	Adamant Index	皓光魔导书
44987	Adamant Codex	皓光魔导典
44988	Adamant Planisphere	皓光天星盘
44989	Adamant Blade	皓光武士刀
44990	Adamant Hanger	皓光重刺剑
44991	Adamant Gunblade	皓光枪刃
44992	Adamant Chakrams	皓光圆月轮
44994	Paladin's Adamant Arms	皓光骑士武具
45016	Paved in Solitude Orchestrion Roll	管弦乐琴乐谱：孤独之路
45017	Paved with Resolve Orchestrion Roll	管弦乐琴乐谱：同行之路
45974	Cordia Lumber	破布木木材
45975	Octahedrite Nugget	八面体陨铁块
45976	Rhodochrosite	玫瑰红纹石
45977	Cronopio Leather	克罗诺兽革
45978	Diatryma Felt	不飞恐鸟毛布
45979	Grade 3 Gemsap of Strength	3级刚力之宝水
45980	Grade 3 Gemsap of Dexterity	3级巧力之宝水
45981	Grade 3 Gemsap of Vitality	3级耐力之宝水
45982	Grade 3 Gemsap of Intelligence	3级智力之宝水
45983	Grade 3 Gemsap of Mind	3级意力之宝水
45995	Grade 3 Gemdraught of Strength	3级刚力之宝药
45996	Grade 3 Gemdraught of Dexterity	3级巧力之宝药
45997	Grade 3 Gemdraught of Vitality	3级耐力之宝药
45998	Grade 3 Gemdraught of Intelligence	3级智力之宝药
45999	Grade 3 Gemdraught of Mind	3级意力之宝药
46000	Paes de Queijo	奶酪木薯包
46001	Bubble Tea	珍珠奶茶
46002	Sweet Maple Mate	甜马黛茶
46003	Mate Cookie	高级马黛茶饼干
46004	Alpaca Stew	羊驼浓汤
46005	Lomo Saltado	彩椒犎牛柳
46006	Solterito	奶酪沙拉
46007	Mollete	奶酪莫雷特
46008	Ground Woolback Steak	鬃背兽肉饼
46009	Woolback Steak	鬃背兽肉排
46010	Ceremonial Shamshir	仪仗长刀
46011	Ceremonial Sainti	仪仗圣徒
46012	Ceremonial Bardiche	仪仗巨斧
46013	Ceremonial Couse	仪仗长柄刀
46014	Ceremonial Shortbow	仪仗短弓
46015	Ceremonial Wand	仪仗幻杖
46016	Ceremonial Longpole	仪仗玉杖
46017	Ceremonial Grimoire	仪仗魔导书
46018	Ceremonial Codex	仪仗魔导典
46019	Ceremonial Cleavers	仪仗屠刀
46020	Ceremonial Claymore	仪仗大剑
46021	Ceremonial Culverin	仪仗重炮
46022	Ceremonial Torquetum	仪仗黄道仪
46023	Ceremonial Tulwar	仪仗曲刃刀
46024	Ceremonial Smallsword	仪仗小剑
46025	Ceremonial Gunblade	仪仗枪刃
46026	Ceremonial Chakrams	仪仗圆月轮
46027	Ceremonial War Scythe	仪仗战镰
46028	Ceremonial Pendulums	仪仗振空摆
46029	Ceremonial Saberfangs	仪仗双军刀
46030	Ceremonial Flat Brush	仪仗平笔
46031	Ceremonial Pelta	仪仗轻盾
46032	Ceremonial Longcap of Fending	仪仗御敌护耳帽
46033	Ceremonial Corselet of Fending	仪仗御敌护甲
46034	Ceremonial Vambraces of Fending	仪仗御敌臂甲
46035	Ceremonial Hose of Fending	仪仗御敌骑兵裤
46036	Ceremonial Greaves of Fending	仪仗御敌胫甲
46037	Ceremonial Longcap of Maiming	仪仗制敌护耳帽
46038	Ceremonial Corselet of Maiming	仪仗制敌护甲
46039	Ceremonial Vambraces of Maiming	仪仗制敌臂甲
46040	Ceremonial Hose of Maiming	仪仗制敌骑兵裤
46041	Ceremonial Greaves of Maiming	仪仗制敌胫甲
46042	Ceremonial Longcap of Striking	仪仗强袭护耳帽
46043	Ceremonial Vest of Striking	仪仗强袭坎肩
46044	Ceremonial Armguards of Striking	仪仗强袭护臂
46045	Ceremonial Culottes of Striking	仪仗强袭宽松直筒裤
46046	Ceremonial Crakows of Striking	仪仗强袭尖头靴
46047	Ceremonial Longcap of Aiming	仪仗精准护耳帽
46048	Ceremonial Vest of Aiming	仪仗精准坎肩
46049	Ceremonial Armguards of Aiming	仪仗精准护臂
46050	Ceremonial Culottes of Aiming	仪仗精准宽松直筒裤
46051	Ceremonial Crakows of Aiming	仪仗精准尖头靴
46052	Ceremonial Longcap of Scouting	仪仗游击护耳帽
46053	Ceremonial Vest of Scouting	仪仗游击坎肩
46054	Ceremonial Armguards of Scouting	仪仗游击护臂
46055	Ceremonial Culottes of Scouting	仪仗游击宽松直筒裤
46056	Ceremonial Crakows of Scouting	仪仗游击尖头靴
46057	Ceremonial Hood of Healing	仪仗治愈兜帽
46058	Ceremonial Tunic of Healing	仪仗治愈束腰衣
46059	Ceremonial Gloves of Healing	仪仗治愈手套
46060	Ceremonial Hose of Healing	仪仗治愈骑兵裤
46061	Ceremonial Thighboots of Healing	仪仗治愈长靴
46062	Ceremonial Hood of Casting	仪仗咏咒兜帽
46063	Ceremonial Tunic of Casting	仪仗咏咒束腰衣
46064	Ceremonial Gloves of Casting	仪仗咏咒手套
46065	Ceremonial Hose of Casting	仪仗咏咒骑兵裤
46066	Ceremonial Thighboots of Casting	仪仗咏咒长靴
46067	Ceremonial Earring of Fending	仪仗御敌耳坠
46068	Ceremonial Earring of Slaying	仪仗强攻耳坠
46069	Ceremonial Earring of Aiming	仪仗精准耳坠
46070	Ceremonial Earring of Healing	仪仗治愈耳坠
46071	Ceremonial Earring of Casting	仪仗咏咒耳坠
46072	Ceremonial Necklace of Fending	仪仗御敌项链
46073	Ceremonial Necklace of Slaying	仪仗强攻项链
46074	Ceremonial Necklace of Aiming	仪仗精准项链
46075	Ceremonial Necklace of Healing	仪仗治愈项链
46076	Ceremonial Necklace of Casting	仪仗咏咒项链
46077	Ceremonial Bangle of Fending	仪仗御敌手镯
46078	Ceremonial Bangle of Slaying	仪仗强攻手镯
46079	Ceremonial Bangle of Aiming	仪仗精准手镯
46080	Ceremonial Bangle of Healing	仪仗治愈手镯
46081	Ceremonial Bangle of Casting	仪仗咏咒手镯
46082	Ceremonial Ring of Fending	仪仗御敌指环
46083	Ceremonial Ring of Slaying	仪仗强攻指环
46084	Ceremonial Ring of Aiming	仪仗精准指环
46085	Ceremonial Ring of Healing	仪仗治愈指环
46086	Ceremonial Ring of Casting	仪仗咏咒指环
46087	Plaid Interior Wall	格纹内墙
46088	Honeycomb Carpet	蜂巢纹地毯
46091	Tuliyollan Beverage Rack	金曦饮品台
46092	Straight Tuliyollan Counter	金曦长条柜台
46093	Curved Tuliyollan Counter	金曦半圆形柜台
46094	Tuliyollan Bench	金曦长椅
46095	Tuliyollan Screen	金曦屏风
46096	Tuliyollan Table	金曦餐桌
46097	Tuliyollan Stool	金曦小凳
46098	Tuliyollan Censer	金曦香炉
46099	Tuliyollan Rug	金曦地毯
46108	Old Fishwife's Paella	渔夫海鲜烩饭
46109	Lattice Planter Partition	木架盆栽隔离墙
46116	Death's Halo	死暗光环
46118	Far Eastern Odder Otter Seater	獭獭地椅
46123	Frozen Garden Pond	霜冻庭院水池
46198	Warmth Repair Supplies	驻地修复部件
46200	Master Mason's Tools	石材加工工具
46202	Ice Removal Tools	生墓发掘工具
46204	Conductive Golem Components	岩兵启动部件
46206	Living Sepulchre Supplies	雪精生墓部件
46208	Snow Removal Tool	拜坛除雪用具
46210	Cart Component	高地用货车部件
46212	Home Exterior Component	外国风格的外装部件
46214	Hand Warmer Components	尤卡巨人族的随身暖炉部件
46216	Warmth Necessities	驻地生活必需品
46218	Visitor's Winterwear	来访者用的防寒护具
46220	Yok Huy Handicrafts	尤卡巨人族传统杂货
46222	Stonemasonry Tools	高山石材加工工具
46224	Salvaged Stone Supplies	翻新碎石建材
46226	Trail Repair Supplies	铺设山路用的部件
46228	Tonawawtan Cookware	迎曦之民传统储备粮必需品
46230	Storage Supplies	食品长期保存用具
46232	Tableware Supplies	拜坛配膳工具
46234	Shelving Components	储藏库备用部件
46236	Cropland Expansion Supplies	开垦耕地必需品
46238	Mountaineering Paraphernalia	佩鲁佩鲁族登山工具
46240	Replacement Golem Component	岩兵管理部件
46242	Brewery Maintenance Supplies	酿造奇卡腊的必需品
46250	Desert Lapis	蓝线石
46251	Craftsman's Tri-solution	工匠的宝水
46253	All i Pebre	椒麻鳗鱼
46254	Goldentail Pie	黄金鳗鱼派
46789	Barding of the Dead	死暗装甲
46849	Work Ladder	工作用的脚手架
46851	Kindling	助燃材料
46853	Ultralight Fungal Brick	超轻菌类建材
46855	Synthetic Dark Matter Alpha	人造暗物质α
46856	Synthetic Dark Matter Beta	人造暗物质β
46857	Synthetic Dark Matter Gamma	人造暗物质γ
46858	Survey Water Tank	宇宙探索用的水产货箱
46859	Survey Fishing Rod	宇宙探索用的鱼竿
46972	Survey Automaton Digger	宇宙探索用的挖掘机
46973	Survey Ataxite Ingot	宇宙探索用的无结构陨铁锭
46975	Meteorite Drills	采掘陨石用的钻头
46977	Flamethrower Parts	火焰喷射器部件
46983	Vacuum Muzzle	吸取器的吸嘴
47096	Survey Storage Containers	宇宙探索用的货箱
47097	Survey Blacksmith's Workbench	宇宙探索用的锻冶工作台
47099	Spare Vacuum Tank	吸取器的备用水箱
47103	Vehicular Plating	月球车的维修金属板
47107	Spare Gas Tank	备用气罐
47163	Gold Thumb's Saw	金拇指手锯
47164	Gold Thumb's Cross-pein Hammer	金拇指横头锤
47165	Gold Thumb's Raising Hammer	金拇指圆头锤
47166	Gold Thumb's Mallet	金拇指工艺锤
47167	Gold Thumb's Round Knife	金拇指圆革刀
47168	Gold Thumb's Needle	金拇指缝针
47169	Gold Thumb's Alembic	金拇指蒸馏器
47170	Gold Thumb's Frypan	金拇指煎锅
47171	Gold Thumb's Pickaxe	金拇指鹤嘴锄
47172	Gold Thumb's Hatchet	金拇指手斧
47173	Gold Thumb's Fishing Rod	金拇指钓竿
47174	Gold Thumb's Claw Hammer	金拇指羊角锤
47175	Gold Thumb's File	金拇指锉刀
47176	Gold Thumb's Pliers	金拇指手钳
47177	Gold Thumb's Grinding Wheel	金拇指砂轮机
47178	Gold Thumb's Awl	金拇指平斩
47179	Gold Thumb's Spinning Wheel	金拇指纺车
47180	Gold Thumb's Mortar	金拇指研钵
47181	Gold Thumb's Culinary Knife	金拇指厨刀
47182	Gold Thumb's Sledgehammer	金拇指碎石锤
47183	Gold Thumb's Scythe	金拇指园艺镰
47184	Crested Headband of Crafting	雀翎巧匠头带
47185	Crested Shirt of Crafting	雀翎巧匠衬衫
47186	Crested Gloves of Crafting	雀翎巧匠手套
47187	Crested Culottes of Crafting	雀翎巧匠及膝裤
47188	Crested Boots of Crafting	雀翎巧匠长靴
47189	Crested Hood of Gathering	雀翎大地兜帽
47190	Crested Coat of Gathering	雀翎大地大衣
47191	Crested Gloves of Gathering	雀翎大地手套
47192	Crested Slops of Gathering	雀翎大地七分裤
47193	Crested Boots of Gathering	雀翎大地筒靴
47194	Crested Earrings of Crafting	雀翎巧匠耳坠
47195	Crested Necklace of Crafting	雀翎巧匠项链
47196	Crested Bracelet of Crafting	雀翎巧匠手镯
47197	Crested Ring of Crafting	雀翎巧匠戒指
47198	Crested Earrings of Gathering	雀翎大地耳坠
47199	Crested Necklace of Gathering	雀翎大地项链
47200	Crested Bracelet of Gathering	雀翎大地手镯
47201	Crested Ring of Gathering	雀翎大地戒指
47212	Red Champa Corsage	红色大季花花环
47213	Blue Champa Corsage	蓝色大季花花环
47214	Yellow Champa Corsage	黄色大季花花环
47215	Green Champa Corsage	绿色大季花花环
47216	Orange Champa Corsage	橙色大季花花环
47217	Purple Champa Corsage	紫色大季花花环
47218	White Champa Corsage	白色大季花花环
47219	Black Champa Corsage	黑色大季花花环
47220	Survey Censer	宇宙探索用的香炉
47221	Survey Tourmaline Crystal	宇宙探索用的碧玺水晶
47222	Rainbow Champa Corsage	混色大季花花环
47223	Lighting Repair Tools	照明修理用具
47225	Spare Vehicle Part	月球车的维修零件
47229	Intricate Vacuum Part	吸取器的精密零件
47258	Summertide Formal Jacket	夏令礼服
47259	Summertide Formal Slacks	夏令礼裤
47260	Summertide Formal Shoes	夏令皮鞋
47261	Summertide Formal Dress	夏令礼裙
47262	Summertide Formal Dress Shoes	夏令礼鞋
47344	Cured Survey Leather	宇宙探索用的鞣革
47345	Survey Leather Strap	宇宙探索用的皮革细绳
47347	Impenetrable Gloves	切削施工所需的手套
47351	Reinforced Gas Mask	防毒面具
47353	Flame-resistant Workboots	施工所需的防火靴
47468	Survey Tiled Carpeting	宇宙探索用的块状地毯
47469	Survey Mushroom Cotton	宇宙探索用的蘑菇棉布
47471	Ultralight Fungal Cloth	超轻菌丝布料
47473	Spare Cloth	整备所需的布匹
47475	Flame-resistant Work Cloth	施工所需的防火布
47592	Survey Mushroom Lamp	宇宙探索用的蘑菇灯
47593	Survey Moon Gel	宇宙探索用的月凝胶
47595	Aether-resistant Agent	以太抗性高的特殊保护剂
47601	Flamethrower Fuel	火焰喷射器的燃料
47603	Gas Poisoning Antidote	瓦斯中毒解毒剂
47701	Ultra-Potion	逸级恢复药
47716	Survey Mushroom Potage	宇宙探索用的蘑菇浓汤
47717	Eel Ration	宇宙探索用的鳗鱼口粮
47719	Dried Worker's Food	工作人员的储备粮
47721	Nutrient Supplement Jelly	辅食果冻
47723	Irregular Spongoi Extract	变异菌床的提取液
47915	Neon Street Cap	霓虹街头鸭舌帽
47916	Neon Street Blouson	霓虹街头宽松夹克
47917	Neon Street Cargo Trousers	霓虹街头工装裤
47918	Neon Street Shoes	霓虹街头鞋
47919	Bouncer's Holster Vest	保镖枪带背心
47920	Bouncer's Vest	保镖背心
47921	Bouncer's Halfgloves	保镖半指手套
47922	Bouncer's Slacks	保镖长裤
47923	Bouncer's Dress Shoes	保镖礼鞋
47928	Bouncer's Holster Slacks	保镖枪带长裤
47941	Red Paperflower Earring	红色叶子花耳环
47942	Blue Paperflower Earring	蓝色叶子花耳环
47943	Yellow Paperflower Earring	黄色叶子花耳环
47944	Green Paperflower Earring	绿色叶子花耳环
47945	Orange Paperflower Earring	橙色叶子花耳环
47946	Purple Paperflower Earring	紫色叶子花耳环
47947	White Paperflower Earring	白色叶子花耳环
47948	Black Paperflower Earring	黑色叶子花耳环
47949	Rainbow Paperflower Earring	混色叶子花耳环
47981	Queen's Knight Barding	女王骑士装甲
48097	Herringbone Interior Wall	人字形内墙
48098	Teal Carpet	水鸭色地毯
48101	Gardener's Gate	花店花园大门
48107	Hingan Dresser	东洋衣橱
48108	Hingan Event Partition	红白幕布屏风
48109	Decorative Hingan Window	东洋书院窗
48110	Simple Hingan Pillar	东洋地柱
48111	Hingan Wall Shelf	东洋博古架
48112	Hingan Wall Cabinet	东洋顶柜
48113	Hingan Floor Cabinet	东洋底柜
48114	Wooden Frame Partition	木框隔离墙
48116	Lattice-windowed Cabinet	菱格柜橱
48130	Leg of Prosciutto	风干火腿
48132	Recollection Sword Stand	泽莲尼娅之剑展示台
48174	Sainti of Sanctifying Light	圣辉圣徒
48175	Labrys of Sanctifying Light	圣辉双刃斧
48176	Partisan of Sanctifying Light	圣辉游击枪
48177	Longbow of Sanctifying Light	圣辉长弓
48178	Daggers of Sanctifying Light	圣辉小刀
48179	Greatsword of Sanctifying Light	圣辉巨剑
48180	Pistol of Sanctifying Light	圣辉手枪
48181	Cane of Sanctifying Light	圣辉牧杖
48182	Rod of Sanctifying Light	圣辉咒杖
48183	Grimoire of Sanctifying Light	圣辉魔导书
48184	Codex of Sanctifying Light	圣辉魔导典
48185	Torquetum of Sanctifying Light	圣辉黄道仪
48186	Blade of Sanctifying Light	圣辉武士刀
48187	Foil of Sanctifying Light	圣辉花剑
48188	Gunblade of Sanctifying Light	圣辉枪刃
48189	Tathlums of Sanctifying Light	圣辉环刃
48190	Wings of Sanctifying Light	圣辉飞翼
48191	War Scythe of Sanctifying Light	圣辉战镰
48193	Paladin's Arms of Sanctifying Light	圣辉骑士武具
48203	Roses of May (Dawntrail) Orchestrion Roll	管弦乐琴乐谱：五月的玫瑰　～金曦～
48236	Cosmotized Cosmostuff	宇宙加工品
48238	Standard Metal Plating	统一规格的金属板
48239	Starship Gear	宇宙飞船用的齿轮
48240	Lunar Alloy Ingot	月面矿物合金
48241	Standard Rivets	统一规格的铆钉
48242	Starship Shaft	宇宙飞船用的长杆
48243	Indurate Lunar Adamantite Ingot	硬质月精金锭
48244	Cosmotized Lunar Adamantite Ingot	宇宙月精金块
48245	Cosmotized Chondrite Ingot	宇宙球粒陨石锭
48246	Cosmotized Ilmenite Plate	宇宙钛铁板
48247	Indurate Alloy Ingot	宇宙飞船用的硬质合金
48248	Indurate Starship Plating	宇宙飞船用的硬质装甲板
48249	Survey Drone	宇宙探索用的无人机
48250	Standard Rings	统一规格的金属环
48251	Standard Alloy Ingot	统一规格的合金
48252	Drone Plating	无人机用的金属板
48253	Heat-resistant Alloy Ingot	改良设备用的耐热合金
48254	Lunar Alloy Bar	月面矿物的合金块
48255	Standard Flexible Plating	统一规格的软质金属板
48256	Pressure-resistant Plate	宇宙探索用的耐压金属板
48257	Iron Plating	宇宙探索用的铁板
48258	Standard High-density Fiberboard	统一规格的压缩纤维板
48259	Standard Leather Strap	统一规格的皮革细绳
48260	Standard Cotton Yarn	统一规格的棉线
48261	Rover Packing Material	月球车用的货物包装用品
48262	Test Fab Lumber	试验加工用的木材
48263	Hardened Survey Plank	宇宙探索用的硬化木板
48264	Test Fab Leather	试验加工用的皮革
48265	Survey Leather	宇宙探索用的皮革
48266	Test Fab Cloth	试验加工用的布料
48267	Survey Cloth	宇宙探索用的布料
48268	Standard Brick	统一规格的砖块
48269	Lunar Spices	月面调料
48270	Survey Porridge	宇宙探索用的药饵
48271	Aquaculture Extract	养殖用的提取液
48272	Aquaculture Pellet	养殖用的鱼饵
48273	Standard Lubricant	统一规格的润滑油
48274	Survey Alchemic	宇宙探索用的炼金药
48275	Curing Spirits	耐储存食品用的料酒
48276	Fieldwork Firewood	室外活动用的木柴
48277	Survey Bracelet	宇宙探索用的手镯
48278	Researcher's Lumber	研究用的木材
48279	Fieldwork Charcoal	室外活动用的木炭
48280	Habitat Bed	基地床
48281	Carpentry Supplies	刻木匠用的资材
48282	Survey Spinning Wheels	宇宙探索用的纺车
48283	Heavy-duty Paper	耐用优质纸
48284	Enrichment Insulation	改良设备用的隔热材料
48285	Cosmoliner Resin	宇宙飞线用的树脂
48286	Standard Earring	统一规格的耳环
48287	Heavy-duty Pulp	耐用纸浆
48288	Enrichment Insulation Lumber	改良设备用的隔热木材
48289	Survey Sap	宇宙探索用的树液
48290	Standard Lumber	统一规格的木材
48291	Survey Crate	宇宙探索用的木箱
48292	Habitat Insulation	基地隔热材料
48293	Transport Resin	运送资材用的树脂
48294	Stable Paper	长期保存用的优质纸
48295	Habitat Chair	基地椅子
48296	Survey Fishing Rod	宇宙探索用的钓竿
48297	Habitat Bed	基地床
48298	Stellar Paper	顶级特殊纸
48299	Enrichment Insulation	改良设备用的隔热材料
48300	Fieldwork Charcoal	室外活动用的木炭
48301	Experimental Lumber	加工检验用的木材
48302	Experimental Plank	加工检验用的木板
48303	Experimental Resin	加工检验用的树脂
48304	Experimental Fishing Rod	加工检验用的钓竿
48305	Habitat Wooden Plates	基地托盘
48306	Habitat Bunk Bed	基地双层床
48307	Stellar Woodworking Bench	特制木匠工作台
48308	Stellar Goldsmithing Bench	特制金匠工作台
48309	Stellar Leatherworking Bench	特制革匠工作台
48310	Survey Spinning Wheel	宇宙探索用的纺车
48311	Mobile Work Stairs	高空作业用的脚手架
48312	Cosmoliner Shaft Component	宇宙飞线用的长杆部件
48313	Cosmoliner Shaft	宇宙飞线用的长杆
48314	Researcher's Water-resistant Plank	研究用的防水木板
48315	Researcher's Water-resistant Resin	研究用的防水树脂
48316	Analysis and Breeding Tank	分析用的养殖水槽
48317	Habitat Hardcover Book	基地装订封面
48318	Habitat Bookshelf	基地书架
48319	Cosmotized Transport Lumber	运送资材用的宇宙木材
48320	Transport Fiberboard	运送资材用的纤维板
48321	Survey Biofuel	宇宙探索用的生物燃料
48322	Cosmotized Amber	宇宙琥珀
48323	Cosmotized Petrified Orb	宇宙硅化木宝珠
48324	Cosmotized Lovingbloom Oil	宇宙爱情花油
48325	Cosmotized Distilled Oil	宇宙蒸馏油
48326	Drone Rods	无人机用的金属杆
48327	Standard Nails	统一规格的钉子
48328	Survey Maul	宇宙探索用的锤子
48329	Standard Alloy Rivets	统一规格的合金铆钉
48330	Survey Crosscut Saw	宇宙探索用的锯子
48331	Indurate Drone Rods	无人机用的硬质金属杆
48332	Large Enrichment Oven	改良设备用的大型炉子
48333	Standard Alloy Ingot	统一规格的合金
48334	Rover Shaft	月球车用的长杆
48335	Survey Cross-pein Hammer	宇宙探索用的横头锤
48336	Habitat Shower	基地淋浴
48337	Enrichment Stove	改良设备用的炉子
48338	Habitat Ceiling Light	基地屋顶照明
48339	Survey File	宇宙探索用的锉刀
48340	Standard Fitting	统一规格的连接板
48341	Indurate Rivets	宇宙探索用的硬质铆钉
48342	Survey Raising Hammer	宇宙探索用的圆头锤
48343	Habitat Cooking Stove	基地灶台
48344	Habitat Partition	基地隔板
48345	Habitat Lighting Rod	基地备用的棒状照明
48346	Enrichment Furnace	改良设备用的熔炉
48347	Enrichment Workbench	改良设备用的工作台
48348	Enrichment Oven	改良设备用的火炉
48349	High-durability Tank	高耐久性水箱
48350	Impact-resistant Shelter Wall	耐冲击隔离墙
48351	Storage Trunk Materials	收纳箱部件
48352	Hub Storage Trunk	基地备用的收纳箱
48353	Rust-resistant Metal Ingot	防锈金属
48354	Pressure-resistant Glass	大型设备用的耐压玻璃
48355	Researcher's Cultivation Tank	研究用的养殖水槽
48356	Drone Gear	无人机用的啮合轮
48357	Reflective Drone Plating	无人机用的反光板
48358	Survey Drill	宇宙探索用的挖掘钻头
48359	Impact-resistant Plating	宇宙探索用的耐冲击板
48360	Cosmotized Ilmenite Ingot	宇宙钛铁锭
48361	Cosmotized Ilmenite Nails	宇宙钛铁钉
48362	Cosmotized Chondrite Plate	宇宙球粒陨石板
48363	Cosmotized Chondrite Gear	宇宙球粒陨石齿轮
48364	Drone Wire	无人机用的金属丝
48365	Survey Frypan	宇宙探索用的煎锅
48366	Standard Chainmail Sheet	统一规格的链条板
48367	Survey Mask	宇宙探索用的面罩
48368	Drone Wire	无人机用的金属丝
48369	Enrichment Fuel Carrier	改良设备用的燃料容器
48370	Standard Indurate Rings	统一规格的硬质金属环
48371	Rover Rings	月球车用的金属环
48372	Survey Frypan	宇宙探索用的煎锅
48373	Habitat Coffeemaker	基地咖啡机
48374	Enrichment Campfire	改良设备用的篝火炉
48375	Habitat Locker	基地储物柜
48376	Survey Alembic	宇宙探索用的蒸馏器
48377	Standard Mortar	统一规格的研钵
48378	Indurate Rivets	宇宙探索用的硬质铆钉
48379	Survey Skillet	宇宙探索用的平底锅
48380	Habitat Incensory	基地香炉
48381	Habitat Wall-mounted Clock	基地挂钟
48382	Outdoor Hub Light	基地备用的室外照明
48383	Enrichment Wall Lamp	改良设备用的壁灯
48384	Enrichment Lamp	改良设备用的照明
48385	Enrichment Lampstand	改良设备用的直立型照明
48386	High-durability Fuel Carrier	高耐久燃料容器
48387	Impact-resistant Metal Flooring	耐冲击金属地板
48388	Hub Bench Materials	基地备用椅子的部件
48389	Hub Bench	基地备用的椅子
48390	Hyper-resilient Outer Cladding Material	超硬外部材料
48391	Heat-resistant Inner Cladding Material	大型设备用的耐高温内部材料
48392	Hub Safe	基地总部用的保险箱
48393	Heat-resistant Metal Ingot	无人机用的耐高温金属
48394	Heat-resistant Drone Plating	无人机用的耐高温铁板
48395	Survey Aether Vacuum	宇宙探索用的以太吸收机
48396	Cosmotized Maraging Steel Ingot	宇宙马登时效钢锭
48397	Cosmotized Maraging Rivets	宇宙马登时效钢铆钉
48398	Cosmotized Chondrite Plate	宇宙球粒陨石板
48399	Cosmotized Chondrite Gear	宇宙球粒陨石齿轮
48400	Drone Lens	无人机用的透镜
48401	Standard Spring	统一规格的弹簧
48402	Survey Grindstone	宇宙探索用的研磨机
48403	Standard Chain	统一规格的锁链
48404	Survey Goggles	宇宙探索用的护目镜
48405	Drone Sprocket	无人机用的齿轮
48406	Enrichment Heat Dissipator	改良设备用的散热装置
48407	Rover Shaft	月球车用的长杆
48408	Survey Needle	宇宙探索用的缝针
48409	Habitat Telescope	基地望远镜
48410	Enrichment Fireplace	改良设备用的暖炉
48411	Habitat Vanity Mirror	基地化妆镜
48412	Survey Needle	宇宙探索用的缝针
48413	Standard Crank	统一规格的曲柄
48414	Indurate Spring	宇宙探索用的硬质弹簧
48415	Survey Knife	宇宙探索用的小刀
48416	Habitat Bathtub	基地浴缸
48417	Habitat Mechanical Arm	基地作业机械臂
48418	Interior Hub Light	基地备用的室内照明
48419	Enrichment Shaft	改良设备用的长杆
48420	Enrichment Spring	改良设备用的弹簧
48421	Enrichment Mechanical Arm	改良设备用的机械臂
48422	High-durability Tank Frame	高耐久的收纳罐
48423	Impact-resistant Interior Wall	耐冲击内墙
48424	Interior Hub Light Components	基地备用照明的部件
48425	Standing Hub Light	基地备用的照明
48426	Insulating Metal Ingot	宇宙探索用的保温金属
48427	Heavy-duty Gear	大型设备用的齿轮
48428	Hub Vending Machine	基地总部用的自动售货机
48429	Miniature Drone Gear	无人机用的微型齿轮
48430	Compact Drone Camera Lens	无人机用的小型镜头
48431	Survey Welder	宇宙探索用的焊机
48432	Tank Frame Component	宇宙探索用的收纳罐
48433	Cosmotized Rhodium Ingot	宇宙铑金锭
48434	Cosmotized Rhodium Shaft	宇宙铑金长杆
48435	Cosmotized Chondrite Plate	宇宙球粒陨石板
48436	Cosmotized Chondrite Gear	宇宙球粒陨石齿轮
48437	First-aid Lunatender Leather	急救用的月面仙人刺革
48438	Survey Gloves	宇宙探索用的手套
48439	Researcher's Leather	研究用的皮革
48440	Fieldwork Pouch	室外活动用的工作背包
48441	Habitat Leather Shoes	基地皮鞋
48442	Survey Leather Bag	宇宙探索用的皮包
48443	Survey Belt	宇宙探索用的腰带
48444	Heavy-duty Vellum	耐用羊皮纸
48445	Enrichment Sheep Rug	改良设备用的绵羊地毯
48446	Cosmoliner Leather Strap	宇宙飞线用的皮革细绳
48447	Standard Leather Jacket	统一规格的皮衣
48448	Heavy-duty Leather	耐用皮革
48449	Enrichment Leather	改良设备用的皮革
48450	Cosmoliner Leather	宇宙飞线用的皮革
48451	Standard Cosmotized Leather	统一规格的宇宙皮革
48452	First-aid Leather Sack	急救用的皮袋
48453	Habitat Bearskin Rug	基地熊皮地毯
48454	Transport Daphnia Leather	运送资材用的月蚤革
48455	Stable Vellum	长期保存用的羊皮纸
48456	Habitat Leather Chair	基地皮革椅子
48457	Survey Work Gloves	宇宙探索用的工作手套
48458	Habitat Lounge	基地皮革长椅
48459	Stellar Vellum	顶级羊皮纸
48460	Enrichment Arbor Flooring	改良设备用的树林地板
48461	Fieldwork Leather	室外活动用的皮革
48462	Experimental Leather Strap	加工检验用的皮革细绳
48463	Experimental Leather	加工检验用的皮革
48464	Experimental Cosmotized Leather	加工检验用的宇宙皮革
48465	Experimental Belt	加工检验用的腰带
48466	Habitat Pouch	基地工作背包
48467	Habitat Sofa	基地沙发
48468	Enrichment Fringed Rug	改良设备用的流苏地毯
48469	Enrichment Oval Rug	改良设备用的椭圆地毯
48470	Enrichment Blossom Rug	改良设备用的花簇地毯
48471	Survey Safety Boots	宇宙探索用的安全靴
48472	Survey Gatherer's Overalls	宇宙探索用的采集工作服
48473	Base Tent Component	据点用的帐篷部件
48474	Base Tent	据点用的帐篷
48475	Researcher's Leather Strap	研究用的皮革细绳
48476	Researcher's Water-resistant Leather	研究用的防水皮革
48477	Starship Leather	宇宙飞船用的大块皮革
48478	Habitat Leather	基地皮革
48479	Habitat Sofa	基地沙发
48480	Transport Cosmotized Fiber	运送资材用的宇宙纤维
48481	Thick Survey Leather	宇宙探索用的结实皮革
48482	Survey Cosmic Suit	宇宙探索用的宇航服
48483	Grey Cosmotized Leather	宇宙灰革
48484	Cosmotized Leather Strap	宇宙皮革细绳
48485	Cosmotized Leather	宇宙皮革
48486	Cosmotized Leather Strap	宇宙皮革细绳
48487	First-aid Cloth	急救用的布
48488	Survey Ushanka	宇宙探索用的毛帽
48489	Researcher's Fiber	研究用的纤维
48490	Survey String	宇宙探索用的细绳
48491	Survey Curtain	宇宙探索用的窗帘
48492	Survey Garments	宇宙探索用的衣物
48493	Survey Towels	宇宙探索用的毛巾
48494	Heavy-duty Fiber	耐用纤维
48495	Enrichment Curtain	改良设备用的窗帘
48496	Cosmoliner Aether Fiber	宇宙飞线用的以太纤维
48497	Standard Trousers	统一规格的软甲裤
48498	Heavy-duty Cotton Yarn	耐用棉线
48499	Enrichment Cloth	改良设备用的布
48500	Cosmoliner Cotton Yarn	宇宙飞线用的耐用棉线
48501	Standard Sailcloth	统一规格的帆布
48502	Work Rope	作业用的绳索
48503	Habitat Curtain	基地窗帘
48504	Transport Cloth	运送资材用的布
48505	Stable Fiber	长期保存用的纤维
48506	Habitat Woolen Yarn	基地毛线团
48507	Survey Hat	宇宙探索用的帽子
48508	Habitat Cushions	基地软垫
48509	Stellar Fiber	顶级纤维
48510	Enrichment Curtain	改良设备用的窗帘
48511	First-aid Bandaging	急救用的绷带
48512	Experimental Thread	加工检验用的线团
48513	Experimental Cloth	加工检验用的布
48514	Experimental Fiber	加工检验用的纤维
48515	Experimental Gatherer's Overalls	加工检验用的采集工作服
48516	Habitat Sewing Kit	基地裁缝套装
48517	Habitat Sofa Cushions	基地沙发软垫
48518	Enrichment Oasis Rug	改良设备用的绿洲地毯
48519	Enrichment Glade Rug	改良设备用的林间地毯
48520	Enrichment Riviera Rug	改良设备用的海滨地毯
48521	Survey Trapper's Hat	宇宙探索用的狩猎帽
48522	Survey Artisan's Garb	宇宙探索用的工匠服
48523	Cosmoliner Fiber Component	宇宙飞线用的纤维的部件
48524	Cosmoliner Fiber	宇宙飞线用的纤维
48525	Researcher's Cosmotized Thread	研究用的宇宙线
48526	Researcher's Cosmotized Cloth	研究用的宇宙布
48527	Starship Cloth	宇宙飞船用的大块布
48528	Treated Habitat Cloth	基地加工布
48529	Habitat Cushions	基地软垫
48530	Transport String	运送资材用的绳索
48531	Thick Survey Cloth	宇宙探索用的厚布
48532	Survey Crew Suit	宇宙探索用的飞船制服
48533	Cosmotized Plant Fiber	宇宙植物性纤维
48534	Cosmotized Composite Fiber	宇宙复合纤维
48535	Cosmotized Thread	宇宙线团
48536	Cosmotized Cloth	宇宙棉布
48537	Standard Mortar	统一规格的泥浆
48538	Worker's Nutrient Mixture	工作人员的营养剂
48539	Standard Glue	统一规格的黏胶
48540	Worker's Health Drink	工作人员的健康饮料
48541	Standard Paint	统一规格的染剂
48542	Enrichment Concrete	改良设备用的混凝土
48543	Habitat Candles	基地蜡烛
48544	Emergency Food	罐装应急食品
48545	Researcher's Jelly Drink	研究员的果冻饮料
48546	Enrichment Mortar	改良设备用的泥浆
48547	Habitat Beeswax	基地蜜蜡
48548	Emergency Spices	用于应急食品的防腐剂
48549	Researcher's Nutrients	研究员的营养品
48550	Stable Spices	长期保存用的调料
48551	Stable Experimental Medicine	长期保存用的实验药品
48552	Worker's Holy Water	工作人员用的圣水
48553	Enrichment Concrete	改良设备用的混凝土
48554	Worker's Nutrient Mixture	工作人员的营养剂
48555	Habitat Grass	基地草丛
48556	Habitat Houseplant	基地观赏植物
48557	Habitat Growth Formula	基地植物成长剂
48558	Habitat Culture Fluid	基地培养液
48559	Cosmotized Standard Mortar	统一规格的宇宙泥浆
48560	Cosmotized Worker's Nutrient Mixture	工作人员的宇宙营养剂
48561	Habitat Dishware	基地餐具套装
48562	Experimental Lubricant	加工检验用的润滑油
48563	Experimental Alchemic	加工检验用的炼金药
48564	Experimental Resin	加工检验用的合成树脂
48565	Bottled Stable Drinks	长期保存用的饮料
48566	Habitat Cosmetic Box	基地化妆箱
48567	Habitat Houseplant	基地观赏植物
48568	Survey Craftsman's Cunning Brew	宇宙探索用的魔匠药
48569	Survey Craftsman's Competence Brew	宇宙探索用的名匠药
48570	Survey Craftsman's Command Brew	宇宙探索用的巨匠药
48571	Survey Rust Repellent	宇宙探索用的防锈加工涂料
48572	Survey Preservative	宇宙探索用的防腐剂
48573	Survey Tincture Materials	宇宙探索用的秘药材料
48574	Survey Tincture	宇宙探索用的秘药
48575	Loporrit Concrete	面向兔兔族的混凝土
48576	Loporrit Growth Formula	面向兔兔族的植物成长剂
48577	Verdant Loporrit-sized Partition	面向兔兔族的翠绿隔离墙
48578	Worker's Nutrient Mixture	工作人员的营养剂
48579	Worker's Nutrient Jelly	工作人员的营养果冻
48580	Worker's Jelly Drink	工作人员的果冻饮料
48581	Prismatic Survey Alchemic	宇宙探索用的多色炼金药
48582	Cosmotized Red Alchemic	红色宇宙炼金药
48583	Cosmotized Yellow Alchemic	黄色宇宙炼金药
48584	Cosmotized Green Alchemic	绿色宇宙炼金药
48585	Cosmotized Blue Alchemic	蓝色宇宙炼金药
48586	Standard Adhesive	统一规格的粘合剂
48587	Lunar Broth	月面素材的高汤
48588	Researcher's Ink	研究记录用的墨水
48589	Worker's Chocolate Nutrient Bar	工作人员的能量棒
48590	Construction Paint	建材用的染剂
48591	Habitat Basket	基地野餐篮
48592	Worker's Vanilla Nutrient Bar	工作人员的能量棒
48593	Emergency Food	罐装应急食品
48594	Researcher's Archon Loaf	研究员的贤人面包
48595	Habitat Sandwich	基地三明治
48596	Worker's Oil	工作人员用的油
48597	Ready-to-eat Grilled Steak	即食烤牛排
48598	Researcher's Rye Flour	面向研究员的黑麦粉
48599	Stable Ration	长期保存用的口粮
48600	Stable Jelly Drink	长期保存用的果冻饮料
48601	Launch Party Scrambled Eggs	慰劳用的嫩炒蛋
48602	Launch Party Boiled Fish Head	慰劳用的炖鱼头
48603	Launch Party Mushroom Skewer	慰劳用的烤蘑菇串
48604	Habitat Bread Basket	基地面包篮
48605	Habitat Mushroom Salad	基地蘑菇沙拉
48606	Habitat Flour	基地小麦粉
48607	Habitat Dressing	基地调味汁
48608	Cosmotized Standard Adhesive	统一规格的宇宙粘合剂
48609	Super Jubilance Juice	超级开心汁
48610	Habitat Breakfast	基地早餐组合
48611	Experimental Flour	加工检验用的小麦粉
48612	Experimental Salt	加工检验用的盐
48613	Experimental Oil	加工检验用的油
48614	Cosmotized Stable Ration	长期保存用的宇宙口粮
48615	Launch Party Rusk	慰劳用的甜脆面包干
48616	Launch Party Grilled Banquet	慰劳用的碳烤鱼
48617	Survey Red Drop	宇宙探索用的红滴糖
48618	Survey Green Drop	宇宙探索用的绿滴糖
48619	Survey Yellow Drop	宇宙探索用的黄滴糖
48620	Cured Fish	耐储存的烟熏鱼
48621	Cured Meat	耐储存的烟熏肉
48622	Communal Meal Supplies	发放用的汤锅炖菜的素材
48623	Communal Stew	发放用的汤锅炖菜
48624	Loporrit Juice	面向兔兔族的果汁
48625	Loporrit White Drop	面向兔兔族的白滴糖
48626	Loporrit Pellets	面向兔兔族的药片
48627	Worker's Paste	工作人员用的粘合剂
48628	Worker's Vanilla Nutrient Bar	工作人员的能量棒
48629	Worker's Omni-nutritious Meal	工作人员的营养餐
48630	Balanced Survey Meal	宇宙探索用的完美食料
48631	Cosmotized Mushroom Oil	宇宙蘑菇油
48632	Cosmotized Mushroom Paste	宇宙蘑菇酱
48633	Cosmotized Yeast	宇宙发酵食品
48634	Cosmotized Cheese	宇宙奶酪
48751	Reinforcement Supplies I	强化素材组合A
48752	Reinforcement Supplies II	强化素材组合B
48753	Reinforcement Supplies III	强化素材组合C
48754	Standard Glass Ingot	统一规格的玻璃锭
48755	Intricate Cosmoliner Gear	宇宙飞线用的精密齿轮
48756	Phainoalloy Ingot	法恩娜合金
48757	Polarized Drone Lens	无人机用的偏光镜头
48758	Standard Peg	统一规格的楔子
48759	Standard Lightning Rod	统一规格的避雷针
48760	Standard Pile Driver Piece	统一规格的金属打桩工具
48761	Cosmoliner Shaft	宇宙飞线用的长杆
48762	Phainonugget	法恩娜金属块
48763	Heat-resistant Survey Container	宇宙探索用的耐热货箱
48764	Standard Lightning Magnet	统一规格的上级避雷针
48765	Enriching Oversized Frypan	改善生活用的大煎锅
48766	Silverglass Ingot	银玻璃锭
48767	Heat-resistant Drone Core	无人机用的耐热核心
48768	Coolant Drone Core	无人机用的冷却核心
48769	Survey Coolant Drone	宇宙探索用的冷却无人机
48770	Survey Four-paw Saw	宇宙探索用的双手锯
48771	Standard Lightning Rod	统一规格的避雷针
48772	Enrichment Kiln	改良设备用的熔炼窑
48773	Magnifying Drone Lens	无人机用的变焦镜头
48774	Survey Stove	宇宙探索用的暖炉
48775	Test Material Lens Part	试验用的镜头配件
48776	Enriching Bathtub	改善生活用的浴缸
48777	Specialist Alloy Ingot	特定用途的合金锭
48778	Specialist Alloy Plate	特定用途的合金板
48779	Specialist Alloy Nugget	特定用途的合金块
48780	Xenostellar Handicraft Bottle	异星的工艺瓶
48781	Delicate Survey Station Lens	探索基地用的精密透镜
48782	Intricate Survey Station Cylinder	探索基地用的精密汽缸
48783	Intricate Survey Station Piston	探索基地用的精密活塞
48784	Survey Battery Pack	宇宙探索用的能量罐
48785	Intricate Stellascope Gear	天文望远镜用的精密齿轮
48786	Delicate Stellascope Lens	天文望远镜用的精密透镜
48787	Stellascope Reflector	天文望远镜用的反射板
48788	Aethercharged Glass	以太充能玻璃
48789	Standard Silicate Alloy Nugget	统一规格的玻璃合金
48790	Enrichment Thermoconductive Plate	改良设备用的耐热板
48791	Survey Lens Component	宇宙探索用的透镜零件
48792	Standard Heavy Alloy Bar	统一规格的重合金块
48793	Standard Keraunoconductor	统一规格的导电零件
48794	Standard Multi-purpose Plating	统一规格的多用途铁板
48795	Standard Extra-thick Plating	统一规格的特厚铁板
48796	Insulated Survey Plating	宇宙探索用的绝缘板
48797	Standard Glass Fiber	统一规格的玻璃纤维
48798	Survey Tent Supplies	宇宙探索用的帐篷部件
48799	Survey Pop-up Tent	宇宙探索用的临时帐篷
48800	Enriching Bunk Bed	改善生活用的双层床
48801	Survey Pop-up Tent	宇宙探索用的临时帐篷
48802	Survey Packaging Materials	宇宙探索用的包装物资
48803	Temporary Collection Point Materials	临时集散站的建材
48804	Enriching Loft Bed	改善生活用的单人床
48805	Enriching Lounge Bench	改善生活用的谈话长椅
48806	Enriching Lace Curtains	改善生活用的时髦窗帘
48807	Enriching Colorful Sofa	改善生活用的多彩沙发
48808	High-durability Resin Fiber	高耐久树脂纤维
48809	Lightweight Resin Fiber	轻量树脂纤维
48810	Carrotinized Spice	提取自胡萝卜的特制香料
48811	Experimental Survey Yeast	宇宙探索用的实验性酵母
48812	Aquaculture Medicine	养殖水产用的药饵
48813	Experimental Survey Yeast	宇宙探索用的实验性酵母
48814	Aquaculture Medicine	养殖水产用的药饵
48815	Experimental Survey Yeast	宇宙探索用的实验性酵母
48816	Launch Party Liquor	慰劳用的蒸馏酒
48817	Innovative Survey Yeast	宇宙探索用的新型酵母
48818	Specialist Freshwater Bait Ball	特定用途的淡水饵
48819	Specialist Dunefishing Bait Ball	特定用途的沙海饵
48820	Specialist Lavafishing Bait Ball	特定用途的熔岩饵
48821	Worker's Vitamins	工作人员用的维他命补剂
48822	Worker's Skyr	工作人员用的固态北洋酸奶
48823	Survey Liquifood	宇宙探索用的液体食物
48824	Inorganic Grease	提取自类植物的润滑剂
48825	Worker's Skyr	工作人员用的特制北洋酸奶
48826	Inorganic Wood	类植物板材
48827	Habitat Charcoal	基地木炭
48828	Standard Timber Pallets	统一规格的木方货板
48829	Inorganic Wood	类植物板材
48830	Habitat Charcoal	基地木炭
48831	Standard Timber Pallets	统一规格的木方货板
48832	Survey Wood Fishing Rod	宇宙探索用的木制钓竿
48833	Habitat Recycled Lumber	基地再生木材
48834	Processed Inorganic Lumber	类植物的加工木材
48835	Survey Wood Fishing Rod	宇宙探索用的木制钓竿
48836	Habitat Charcoal	基地木炭
48837	Standard Timber Pallets	统一规格的木方货板
48838	Glass-coated Lumber	液态玻璃处理木材
48839	Planetary Trinket Box	宇宙素材的饰品盒
48840	Planetary Adornment	宇宙素材的装饰品
48841	Planetary Lamp	宇宙素材的室内灯
48842	Planetary Marble Resin	宇宙素材的树脂球
48843	Inorganic Resin	类植物提取的树脂
48844	Notebook Paper	记录用的纸箱
48845	Lightweight Specialist Lumber	特定用途的轻量木材
48846	Dense Specialist Lumber	特定用途的高密度木材
48847	High-grade Specialist Lumber	特定用途的高级木材
48848	Survey Blackboard	宇宙探索用的会议黑板
48849	Specialist Fishing Rod	特定用途的钓竿
48850	Specialist Spinning Wheel	特定用途的纺车
48851	Specialist Grinding Wheel	特定用途的砂轮机
48852	Survey Icebox Supplies	宇宙探索用的冰盒零件
48853	Survey Icebox	宇宙探索用的冰盒
48854	Purified Planetary Resin	宇宙素材的高纯度树脂
48855	Planetary Jewel Resin	宇宙素材的树脂珠宝
48856	Longilateral Xenostellar Stained Glass	异星的竖向玻璃花窗
48857	Standard Stellar Shaft	统一规格的特殊长杆
48858	Survey Pliers	宇宙探索用的手钳
48859	Survey Glass Furnace	宇宙探索用的高温炉
48860	Lightning Rod Material	避雷针用的基础材料
48861	Large Toolbox Components	大型工具箱零件
48862	Large Glassblowers' Toolbox	玻璃加工用的大型工具箱
48863	Aethercharged Sandglass	土属性高能以太充能玻璃
48864	Round Xenostellar Stained Glass	异星的圆形玻璃花窗
48865	Standard Large Gear	统一规格的大型齿轮
48866	Enriching Frypan	改善生活用的煎锅
48867	Survey Stove	宇宙探索用的暖炉
48868	Lightning Rod Stabilizer	避雷针用的稳定板
48869	Intricate Toolbox Component	精密工具箱零件
48870	Glassworker's Intricate Toolbox	玻璃加工用的精密工具箱
48871	Aethercharged Fireglass	火属性高能以太充能玻璃
48872	Oblong Xenostellar Stained Glass	异星的四边形玻璃花窗
48873	Standard Spring	统一规格的弹簧
48874	Enriching Needle	改善生活用的缝针
48875	Survey Oven	宇宙探索用的烤箱
48876	Lightning Rod Plating	避雷针用的装甲板
48877	Neo-toolbox Components	尖端工具箱零件
48878	Glassworker's Neo-toolbox	玻璃加工用的尖端工具箱
48879	Aethercharged Levinglass	雷属性高能以太充能玻璃
48880	Standard Wavekin Leather Straps	统一规格的鱼皮绳
48881	Survey Safety Boots	宇宙探索用的安全靴
48882	Standard Microfiber	统一规格的极细纤维
48883	Standard Wavekin Leather Straps	统一规格的鱼皮绳
48884	Survey Safety Boots	宇宙探索用的安全靴
48885	Standard Microfiber	统一规格的极细纤维
48886	Survey Safety Belt	宇宙探索用的安全带
48887	Habitat Recycled Leather	基地再生皮革
48888	Inorganic Quasileather	类植物的生物皮革
48889	Survey Safety Belt	宇宙探索用的安全带
48890	Survey Safety Boots	宇宙探索用的安全靴
48891	Standard Microfiber	统一规格的极细纤维
48892	Planetary Glass Leather	宇宙素材的玻璃皮革
48893	Welcoming Red Carpet	欢迎视察用的红地毯
48894	Sharlayan-style Planetary Carpeting	宇宙素材的北洋风格地毯
48895	Colorful Planetary Carpeting	宇宙素材的多彩地毯
48896	Survey Pilot Suit	宇宙探索用的驾驶服
48897	Enriching Leather Bench	改善生活用的皮质长沙发
48898	Recording Parchment	记录用的羊皮纸
48899	Lightweight Specialist Leather	特定用途的轻量化皮革
48900	Dense Specialist Leather	特定用途的高密度皮革
48901	High-grade Specialist Leather	特定用途的高级皮革
48902	Enriching Leather Mat	改善生活用的皮质地垫
48903	Survey Power Gloves	宇宙探索用的动力手套
48904	Survey Power Suit	宇宙探索用的动力服
48905	Survey Power Boots	宇宙探索用的动力鞋
48906	Heat-resistant Survey Bag Materials	宇宙探索用的耐热背包零件
48907	Heat-resistant Survey Bag	宇宙探索用的耐热背包
48908	Planetary Quasileather	宇宙素材的生物皮革
48909	High-grade Planetary Leather	宇宙素材的高级皮革
48910	Standard Coated Fiber	统一规格的涂层纤维
48911	Survey Uniform	宇宙探索用的制服
48912	Habitat Knitting Kit	基地编织套件
48913	Standard Coated Fiber	统一规格的涂层纤维
48914	Survey Uniform	宇宙探索用的制服
48915	Habitat Knitting Kit	基地编织套件
48916	Survey Station Artisan's Attire	探索基地用的工匠服
48917	Habitat Repurposed Cloth	基地再生布料
48918	Inorganic Quasifiber	类植物的生物纤维
48919	Survey Station Artisan's Attire	探索基地用的工匠服
48920	Survey Uniform	宇宙探索用的制服
48921	Habitat Knitting Kit	基地编织套件
48922	Planetary Glass Fabric	宇宙素材的玻璃织物
48923	Enriching Soap	改善生活用的肥皂
48924	Enriching Fluffy Slippers	改善生活用的毛绒绒拖鞋
48925	Planetary Handicraft Set	宇宙素材的手工艺套件
48926	Planetary Cushion Set	宇宙素材的靠垫套组
48927	Captain's Survey Suit	宇宙探索用的船长服
48928	Reinforced Survey Rope	宇宙探索用的强化绳索
48929	Survey Bandaging	宇宙探索用的绷带
48930	Lightweight Specialist Cloth	特定用途的轻量化布料
48931	Dense Specialist Cloth	特定用途的高密度布料
48932	Luxury Specialist Cloth	特定用途的高级布料
48933	Enriching Partition	改善生活用的屏风
48934	Heat-resistant Survey Gloves	宇宙探索用的耐热手套
48935	Heat-resistant Survey Suit	宇宙探索用的耐热服
48936	Heat-resistant Survey Kecks	宇宙探索用的耐热裤
48937	Dust-filtering Survey Mask Materials	宇宙探索用的防尘口罩零件
48938	Dust-filtering Survey Mask	宇宙探索用的防尘口罩
48939	Planetary Quasifiber	宇宙素材的生物纤维
48940	Planetary Quasisilk	宇宙素材的生物绢布
48941	Standard Glass	统一规格的玻璃板
48942	Carrotinized Nutrient Jelly	提取自胡萝卜的营养果冻
48943	Experimental Cultivar Juice	栽培实验植物的蔬菜汁
48944	Carrotinized Nutrient Jelly	提取自胡萝卜的营养果冻
48945	Experimental Cultivar Juice	栽培实验植物的蔬菜汁
48946	Enriching Soap	改善生活用的肥皂
48947	Quality Carrot Extract	精心制作的胡萝卜精华
48948	Experimental Cultivar Extract	栽培实验植物的提取液
48949	Inorganic Quasioil	类植物的生物油
48950	Enriching Eyeshadow Palette	改善生活用的眼影盘
48951	Enriching Cosmetics Case	改善生活用的化妆盒
48952	Habitat Cosmetics Kit	基地化妆套组
48953	Survey Glass Block	宇宙探索用的玻璃砖
48954	Worker's Potion	工作人员用的恢复药
48955	Planetary Bean	星球糖豆
48956	South Sea Bean	南洋糖豆
48957	Stargaze Bean	星空糖豆
48958	Habitat Candle	基地蜡烛
48959	Ornamental Glass Plant	观叶玻璃植物
48960	Journal Stationery Components	日志用的书写工具零件
48961	Journal Stationery Set	日志用的书写工具
48962	Worker's Energy Medicine	工作人员用的活力药剂
48963	Worker's Energy Tonic	工作人员用的活力饮料
48964	Worker's Energy Jelly	工作人员的活力果冻
48965	Survey Silicon Mortar	宇宙探索用的玻璃泥浆
48966	Survey Siliconcrete	宇宙探索用的玻璃混凝土
48967	Survey Wax	宇宙探索用的提取蜡
48968	Survey Lubricant	宇宙探索用的润滑油
48969	Weatherproof Survey Rations	宇宙探索用的全天候口粮
48970	Quasimeatballs	生物合成肉丸
48971	Weatherproof Survey Rations	宇宙探索用的全天候口粮
48972	Quasimeatballs	生物合成肉丸
48973	Inorganic Quasioil	类植物的生物油
48974	Unoxidizable Olive Oil	耐氧化橄榄油
48975	Stable Tomato Paste	长期保存用的番茄酱
48976	Launch Party Papanasi	慰劳用的奶酪甜甜圈
48977	Launch Party Phaenna Tart	慰劳用的法恩娜栗子蛋糕
48978	Launch Party Pixieberry Cheesecake	慰劳用的莓果奶酪蛋糕
48979	Cosmotized Health Rations	宇宙健康口粮
48980	Stable Luncheon Meat	长期保存用的午餐肉
48981	Launch Party Grape Jelly	慰劳用的葡萄果冻
48982	Launch Party Shaved Ice	慰劳用的冰沙
48983	Launch Party Coffee Candy	慰劳用的咖啡糖
48984	Restful Coffee Service	慰劳用的咖啡组合
48985	Cultured Cabbage	炖煮培养甘蓝
48986	Launch Party Culinary Supply Components	慰劳用的烹饪道具零件
48987	Launch Party Culinary Supplies	慰劳用的烹饪道具
48988	Emergency Vanilla Nutrient Bar	紧急工作用的营养食品
48989	All-nighter Chocolate Nutrient Bar	熬夜工作用的营养食品
48990	Worker's Supplement Tray	工作人员用的营养餐盘
48991	Cosmotized Restorative Tonic	宇宙恢复饮料
48992	Cosmotized Hearty Soup	宇宙营养汤
48993	Restful Cultured Coffee	休息用的培养咖啡
49064	Wiring Repair Tools	配线修理工具
49065	Researcher's Powder Sample	研究用的粉末样本
49066	Dust Broom	除尘工作用具
49067	Experimental Lightning Rod Materials	检验用的避雷针配件
49068	Vitreobotany Hatchet	硬化园艺工具
49069	Wide Nozzle Materials	宽口配件
49070	Upgrade Part	改装用的配件
49071	Glass Dust Tanks	玻璃雨除尘用的容器
49072	Repair Plating	修理用金属板
49073	Precision Component	替换用的精密零件
49074	Electroconductive Wire	高导电金属材料
49075	Spare Transport Part	运输器材的代用品
49076	Wiring Repair Gloves	修理配线用的手套
49077	Reinforced Lumbering Boots	采伐用的防护靴
49078	High-grade Dust-filtering Mask	高性能防尘口罩
49079	Repair Cloth	修理用的布料
49080	Hanging Tool Pouch	工具腰包
49081	Dust Filter	滤尘器
49082	Wiring Repair Rubber	修理配线用的橡胶
49083	Experimental Storage Battery	检测用的蓄电池
49084	Surface Protectant	防护涂料
49085	Cold-weather Worker's Soup	为低温工作人员准备的热汤
49086	Reconfiguration Lubricant	改装工作用的油
49087	Water Quality Inspection Sample	水质调查用的样本
49213	Fulgurpine Lumber	雷松木木材
49214	Double Duraluminum Ingot	超硬铝锭
49215	Rose Garnet	玫瑰石榴石
49216	Mastodon Leather	乳齿象革
49217	Urqopacha Linen	奥阔亚麻布
49218	Grade 4 Gemsap of Strength	4级刚力之宝水
49219	Grade 4 Gemsap of Dexterity	4级巧力之宝水
49220	Grade 4 Gemsap of Vitality	4级耐力之宝水
49221	Grade 4 Gemsap of Intelligence	4级智力之宝水
49222	Grade 4 Gemsap of Mind	4级意力之宝水
49234	Grade 4 Gemdraught of Strength	4级刚力之宝药
49235	Grade 4 Gemdraught of Dexterity	4级巧力之宝药
49236	Grade 4 Gemdraught of Vitality	4级耐力之宝药
49237	Grade 4 Gemdraught of Intelligence	4级智力之宝药
49238	Grade 4 Gemdraught of Mind	4级意力之宝药
49239	Nachos	烤干酪辣味玉米片
49240	Caramel Popcorn	焦糖爆米花
49241	Prune Ponzecake	梅干星磅蛋糕
49242	Prune-packed Fruitcake	梅干灵矿蛋糕
49243	Rroneek au Gratin	犎牛奶汁焗菜
49244	Popoto Potage	新薯浓汤
49245	Rock-fisted Popoto Stew	炖剑山芋
49246	Rock-fisted Popoto Salad	剑山芋沙拉
49247	Clam Cake	蛤蜊糕
49248	Quahog Chowder	圆蛤羹
49249	Courtly Lover's Sword	宫廷爱人之剑
49250	Courtly Lover's Baghnakhs	宫廷爱人虎爪
49251	Courtly Lover's Labrys	宫廷爱人双刃斧
49252	Courtly Lover's Partisan	宫廷爱人游击枪
49253	Courtly Lover's Longbow	宫廷爱人长弓
49254	Courtly Lover's Cane	宫廷爱人牧杖
49255	Courtly Lover's Scepter	宫廷爱人咒杖
49256	Courtly Lover's Index	宫廷爱人魔导书
49257	Courtly Lover's Codex	宫廷爱人魔导典
49258	Courtly Lover's Daggers	宫廷爱人小刀
49259	Courtly Lover's Greatsword	宫廷爱人巨剑
49260	Courtly Lover's Pistol	宫廷爱人手枪
49261	Courtly Lover's Astrometer	宫廷爱人量天仪
49262	Courtly Lover's Blade	宫廷爱人武士刀
49263	Courtly Lover's Rapier	宫廷爱人刺剑
49264	Courtly Lover's Gunblade	宫廷爱人枪刃
49265	Courtly Lover's War Quoits	宫廷爱人战轮
49266	Courtly Lover's War Scythe	宫廷爱人战镰
49267	Courtly Lover's Pendulums	宫廷爱人振空摆
49268	Courtly Lover's Twinfangs	宫廷爱人双牙
49269	Courtly Lover's Filbert Brush	宫廷爱人椭圆笔
49270	Courtly Lover's Shield	宫廷爱人之盾
49271	Courtly Lover's Hairpin of Fending	宫廷爱人御敌发夹
49272	Courtly Lover's Surcoat of Fending	宫廷爱人御敌战甲
49273	Courtly Lover's Gauntlets of Fending	宫廷爱人御敌手铠
49274	Courtly Lover's Breeches of Fending	宫廷爱人御敌马裤
49275	Courtly Lover's Boots of Fending	宫廷爱人御敌长靴
49276	Courtly Lover's Hairpin of Maiming	宫廷爱人制敌发夹
49277	Courtly Lover's Surcoat of Maiming	宫廷爱人制敌战甲
49278	Courtly Lover's Gauntlets of Maiming	宫廷爱人制敌手铠
49279	Courtly Lover's Breeches of Maiming	宫廷爱人制敌马裤
49280	Courtly Lover's Boots of Maiming	宫廷爱人制敌长靴
49281	Courtly Lover's Temple Chain of Striking	宫廷爱人强袭头链
49282	Courtly Lover's Cloak of Striking	宫廷爱人强袭斗篷
49283	Courtly Lover's Armguards of Striking	宫廷爱人强袭护臂
49284	Courtly Lover's Brais of Striking	宫廷爱人强袭衬裤
49285	Courtly Lover's Boots of Striking	宫廷爱人强袭长靴
49286	Courtly Lover's Hairpin of Aiming	宫廷爱人精准发夹
49287	Courtly Lover's Shirt of Aiming	宫廷爱人精准衬衫
49288	Courtly Lover's Halfgloves of Aiming	宫廷爱人精准半指手套
49289	Courtly Lover's Trousers of Aiming	宫廷爱人精准软甲裤
49290	Courtly Lover's Shoes of Aiming	宫廷爱人精准高跟鞋
49291	Courtly Lover's Hairpin of Scouting	宫廷爱人游击发夹
49292	Courtly Lover's Shirt of Scouting	宫廷爱人游击衬衫
49293	Courtly Lover's Halfgloves of Scouting	宫廷爱人游击半指手套
49294	Courtly Lover's Trousers of Scouting	宫廷爱人游击软甲裤
49295	Courtly Lover's Shoes of Scouting	宫廷爱人游击高跟鞋
49296	Courtly Lover's Hood of Healing	宫廷爱人治愈兜帽
49297	Courtly Lover's Longcoat of Healing	宫廷爱人治愈作战服
49298	Courtly Lover's Gloves of Healing	宫廷爱人治愈手套
49299	Courtly Lover's Pantaloons of Healing	宫廷爱人治愈喇叭裤
49300	Courtly Lover's Shoes of Healing	宫廷爱人治愈高跟鞋
49301	Courtly Lover's Hood of Casting	宫廷爱人咏咒兜帽
49302	Courtly Lover's Longcoat of Casting	宫廷爱人咏咒作战服
49303	Courtly Lover's Gloves of Casting	宫廷爱人咏咒手套
49304	Courtly Lover's Pantaloons of Casting	宫廷爱人咏咒喇叭裤
49305	Courtly Lover's Shoes of Casting	宫廷爱人咏咒高跟鞋
49306	Courtly Lover's Earrings of Fending	宫廷爱人御敌耳坠
49307	Courtly Lover's Earrings of Slaying	宫廷爱人强攻耳坠
49308	Courtly Lover's Earrings of Aiming	宫廷爱人精准耳坠
49309	Courtly Lover's Earrings of Healing	宫廷爱人治愈耳坠
49310	Courtly Lover's Earrings of Casting	宫廷爱人咏咒耳坠
49311	Courtly Lover's Choker of Fending	宫廷爱人御敌项环
49312	Courtly Lover's Choker of Slaying	宫廷爱人强攻项环
49313	Courtly Lover's Choker of Aiming	宫廷爱人精准项环
49314	Courtly Lover's Choker of Healing	宫廷爱人治愈项环
49315	Courtly Lover's Choker of Casting	宫廷爱人咏咒项环
49316	Courtly Lover's Wristlet of Fending	宫廷爱人御敌手环
49317	Courtly Lover's Wristlet of Slaying	宫廷爱人强攻手环
49318	Courtly Lover's Wristlet of Aiming	宫廷爱人精准手环
49319	Courtly Lover's Wristlet of Healing	宫廷爱人治愈手环
49320	Courtly Lover's Wristlet of Casting	宫廷爱人咏咒手环
49321	Courtly Lover's Ring of Fending	宫廷爱人御敌指环
49322	Courtly Lover's Ring of Slaying	宫廷爱人强攻指环
49323	Courtly Lover's Ring of Aiming	宫廷爱人精准指环
49324	Courtly Lover's Ring of Healing	宫廷爱人治愈指环
49325	Courtly Lover's Ring of Casting	宫廷爱人咏咒指环
49764	Red Tea Flower Corsage	红色山茶花头花
49765	Blue Tea Flower Corsage	蓝色山茶花头花
49766	Yellow Tea Flower Corsage	黄色山茶花头花
49767	Green Tea Flower Corsage	绿色山茶花头花
49768	Orange Tea Flower Corsage	橙色山茶花头花
49769	Purple Tea Flower Corsage	紫色山茶花头花
49770	White Tea Flower Corsage	白色山茶花头花
49771	Black Tea Flower Corsage	黑色山茶花头花
49772	Rainbow Tea Flower Corsage	混色山茶花头花
49843	Doom-engine Levinbox	格莱杨拉波尔引擎核心
49851	Steaming Stew Bowl	大碗浓汤
49854	Fortune-teller's Table	预言师圆桌
49856	Lakeland Planter	雷克兰德盆栽
49857	Eulmore Planter	游末邦盆栽
49858	Il Mheg Planter	伊尔美格盆栽
49859	Minishroom Lamp	小型发光蘑菇灯
49876	Oizys Essentials	俄匊斯基础素材套装
49877	Oizys Curios	俄匊斯特殊素材套装
49878	Oizys Rarities	俄匊斯特级素材套装
49879	Standard Oizys Alloy Ingot	统一规格的俄匊斯合金
49880	Standard Alloy Plating	统一规格的合金板
49881	Standard Wire	统一规格的金属丝
49882	Excavator's Spade	发掘工作用的锹
49883	Standard Magnetic Shielding	统一规格的防磁板
49884	Standard Gravity Containers	统一规格的重力货箱
49885	Indicolite Plate	靛蓝板
49886	Initiative Rust-resistant Panel	探索计划用的防锈板材
49887	Initiative Long Storage Container	探索计划用的长期保管箱
49888	Infrastructure Maintenance Part	基础设施用的维护配件
49889	Standard Rivets	统一规格的铆钉
49890	Excavator's Barrow	发掘工作用的手推车
49891	Improved Rivets	改良型铆钉
49892	Excavator's Chisel	发掘工作用的凿子
49893	Enhanced Oversized Rivets	新开发的大型铆钉
49894	Initiative Oversized Drill	探索计划用的大型钻头
49895	Oddweight Azurite Ingot	重蓝锭
49896	Makeshift Gravity Generator	临时重力控制器
49897	Initiative Powersuit Component	宇宙探索用的动力服部件
49898	Improved Portable Gravity Generator	改良型临时重力控制器
49899	Voyagers' Precision Circuit Board	先驱者文明的高精度芯片
49900	Voyagers' High-purity Crystal	先驱者文明的高纯度结晶
49901	Excavator's Multi-purpose Plating	发掘工作用的通用铁板
49902	Indicolite Ingot	靛蓝锭
49903	Standard Anchor Steel Plate	统一规格的锚铁钢板
49904	Gravity Generator Expansion Component	重力控制器的扩展部件
49905	Standard Hardened Fiber	统一规格的硬质纤维
49906	Standard Rope	统一规格的绳索
49907	Oizys Pop-up Tent	俄匊斯用的临时帐篷
49908	Standard Protective Sheeting	统一规格的防护布
49909	Survey Oilcloth	宇宙探索用的油布
49910	Enhanced Protective Sheeting	新开发的防护布
49911	Standard Rope	统一规格的绳索
49912	Enhanced Superfine Fiber	新开发的极细纤维
49913	Loporrit Dust-filtering Mask	兔兔族用的防尘口罩
49914	Oizys Twine	俄匊斯强化纤维
49915	Natural Oizys Fiber	俄匊斯天然纤维
49916	Foregone Oasis Water	先驱者绿洲的天然水
49917	Survey Refined Yeast	宇宙探索用的改良酵母
49918	Oizys Lime	俄匊斯石灰
49919	Survey Fatwood	宇宙探索用的油脂木材
49920	Enhanced Protective Plating	新开发的防护板材
49921	Leisurely Parasol Set	宇宙度假用的阳伞组合
49922	Oizys Quasicoke	俄匊斯生物焦炭
49923	Standard Cushioning Gel	统一规格的缓冲凝胶
49924	Protective Plating Pallets	护盾板材的方形货板
49925	Excavator's Dust-filtering Mask	发掘工作用的防尘面具
49926	Excavator's Scaffolding	发掘工作用的脚手架台阶
49927	Enriching Hammock	改善生活用的吊床
49928	High-purity Oizys Resin	俄匊斯高纯度树脂
49929	Oizys Scrap Wood	俄匊斯再利用材料
49930	Compressed Oizys Timber	俄匊斯压缩木材
49931	Recycled Lumber	再利用的木材
49932	Standard Protective Plating	统一规格的防护板材
49933	Standard Cushioning Pellet	统一规格的缓冲垫片
49934	Standard Cushioning Pellet	统一规格的缓冲垫片
49935	Pop-up Tent Pole	临时帐篷用的框架部件
49936	Restored Voyagers' Weapon	复原的先驱者文明武器
49937	Reproduced Voyagers' Ornament	再现的先驱者文明模型
49938	Voyagers' Goblet	先驱者文明的杯子
49939	Restored Voyagers' Armor	复原的先驱者文明防具
49940	Reproduced Voyagers' Terminal	再现的先驱者文明装置
49941	Voyagers' Decorative Plate	先驱者文明的装饰碟
49942	Restored Voyagers' Bracers	复原的先驱者文明装备
49943	Reproduced Voyagers' Displays	再现的先驱者文明显示器
49944	Voyagers' Plaque	先驱者文明的铭文板
49945	Leisurely Heat-resistant Leather Wear	宇宙度假用的皮制耐热装备
49946	Star Admiral's Trouser Fabric	宇宙探索用的提督服腿部部件
49947	Soft Standard Sheeting	统一规格的低回弹布料
49948	Improved Microfiber	改良型的极细纤维
49949	Excavator's Gloves	发掘工作用的厚实手套
49950	Enriching Mat	改善生活用的地毯
49951	Soft Survey Leather	宇宙探索用的软革
49952	Survey Cushion Leather	宇宙探索用的坐垫革
49953	Recycled Leather	再利用的皮革
49954	Standard Matting	统一规格的养生垫
49955	Standard Matting	统一规格的养生垫
49956	Pop-up Tent Canvas	临时帐篷用的强化布料
49957	Leisurely Heat-resistant Wear	宇宙度假用的布制耐热装备
49958	Star Admiral's Coat Fabric	宇宙探索用的提督服部件
49959	Plush Survey Cushions	宇宙探索用的低回弹坐垫
49960	Improved Coated Fiber	改良型涂层纤维
49961	Excavator's Fingerless Gloves	发掘工作用的半指护手
49962	Enriching Blinds	改善生活用的挂帘
49963	Recycled Survey Velvet	宇宙探索用的再生天鹅绒布
49964	Recycled Survey Silk	宇宙探索用的再生绢布
49965	Recycled Cloth	再利用的布料
49966	Standard Cushion Cloth	统一规格的坐垫布
49967	Standard Cushion Cloth	统一规格的坐垫布
49968	Insulated Pop-up Tent Canvas	临时帐篷用的隔热布
49969	Survey Desiccant	宇宙探索用的干燥剂
49970	Survey Exothermic Agent	宇宙探索用的发热剂
49971	Cosmic Tool-compatible Aetherial Mass	宇宙工具用的强化以太块
49972	Survey Happiness Powder	宇宙探索用的开心粉
49973	Refined Experimental Cultivar Juice	栽培实验植物的改良蔬菜汁
49974	Survey Aetheric Stimulant	宇宙探索用的以太活性剂
49975	Survey Aqua Regia	宇宙探索用的王水
49976	Cosmic Tool-compatible Synthetic Earth Cluster	宇宙工具用的人造土之晶簇
49977	Cosmic Tool-compatible Synthetic Earth Crystal	宇宙工具用的人造土之水晶
49978	Survey Hi-Ether	宇宙探索用的高级以太药
49979	Survey Ferrofluid	宇宙探索用的磁性流体
49980	Tempered Survey Glass	宇宙探索用的强化玻璃板
49981	Recycled Survey Fuel	宇宙探索用的再生燃料
49982	Survey Preservatives	宇宙探索用的天然防腐剂
49983	Tempered Survey Glass	宇宙探索用的强化玻璃板
49984	Recycled Survey Fuel	宇宙探索用的再生燃料
49985	Survey Antioxidant	宇宙探索用的抗氧化剂
49986	Stable Dried Fruit	长期保存用的果干
49987	Survey Self-heating Box Lunch	宇宙探索用的自热盒饭
49988	Pure Cosmic Tool-compatible Gel	宇宙工具用的高纯度凝胶
49989	Survey Red Carrot Jam	宇宙探索用的红胡萝卜酱
49990	Refined Quasimeatballs	改良型生物合成肉丸
49991	Survey Aether Amplifier	宇宙探索用的以太增幅剂
49992	Survey Lubricant	宇宙探索用的润滑剂
49993	Cosmic Tool-compatible Repair Oil	宇宙工具用的保养油
49994	Cosmic Tool-compatible Polish	宇宙工具用的研磨剂
49995	Survey Dried Ether	宇宙探索用的干燥以太药
49996	Survey Ferrofluid	宇宙探索用的磁性流体
49997	Microelastic Survey Putty	宇宙探索用的微弹性油灰
49998	Recycled Survey Fertilizer	宇宙探索用的再生肥料
49999	Stable Fruitcake	长期保存用的灵矿蛋糕
50000	Microelastic Survey Putty	宇宙探索用的微弹性油灰
50001	Recycled Survey Fertilizer	宇宙探索用的再生肥料
50002	Launch Party Wine	慰劳用的红酒
50003	Hydrophytic Flora Biofuel	喜湿植物提取的燃料
50004	Relic Restoration Brush	修补遗迹碎片用的毛刷
50005	Portable Gravity Generator	便携式重力控制器
50006	Astrodrill Replacement Bit	宇宙钻头用的替换钻头
50007	Rover Chain	月球车用的锁链
50008	Rover Repair Component	月球车用的修理零件
50009	Portable Beacon	简易指示灯
50010	Wrought Metallic Coral	锻造出来的金属珊瑚
50011	Sturdy Leather Band	固定备用品用的皮带
50012	Mechanic's Gloves	修理车辆用的手套
50013	Rover Protective Covering	月球车用的保护罩
50014	Emergency Bandaging	急救用的绷带
50015	Ruin Remedy	清洗遗迹碎片用的药剂
50016	Emergency Salve	急救用的软膏
50017	Hydrophytic Flora Preservatives	喜湿植物提取的防腐剂
50018	Pananoodles	宇宙杯面
50055	Aspected Aether Agglomerate	附加属性用的部件
50056	Aspected Aetheroconductor	附加属性用的金属材料
50057	Aspected Aetherocatalyst	附加属性用的合成树脂
50252	Herald of Legend	神话传令官战冠
50253	Chiton of Legend	神话传令官长衣
50254	Wristwraps of Legend	神话传令官护腕
50255	Loincloth of Legend	神话传令官腰布裙
50256	Caligae of Legend	神话传令官战靴
50449	Runaway Barding	狂奔装甲
51199	Red Cornflower Wristlets	红色矢车菊手链
51200	Blue Cornflower Wristlets	蓝色矢车菊手链
51201	Yellow Cornflower Wristlets	黄色矢车菊手链
51202	Green Cornflower Wristlets	绿色矢车菊手链
51203	Orange Cornflower Wristlets	橙色矢车菊手链
51204	Purple Cornflower Wristlets	紫色矢车菊手链
51205	White Cornflower Wristlets	白色矢车菊手链
51206	Black Cornflower Wristlets	黑色矢车菊手链
51207	Rainbow Cornflower Wristlets	混色矢车菊手链
51251	Lattice Window Seat	格子窗长椅
51252	Rod of Nihility Display	恩欧之杖展示台
51255	Everkeep Platform Bed	永护矮床
51256	Everkeep Sofa	永护沙发
51257	Curved Everkeep Sofa	永护圆沙发
51258	Everkeep Dining Table	永护餐桌
51259	Everkeep Round Table	永护圆桌
51260	Everkeep Sideboard	永护边柜
51261	Everkeep Chest	永护储物柜
51265	Everkeep Rug	永护地毯
51266	Everkeep Kitchen Counter	永护厨台
51267	Everkeep Partition	永护隔离墙
51271	Semicircular Outdoor Stage	半圆花园舞台
52022	Aunt Tii's Billboard	缇姨家的塔可饼分店广告招牌
52023	Trusty Taco Tin	夹饼配送工具
52024	Neomasher	创新夹饼的烹调工具
52025	Aunt Tii's Tunic Supplies	缇姨家的塔可饼促销文化衫必需品
52026	Shaco Packaging	跳跳夹饼的容器
52254	Standard Spectrum Dye	通用染剂
52285	Barding of Naught	虚王装甲
52451	Standard Treated Platinum Ingot	统一规格的加工白金锭
52452	Survey Lens	探索用的观测透镜
52453	High-durability Heavy Machinery Part	重机用的高耐久零件
52454	Survey Chainsaw	探索用的链锯
52455	Ruins Barrow	城市遗迹用的手推车
52456	Exploration Scaffolding Panel	探索施工用的脚手架材料
52457	High-durability Wire	高耐久的长金属丝
52458	Exploration Exhaust Pipe	探索施工用的排气管
52459	Voyager Relic Restoration Component	先驱者遗物的修复零件
52460	Survey Aetheric Magnifying Glass	探索用的以太放大镜
52461	Ruins Aetheric Gauge	城市遗迹用的观测机
52462	Standard High-durability Plating	统一规格的高耐久合金板
52463	Survey Precision Lens	探索用的高度观测透镜
52464	Standard Auxesian Alloy Ingot	统一规格的奥克塞西亚合金
52465	Standard Treated Bronze Ingot	统一规格的加工铜锭
52466	Heavy Machinery Alloy Plating	重机用的合金板
52467	Ruins Rivet	城市遗迹用的铆钉
52468	Standard Treated Silver Ingot	统一规格的加工银锭
52469	Standard Treated Gold Ingot	统一规格的加工金锭
52470	Exploration Steel Beam	探索施工用的钢梁
52471	Heavy Machinery Gear	重机用的齿轮
52472	Standard Hand Axe	统一规格的短斧
52473	Standard Vehicle Track Material	统一规格的履带材料
52474	Survey Ruby Scythe	探索用的红宝石镰刀
52475	Standard Axe Head	统一规格的斧头
52476	Standard Treated Ruby Gold Ingot	统一规格的加工红宝石金锭
52477	Survey Formula Compounds	宇宙探索用的成长剂球
52478	Flareproof Compact Parasol	应对环境用的折叠阳伞
52479	Botanic Garden Sheet	庭院工作用的园艺布
52480	Survey Processed Oilcloth	宇宙探索用的加工油布
52481	Archaeological Extraction Fiber	研究文明用的提取纤维
52482	Standard Reinforced Rope	统一规格的强化绳索
52483	Hyperconductive Survey Resin	宇宙探索用的高传导树脂
52484	Superior Freight Component	搬运用的上级捆包物资
52485	Flareproof Parasol	应对环境用的阳伞
52486	Standard Reinforced Fiber	统一规格的强化纤维
52487	Hyperconductive Survey Resin	宇宙探索用的高传导树脂
52488	Superior Freight Component	搬运用的上级捆包物资
52489	Standard High-density Bonded Fabric	统一规格的高密度纤维布
52490	Standard Flareproof Cloth	统一规格的全天候布料
52491	Finest Launch Party Liquor	慰劳用的高级酿造酒
52492	All-purpose Cosmic Yeast	宇宙万能酵母
52493	Mineralized Plant Fiber	矿质植物的提取纤维
52494	Potable Survey Water	宇宙探索用的长期储存水
52495	Survey Supply Jelly	宇宙探索用的补给果冻
52496	Survey Supply Jelly	宇宙探索用的补给果冻
52497	Survey Nutrient Mixture	宇宙探索用的营养剂
52498	Habitat Bunk Bed	基地双层床
52499	Botanic Planks	庭院工作用的板材
52500	Survey Fishing Equipment	宇宙探索用的加工钓具
52501	Superior Freight Component	搬运用的上级捆包物资
52502	Processed Survey Fuel	宇宙探索用的加工燃料
52503	Purified Biofuel	高纯度生物燃料
52504	Archaeological Extraction Resin	研究文明用的提取树脂
52505	Purified Jewel Resin	高纯度树脂珠宝
52506	Standard Reinforced Lumber	统一规格的强化木材
52507	Standard High-density Plywood	统一规格的高密度合板
52508	Standard Resin Pole	统一规格的树脂球
52509	Habitat Sofa	基地沙发
52510	Survey Boots	宇宙探索用的加工短靴
52511	Superior Freight Component	搬运用的上级捆包物资
52512	Survey Operator Suit	宇宙探索用的操作员服装
52513	Thick Standard Cloth	统一规格的厚布
52514	Habitat Cushion	基地坐垫
52515	Survey Jacket	宇宙探索用的加工短衣
52516	Superior Freight Component	搬运用的上级捆包物资
52517	Survey Explorer Suit	宇宙探索用的探索者服装
52518	Standard Lightweight Cloth	统一规格的轻量化布料
52519	Auxesian Botanical Juice	植物星球的蔬菜汁
52520	Survey Inextinguishable Candle	宇宙探索用的防风蜡烛
52521	Stripped Survey Wood	宇宙探索用的去皮木料
52522	Survey Bricks	宇宙探索用的泥岩砖块
52523	Simplified Survey Exothermic Agent	宇宙探索用的简易发热剂
52524	Survey Concrete	宇宙探索用的混凝土
52525	Survey Mortar	宇宙探索用的泥浆
52526	Survey Carrot Tea	宇宙探索用的胡萝卜茶
52527	Survey Preservative	宇宙探索用的防腐剂
52528	Survey Carrot Tea	宇宙探索用的胡萝卜茶
52529	Survey Growth Formula	宇宙探索用的连续炼金药剂
52530	Auxesian Soup	植物星球的清汤
52531	Survey Coffee Service	宇宙探索用的咖啡组合
52532	Survey Spice	宇宙探索用的提取香料
52533	Superior Survey Lubricant	宇宙探索用的上级润滑油
52534	Survey Self-heating Box Lunch	宇宙探索用的自热盒饭
52535	Survey Adhesive	宇宙探索用的强力粘合剂
52536	Survey Curing Agent	宇宙探索用的硬化剂
52537	Survey Carrot Pellets	宇宙探索用的胡萝卜营养浓缩片
52538	Survey Luncheon Coffer	宇宙探索用的午餐盒
52539	Survey Carrot Pellets	宇宙探索用的胡萝卜营养浓缩片
52540	Survey Sandwich	宇宙探索用的三明治
52541	Heavy Machinery Biofuel	重机用的生物燃料
52542	Regrowth Formula Compounds	植物再生用的营养球
52543	Auxesian Biocoke	奥克塞西亚生物焦炭
52544	Survey Boring Drill	宇宙探索用的挖掘钻头
52545	Arched Voyager Window	先驱者文明的纵向树脂玻璃
52546	Reproduced Voyagers' Ornament	再现的先驱者文明模型
52547	Survey Sublimator Diffuser	宇宙探索用的成长剂喷洒器
52548	Round Voyager Window	先驱者文明的圆形树脂玻璃
52549	Reproduced Voyagers' Terminal	再现的先驱者文明装置
52550	Survey Welder	宇宙探索用的焊机
52551	Rectangular Voyager Window	先驱者文明的方形树脂玻璃
52552	Reproduced Voyagers' Displays	再现的先驱者文明显示器
52553	Survey Cosmic Suit	宇宙探索用的宇航服
52554	Survey Pilot Suit	宇宙探索用的驾驶服
52555	Initiative Powersuit Component	宇宙探索用的动力服部件
52556	Survey Crew Suit	宇宙探索用的飞船制服
52557	Captain's Survey Suit	宇宙探索用的船长服
52558	Star Admiral's Coat Fabric	宇宙探索用的提督服部件
52559	Master Survey Formula	宇宙探索用的关键成长剂
52560	Survey Glass Block	宇宙探索用的玻璃砖
52561	Cosmic Tool-compatible Aetheric Resin	宇宙工具用的以太透镜
52562	Pananoodles	宇宙杯面
52563	Cosmotized Rations	特制宇宙口粮
52564	Pure Cosmic Tool-compatible Gel	宇宙工具用的高纯度凝胶
52565	High Burn Combustibles	高火力助燃材料
52566	Wakening Incense	醒酒薰香
52567	High-powered Flamethrower Parts	高火力火焰放射器零件
52568	Boring Drill Replacement Bits	采掘钻头用的替换钻头
52569	Machina Repair Plating	修复工程车用的金属板
52570	Spore Collection Tank	采集孢子用的容器
52571	Precision Machina Replacement Part	工程车的替换用的精密零件
52572	Replacement Drone Circuit Board	无人机线路的替换件
52573	Floraproof Work Gloves	防刺工作手套
52574	Spore-filtering Mask	应对孢子用的防尘口罩
52575	Incineration Mask	焚烧工作用的口罩
52576	Precision Tool Pouch	精密作业用的工具包
52577	Controlled Firelighter	焚烧工作用的引燃剂
52578	Sobering Tonic	醒酒饮料
52579	Luminous Pondwater Sample	发光水池的水质样本
52580	Drill Lubricant	钻头用的润滑油
52612	Plain Hooded Tunic	素色卫衣
52613	Oversized Plain Hooded Tunic	大码素色卫衣
52614	Form-fitting Plain Hooded Tunic	紧身素色卫衣
52615	Succubus Hooded Tunic	梦魔卫衣
52616	Oversized Succubus Hooded Tunic	大码梦魔卫衣
52617	Form-fitting Succubus Hooded Tunic	紧身梦魔卫衣
52618	Festival Hooded Tunic	欢庆卫衣
52619	Oversized Festival Hooded Tunic	大码欢庆卫衣
52620	Form-fitting Festival Hooded Tunic	紧身欢庆卫衣
52621	Straight-cut Twill Trousers	直筒斜纹裤
52622	Bell-bottom Twill Trousers	喇叭斜纹裤
52623	Baggy Twill Trousers	宽松斜纹裤
52624	Worn Twill Trousers	破损的直筒斜纹裤
52625	Worn Bell-bottom Twill Trousers	破损的喇叭斜纹裤
52626	Worn Baggy Twill Trousers	破损的宽松斜纹裤
52627	Stonewashed Twill Trousers	水洗直筒斜纹裤
52628	Stonewashed Bell-bottom Twill Trousers	水洗喇叭斜纹裤
52629	Stonewashed Baggy Twill Trousers	水洗宽松斜纹裤
